Date,Open,High,Low,Close,Volume,Dividends,Stock Splits
2018-07-09,1013.1042862175364,1030.3105406708867,1004.451950255329,1023.6246337890625,1221862,0.0,0
2018-07-10,1027.4592073311076,1029.4256364360476,1016.6438472539381,1021.0191040039062,336269,0.0,0
2018-07-11,1010.7937139037408,1024.5095081589607,998.2085203055517,1008.778076171875,139819,0.0,0
2018-07-12,1007.7949207090322,1032.8668919071595,1007.7949207090322,1025.148681640625,249829,0.0,0
2018-07-13,1026.9674752038968,1041.1257870424647,999.191667473394,1017.8727416992188,171676,0.0,0
2018-07-16,1017.6269884330784,1017.8727920534728,1000.9614909682039,1005.2876586914062,123918,0.0,0
2018-07-17,1005.287607438709,1022.2479963705839,967.6796554357267,1017.0861206054688,207463,0.0,0
2018-07-18,1022.543070732459,1022.543070732459,994.0298504908808,999.5358276367188,72488,0.0,0
2018-07-19,994.2756501237873,1002.7804794418378,965.0250191312704,976.8727416992188,86703,0.0,0
2018-07-20,960.748066918494,968.6629315939055,943.8859143403414,948.4578857421875,90859,0.0,0
2018-07-23,958.6341343929893,960.1581048609199,925.696448749743,934.0537719726562,71292,0.0,0
2018-07-24,927.4171159043999,938.9698867624722,924.2216686457841,929.9734497070312,59016,0.0,0
2018-07-25,926.1880684795434,935.9710648568026,924.221639459417,930.8583374023438,66954,0.0,0
2018-07-26,929.1377193701408,963.6485249424853,915.4710135677373,958.4375,92091,0.0,0
2018-07-27,963.5501946841348,963.5993434062235,941.9194760279604,955.9794311523438,32501,0.0,0
2018-07-30,953.7180403526397,1015.6605522518319,950.9159031043168,980.0681762695312,114013,0.0,0
2018-07-31,966.5981358965873,997.913553240422,966.5981358965873,991.27685546875,32170,0.0,0
2018-08-01,982.7228853416967,991.0802085286946,978.3967175700495,982.9686889648438,19116,0.0,0
2018-08-02,975.3487866801147,982.8211928963876,956.176103877431,958.2900390625,16905,0.0,0
2018-08-03,963.5502192644378,979.2816514156939,960.6497244594196,966.15576171875,28114,0.0,0
2018-08-06,954.7012355334953,987.147312539268,954.7012355334953,975.2012329101562,46310,0.0,0
2018-08-07,983.2145000635692,990.0970015640142,965.5166390624249,973.2840576171875,30497,0.0,0
2018-08-08,977.2660736734445,977.3643711201294,956.9135213256266,966.15576171875,27031,0.0,0
2018-08-09,967.4830442226623,977.2168915376988,959.8631320349331,963.5010375976562,16651,0.0,0
2018-08-10,968.4662208939677,975.2504245166715,953.8163017716175,955.9302368164062,12768,0.0,0
2018-08-13,950.7683827550809,962.5178075534083,943.8858815355509,946.39306640625,8846,0.0,0
2018-08-14,947.5729559383905,975.7420748195736,944.4266575974768,952.0465698242188,19533,0.0,0
2018-08-16,947.8679544198704,962.4687261779,943.9350963049511,952.4890747070312,10254,0.0,0
2018-08-17,952.4890367712645,982.2312750807672,949.0969347801168,961.8787231445312,297459,0.0,0
2018-08-20,963.5502106060791,981.2480716172112,963.5010618831783,974.6605224609375,24167,0.0,0
2018-08-21,974.8571941038626,1007.6965829927112,972.399157810106,995.1113891601562,97605,0.0,0
2018-08-23,995.0129794428348,1080.4051266486658,988.1304785968863,1069.049072265625,268534,0.0,0
2018-08-24,1069.7373648633609,1096.038352464551,1042.4039540393983,1051.400390625,169131,0.0,0
2018-08-27,1061.8716991918188,1081.5359899175933,1052.0395538289317,1054.7926025390625,81673,0.0,0
2018-08-28,1061.7734298452256,1123.8142447228647,1052.285385314651,1092.5479736328125,224603,0.0,0
2018-08-29,1098.2506865397588,1129.7135531192328,1093.334613636716,1099.1846923828125,68384,0.0,0
2018-08-30,1107.0994589039385,1130.6966054525128,1092.4004510415734,1125.338134765625,76327,0.0,0
2018-08-31,1122.8309559235145,1150.4592592935544,1122.4868548537174,1131.827392578125,80144,0.0,0
2018-09-03,1143.7242634241322,1158.9148793914578,1130.696671341287,1132.6138916015625,83900,0.0,0
2018-09-04,1133.0564101379114,1155.3262424951108,1116.4400611374185,1132.6138916015625,86739,0.0,0
2018-09-05,1131.6799119853351,1131.6799119853351,1066.7877536959936,1106.9029541015625,320809,0.0,0
2018-09-06,1106.3621676160656,1115.8993007014117,1054.2025879549924,1087.0911865234375,89091,0.0,0
2018-09-07,1076.619806760092,1093.7768506492582,1043.1905159565822,1071.3104248046875,51356,0.0,0
2018-09-10,1071.7038111437682,1071.7530198775708,1012.6126433592759,1016.643798828125,84119,0.0,0
2018-09-11,1017.8727591450887,1025.099361346786,1005.5825785227138,1019.3967895507812,33900,0.0,0
2018-09-12,1019.5934130622612,1032.375201268442,976.6760771195562,1000.37158203125,77150,0.0,0
2018-09-14,1003.2720770328776,1042.2073463448992,1003.2720770328776,1036.062255859375,47942,0.0,0
2018-09-17,1032.3752128719852,1032.3752128719852,1008.0406542828599,1012.7601318359375,20012,0.0,0
2018-09-18,1010.793701960676,1030.4087829792904,988.1305600135372,994.4231567382812,16680,0.0,0
2018-09-19,1003.8128705254013,1003.8128705254013,963.5502241567223,972.0550537109375,33084,0.0,0
2018-09-21,983.116199242696,997.9627141384262,934.152069299108,969.3511962890625,41820,0.0,0
2018-09-24,968.4662268079028,983.3127408998869,919.4038020749999,962.6160888671875,36881,0.0,0
2018-09-25,965.8115680924247,967.4338959826216,938.969824890868,964.28759765625,14643,0.0,0
2018-09-26,964.5334310202213,973.3332128568377,798.5668343004215,835.634033203125,731357,0.0,0
2018-09-27,888.8259171326564,928.1544975367563,860.312696339684,876.634033203125,135320,0.0,0
2018-09-28,879.9769912862835,886.3187369127675,841.0417204805588,863.2131958007812,42916,0.0,0
2018-10-01,860.3126851221928,884.8930475542554,817.0512472417624,880.41943359375,32066,0.0,0
2018-10-03,896.5933556333799,899.6412966779733,875.1592308296887,881.5009765625,43080,0.0,0
2018-10-04,870.1448543025933,870.1448543025933,811.6435900867692,817.8378295898438,88203,0.0,0
2018-10-05,825.7035479891313,825.7035479891313,798.3701961334896,801.860595703125,34010,0.0,0
2018-10-08,802.0080476659084,811.1519301490958,742.326917894021,774.4288940429688,35009,0.0,0
2018-10-09,784.6051317936417,784.6051317936417,748.8161017777429,766.1698608398438,156162,0.0,0
2018-10-10,757.0751262595263,791.5367807189506,757.0751262595263,782.1470947265625,43958,0.0,0
2018-10-11,766.9073097679549,783.6219562628975,747.2430197739047,775.3137817382812,22265,0.0,0
2018-10-12,779.1483261394865,800.3365861667087,777.6735044205061,791.7334594726562,49932,0.0,0
2018-10-15,796.3546050442324,796.3546050442324,761.0080313779703,766.8090209960938,66775,0.0,0
2018-10-16,772.9541332911507,799.3534196403245,764.0068449862017,793.3558349609375,49173,0.0,0
2018-10-17,798.7142939159302,815.9697568065832,781.3605935878703,797.3378295898438,46582,0.0,0
2018-10-19,787.5548122102102,787.5548122102102,744.2933743359914,755.20703125,22292,0.0,0
2018-10-22,761.9912146745463,771.1350972485111,743.4576459089798,748.3737182617188,8635,0.0,0
2018-10-23,738.3941163104506,749.1111787538381,680.3844587041702,735.0020141601562,84451,0.0,0
2018-10-24,747.2429666529666,751.0775269334707,718.6805994692161,732.1014404296875,11235,0.0,0
2018-10-25,721.679467522666,731.4133154076824,712.8305367219793,714.1087036132812,19050,0.0,0
2018-10-26,707.9144210618858,717.6482683557464,671.2405331951152,681.9083862304688,30137,0.0,0
2018-10-29,693.1661920076415,764.6458950153817,683.3340474401572,736.5751342773438,22019,0.0,0
2018-10-30,741.3437427093029,761.4996402232827,727.5787395290241,733.084716796875,12706,0.0,0
2018-10-31,742.3269253697284,756.0919279593658,727.6770057522119,748.963623046875,13461,0.0,0
2018-11-01,740.4588328495884,763.9576839403012,737.4108918342675,740.7538452148438,12780,0.0,0
2018-11-02,754.1255435062031,813.1184152276792,746.2106785523689,803.0404663085938,184988,0.0,0
2018-11-05,806.235895557431,815.9205344449276,788.636331881856,800.1399536132812,8906,0.0,0
2018-11-06,794.6339211905852,806.23583956265,783.1303002581107,788.6854858398438,8228,0.0,0
2018-11-07,807.1699241077998,812.1842938568007,798.7142437331682,809.9229125976562,3721,0.0,0
2018-11-09,804.9085459186871,815.0847916289752,791.8317455233584,813.6591186523438,17639,0.0,0
2018-11-12,806.2358791393623,825.4085616310911,806.2358791393623,815.9697265625,48058,0.0,0
2018-11-13,806.2358963879517,838.6328264217685,784.5560284933084,801.1231689453125,57243,0.0,0
2018-11-14,807.5631386372994,807.5631386372994,749.209386903107,755.0103759765625,37545,0.0,0
2018-11-15,770.7909587696678,770.7909587696678,723.6458151934542,725.8088989257812,17142,0.0,0
2018-11-16,738.3941182496204,738.3941182496204,708.9959795507339,718.2382202148438,412840,0.0,0
2018-11-19,732.4948002293664,732.4948002293664,717.7465827750839,718.139892578125,18537,0.0,0
2018-11-20,718.1398394471199,722.5643043560641,709.0942547422602,710.6182250976562,32971,0.0,0
2018-11-21,712.8796406631993,722.7117853796373,709.0942889516303,714.4528198242188,17381,0.0,0
2018-11-22,712.8796464209262,717.5499151989546,699.9012032882753,703.9815673828125,67748,0.0,0
2018-11-26,703.9815783390783,708.455192288684,688.2501464208866,699.4096069335938,10120,0.0,0
2018-11-27,702.9983722510287,707.3736888077283,689.2333691580016,690.7081909179688,37714,0.0,0
2018-11-28,690.2165552223441,702.9000458396638,689.6266505469264,692.5762939453125,19975,0.0,0
2018-11-29,700.9827994161453,701.1794543209795,689.2333739774522,696.017578125,15820,0.0,0
2018-11-30,696.2141472990273,717.3532585587656,696.1158498555673,702.01513671875,25497,0.0,0
2018-12-03,706.3413207769993,711.3556907225455,695.1326514731716,702.94921875,13979,0.0,0
2018-12-04,715.6818471413312,715.6818471413312,696.4599559643409,707.9144287109375,10304,0.0,0
2018-12-05,707.3736453288371,707.3736453288371,688.3484097882604,694.3952026367188,8169,0.0,0
2018-12-06,693.1662127538635,693.1662127538635,670.6505770161803,673.9935302734375,81442,0.0,0
2018-12-07,687.070321700095,687.070321700095,655.2633547265847,659.4420166015625,18863,0.0,0
2018-12-10,648.9215673159247,668.4383510559389,647.6925491960083,663.9155883789062,10440,0.0,0
2018-12-11,658.6554397666248,671.6338235957847,625.6193954461335,638.0079345703125,41385,0.0,0
2018-12-12,638.0079187624077,686.2837271400628,635.0582752360177,674.5343017578125,87341,0.0,0
2018-12-13,688.2501271140615,697.0990573198137,670.6505641450282,676.4024047851562,11197,0.0,0
2018-12-14,670.6013799230495,688.5450430014668,660.621789614591,671.387939453125,16338,0.0,0
2018-12-17,679.5486818082052,686.2836766941397,667.8975547290012,670.3555908203125,10470,0.0,0
2018-12-18,677.4347801236361,677.4347801236361,666.1769622689436,673.0103149414062,121093,0.0,0
2018-12-19,673.4036268027223,685.054694480696,671.6337927158885,675.1734008789062,13247,0.0,0
2018-12-20,675.1734200908473,677.7297538280031,658.7537256726961,662.2932739257812,19742,0.0,0
2018-12-21,673.501955850674,673.501955850674,650.7405153822624,658.311279296875,59120,0.0,0
2018-12-24,658.7537085645591,663.1290250489463,653.9359335573643,659.7860717773438,4804,0.0,0
2018-12-26,666.7669602964284,666.7669602964284,652.6086470012917,658.311279296875,24264,0.0,0
2018-12-27,663.6697789411229,668.5367026554877,649.9047761186403,657.6229858398438,7266,0.0,0
2018-12-28,656.738149089373,667.4060026019872,656.738149089373,663.47314453125,5108,0.0,0
2018-12-31,663.6697395917474,727.4803800397161,663.3256385458473,713.961181640625,45887,0.0,0
2019-01-01,726.497157503215,729.5450981949193,691.1505871721002,722.4659423828125,21696,0.0,0
2019-01-02,721.5811367268177,722.6626486593268,702.9983588998894,711.4539794921875,8853,0.0,0
2019-01-03,709.9791412865887,718.7297740307575,707.0787066228904,709.340087890625,5731,0.0,0
2019-01-04,712.8305183215793,717.0091799807058,707.9144457814305,709.8317260742188,4952,0.0,0
2019-01-07,710.3724736799476,722.662654885483,710.3724736799476,717.9432373046875,5283,0.0,0
2019-01-08,722.6626445945553,729.5451459716463,708.8976418403734,724.4815673828125,6286,0.0,0
2019-01-09,733.8221158891529,734.3629318710656,713.9120223233438,718.7297973632812,6929,0.0,0
2019-01-10,722.6626298475618,725.8089281292998,705.9479839871419,707.7669067382812,5431,0.0,0
2019-01-11,717.4024655484973,719.7621442816488,705.4072369537001,717.7957153320312,4377,0.0,0
2019-01-14,708.8976337868737,717.009153174865,708.8976337868737,714.8460693359375,2444,0.0,0
2019-01-15,717.4024858481595,729.5451609513783,715.7801579145598,723.0559692382812,5438,0.0,0
2019-01-16,713.8137488505805,725.6614719361214,709.8808907301916,711.1590576171875,5297,0.0,0
2019-01-17,717.7465866667279,717.7465866667279,703.9324349117793,704.9156494140625,3696,0.0,0
2019-01-18,699.1637670930435,713.8136863122508,696.0175288809012,709.9791259765625,43686,0.0,0
2019-01-21,698.2789444062248,717.7465793508718,676.5007193983732,696.2633666992188,32674,0.0,0
2019-01-22,711.8472933048627,711.8472933048627,672.4695648417168,679.892822265625,7992,0.0,0
2019-01-23,690.2166003854087,698.2298228129476,680.7777648972196,693.0187377929688,103728,0.0,0
2019-01-24,689.3316560895963,693.0187104332733,657.770494911981,660.769287109375,9667,0.0,0
2019-01-25,673.452814416406,673.452814416406,637.1230249864229,647.6434326171875,12825,0.0,0
2019-01-28,653.8376596683481,657.7705177716164,622.4239435663625,632.6985473632812,131221,0.0,0
2019-01-29,624.390353551392,655.9023661394365,624.390353551392,645.3820190429688,14546,0.0,0
2019-01-30,648.2824366830148,656.7872658513676,636.7788753944365,644.0546264648438,11493,0.0,0
2019-01-31,647.0042637458677,654.6733245358273,616.5246154696152,637.172119140625,75244,0.0,0
2019-02-01,648.6757725703808,648.9707249210677,633.1901440474804,638.0570678710938,6772,0.0,0
2019-02-04,641.252505299902,641.5966063687089,620.4083460148638,626.4551391601562,43220,0.0,0
2019-02-05,627.8315697640083,636.1397437987489,592.8783083626671,606.643310546875,24788,0.0,0
2019-02-06,616.4263018157139,626.7500533797025,596.4178520638815,602.317138671875,10951,0.0,0
2019-02-07,597.8927137811,619.3268379016431,597.8927137811,613.2308959960938,13040,0.0,0
2019-02-08,612.7884344980259,625.3244193192852,593.861555454164,609.4946899414062,71893,0.0,0
2019-02-11,611.6085850478145,611.6085850478145,570.608527234282,578.0809936523438,119170,0.0,0
2019-02-12,585.9466772938305,598.7776141667015,570.2643944444776,594.156494140625,11721,0.0,0
2019-02-14,580.0965579874821,586.0941424641093,570.8051689125016,580.293212890625,5821,0.0,0
2019-02-15,589.0438093587295,590.7644348108831,569.2320723017526,570.9526977539062,12352,0.0,0
2019-02-18,571.7884130671405,574.1973007315871,558.7116714738431,560.6781005859375,5428,0.0,0
2019-02-19,565.1025381529612,573.2140578393672,555.7620003322511,563.5294189453125,12585,0.0,0
2019-02-20,564.9058543031798,584.7176496172502,563.0377828411497,582.751220703125,18646,0.0,0
2019-02-21,584.9634406525295,619.4250946293841,580.0473684729312,602.71044921875,14140,0.0,0
2019-02-22,603.3987626067425,619.2284923661028,603.3987626067425,609.05224609375,5628,0.0,0
2019-02-25,611.5594373726824,611.5594373726824,592.583408954728,597.9910888671875,8637,0.0,0
2019-02-26,589.9287452601455,604.6769638916493,585.0126723829777,595.1397705078125,11024,0.0,0
2019-02-27,591.8951245008376,606.6433418887322,589.928695515785,589.9778442382812,5672,0.0,0
2019-02-28,603.6936817045649,609.5929684964661,599.7608238432974,605.6109619140625,16226,0.0,0
2019-03-01,604.6277829280261,619.670953127971,589.9778625308946,593.6649169921875,141394,0.0,0
2019-03-05,591.8951805219631,652.8053361010637,591.8951805219631,622.5223388671875,36780,0.0,0
2019-03-06,627.2908258144856,651.2320739239924,624.3411824329129,637.172119140625,47505,0.0,0
2019-03-07,638.1062012698244,642.9731249765547,634.173343326713,638.6961059570312,29102,0.0,0
2019-03-08,643.5630401844231,648.8724224986787,632.2069246901746,632.7476806640625,5912,0.0,0
2019-03-11,632.206910983776,640.9575438647942,628.5690054036679,634.7632446289062,33324,0.0,0
2019-03-12,644.0054838849569,644.0054838849569,627.7332962561004,633.780029296875,24591,0.0,0
2019-03-13,631.272834870907,637.0246754940817,620.5066244835117,622.9646606445312,7730,0.0,0
2019-03-14,623.357948813002,628.7164794602904,610.5761612190446,615.1481323242188,4823,0.0,0
2019-03-15,614.509057514849,620.8999517130034,604.8735674951462,607.724853515625,10814,0.0,0
2019-03-18,610.5761834536189,611.5102491985522,592.4358645517802,606.3975219726562,8533,0.0,0
2019-03-19,595.434672198024,612.0018723903595,584.0785568204705,589.1912841796875,21293,0.0,0
2019-03-20,595.8279349395041,595.8279349395041,584.9634276659211,588.1588745117188,33603,0.0,0
2019-03-22,594.8447390601305,594.8447390601305,587.962237947038,592.2391967773438,42416,0.0,0
2019-03-25,588.1589049740936,592.1409115552746,580.4406354173368,587.8639526367188,7249,0.0,0
2019-03-26,586.9790498933916,592.8783368269935,581.2272691373897,587.224853515625,8621,0.0,0
2019-03-27,587.224802473708,590.469398003037,580.0964980485354,581.8662719726562,11316,0.0,0
2019-03-28,589.3878995541562,589.3878995541562,578.1300823764982,579.654052734375,24907,0.0,0
2019-04-01,575.1805012507796,587.9622901674636,571.8375478375397,581.6205444335938,51868,0.0,0
2019-04-02,585.9467247784772,588.9455171625665,574.3939537823835,577.6385498046875,111950,0.0,0
2019-04-03,582.9479109902438,585.9958519879337,569.2812052030431,570.2152709960938,22458,0.0,0
2019-04-04,571.2475770076824,643.513836749618,564.4633735174464,591.5017700195312,2056479,0.0,0
2019-04-05,591.7968449633488,614.5090764237083,577.1469245771468,592.8783569335938,285470,0.0,0
2019-04-08,595.6313547021484,599.2201117676025,581.3747439111085,584.9635009765625,87925,0.0,0
2019-04-09,586.7823693426079,586.7823693426079,574.1480877163712,575.6720581054688,44127,0.0,0
2019-04-10,578.1301089493993,585.0126102464159,571.5425599915535,575.2296142578125,42399,0.0,0
2019-04-11,575.2787429549835,588.9454476304667,567.4130274607535,569.7727661132812,38262,0.0,0
2019-04-12,570.7068755053782,578.1301330690151,565.5941480407328,567.6588745117188,38048,0.0,0
2019-04-15,573.0174083645942,576.163706820351,565.3483471360099,570.2152709960938,29813,0.0,0
2019-04-16,575.2296173050286,586.9790422978781,570.2643962022936,578.9658203125,38008,0.0,0
2019-04-18,579.2116295745793,584.9634703228402,566.184037637863,567.3147583007812,24331,0.0,0
2019-04-22,566.1349149021523,566.1349149021523,552.5665663775737,561.3171997070312,30483,0.0,0
2019-04-23,564.3651063846261,568.2979642688395,555.6144735879916,558.072509765625,25542,0.0,0
2019-04-24,559.0065454043333,566.4790109882233,555.5161462222342,558.5640869140625,20372,0.0,0
2019-04-25,564.2667798596613,568.2487862600664,558.465790775168,559.7439575195312,21837,0.0,0
2019-04-26,559.7440006249866,563.1852513613205,555.5161902939063,556.843505859375,13497,0.0,0
2019-04-30,552.7140562120753,556.4994080398885,539.7847615086552,541.6528930664062,23009,0.0,0
2019-05-02,540.7679990648783,547.011387413457,530.9358536273351,532.9022827148438,13300,0.0,0
2019-05-03,540.669684596102,540.669684596102,526.0197643510369,530.5917358398438,36541,0.0,0
2019-05-06,526.068926564044,539.7847813715164,526.068926564044,529.559326171875,12819,0.0,0
2019-05-07,537.5233785569594,537.5233785569594,521.1036844230099,521.7427978515625,9045,0.0,0
2019-05-08,521.2511967373933,528.9694066404328,508.5185568244943,511.5664978027344,14878,0.0,0
2019-05-09,511.61564060512364,521.2019819713993,502.52093649372597,504.0940856933594,13566,0.0,0
2019-05-10,502.52093342751954,507.63363078847544,498.8830278008974,500.8494567871094,15934,0.0,0
2019-05-13,494.5568918807217,500.8986373870877,479.9561506024624,484.9705505371094,54023,0.0,0
2019-05-14,484.9705393534587,495.4909462285373,479.2679074057658,489.64080810546875,12540,0.0,0
2019-05-15,478.8254621657429,496.08086466260414,478.8254621657429,487.52691650390625,56416,0.0,0
2019-05-16,493.57369815845,493.57369815845,469.97654924250816,472.5820617675781,20480,0.0,0
2019-05-17,472.92616860553534,487.1336299555863,472.92616860553534,479.66119384765625,20136,0.0,0
2019-05-20,487.1827817047474,496.5233193963621,480.79188749469523,483.39739990234375,24493,0.0,0
2019-05-21,476.8590405694475,489.1492220274229,476.8590405694475,478.6288146972656,10261,0.0,0
2019-05-22,481.7259789490821,487.67441495190917,474.89262585034703,477.20318603515625,13903,0.0,0
2019-05-23,490.3782515433067,496.03173514505914,468.9933353105911,473.4669494628906,20226,0.0,0
2019-05-24,480.7919060538592,495.2451716735597,467.22355751704646,487.5760803222656,181772,0.0,0
2019-05-27,492.1972013979729,514.9094631195107,490.82070705234287,507.68280029296875,327542,0.0,0
2019-05-28,515.2044214378836,519.1372796167988,511.2715632589685,514.761962890625,244488,0.0,0
2019-05-29,518.1540351543872,539.2439979232375,511.51733736066404,515.4501953125,258272,0.0,0
2019-05-30,522.0868597633173,522.0868597633173,506.4045776797853,512.4022216796875,56651,0.0,0
2019-05-31,518.1540261726738,520.8087172462764,498.5388854757719,505.7163391113281,60719,0.0,0
2019-06-03,511.27153469558175,511.27153469558175,497.89981163324774,498.8830261230469,26557,0.0,0
2019-06-04,497.50653297725034,504.88064166762456,479.80867212035207,482.1192321777344,81302,0.0,0
2019-06-06,481.7750814294755,508.1252167381826,475.87579471809414,477.0556640625,177078,0.0,0
2019-06-07,477.1048357256366,486.6911770926123,446.37938262635555,450.459716796875,557949,0.0,0
2019-06-10,454.146767259792,468.94416334823467,454.146767259792,463.8805847167969,57799,0.0,0
2019-06-11,470.8122372943957,472.8278148801359,465.10957557918056,467.4201354980469,97223,0.0,0
2019-06-12,476.12162577000834,484.72475271990527,468.747516955811,473.8110656738281,230557,0.0,0
2019-06-13,474.0076871762439,478.8254319276339,462.1599351797686,470.7630615234375,213907,0.0,0
2019-06-14,467.3709867785209,471.5004693943767,464.1755398709228,467.4201354980469,19258,0.0,0
2019-06-17,467.0268953324384,470.3206699637429,453.2618921015876,459.8985900878906,13757,0.0,0
2019-06-18,457.19473181099727,462.11080419606174,452.524463045186,456.2115173339844,13523,0.0,0
2019-06-19,458.1779644177017,462.06167375770735,434.6299647593397,441.0700378417969,27873,0.0,0
2019-06-20,437.5304466156948,449.5748240787111,418.6035677452406,443.9704895019531,31497,0.0,0
2019-06-21,447.3626106663754,457.09642850178733,440.4801089638158,448.3458251953125,95657,0.0,0
2019-06-24,447.4609104381053,464.3721812864095,443.97048107311883,451.3937683105469,37901,0.0,0
2019-06-25,446.3793820288644,457.1455927825717,444.4129530331425,449.8697814941406,21554,0.0,0
2019-06-26,447.36260857457756,471.9429716830708,447.36260857457756,464.6180114746094,59918,0.0,0
2019-06-27,469.63241195758,470.02569176659216,462.60243410351217,465.109619140625,11310,0.0,0
2019-06-28,467.026900641844,475.18756921935,462.1108280035088,466.28948974609375,20929,0.0,0
2019-07-01,467.96094753147366,468.0100962537401,461.6192020822079,462.1108093261719,26840,0.0,0
2019-07-02,468.99331291943116,475.38420712063936,459.1611679944955,464.8638000488281,21167,0.0,0
2019-07-03,460.1443867802626,471.8938120773161,460.1443867802626,469.8782043457031,14308,0.0,0
2019-07-04,464.56885139897184,485.70796315575046,464.56885139897184,468.9933166503906,12417,0.0,0
2019-07-05,464.56884554599196,474.54846659739644,460.1443803503159,462.1108093261719,19238,0.0,0
2019-07-08,468.0101195096193,468.0101195096193,445.29785770882245,452.7702941894531,658395,0.0,0
2019-07-09,449.3290471837695,459.1611926363684,449.3290471837695,457.39141845703125,11832,0.0,0
2019-07-10,462.061651925255,462.061651925255,450.3122270130681,451.98370361328125,34921,0.0,0
2019-07-11,449.42736681164644,455.1299990726999,444.85542525688317,448.149169921875,5599,0.0,0
2019-07-12,443.8230139385937,450.3122355612842,433.7942441629129,444.5604248046875,22719,0.0,0
2019-07-15,444.90458129354954,453.95016710319544,437.530472211336,438.1695556640625,10309,0.0,0
2019-07-16,435.6131614566023,446.67432430822345,435.56401273494714,437.87457275390625,22813,0.0,0
2019-07-17,437.92370599226103,440.67672443007865,432.6143540122661,437.6287536621094,10615,0.0,0
2019-07-18,437.137172627878,438.7594705515413,430.3529985800789,432.9093322753906,21602,0.0,0
2019-07-19,432.90934609743323,438.5136809275617,428.68153561528453,430.8937683105469,20084,0.0,0
2019-07-22,428.77984170497234,428.87816915426106,418.9476968825943,423.4704895019531,14179,0.0,0
2019-07-23,420.81579994229224,441.46330414506826,420.81579994229224,425.633544921875,30009,0.0,0
2019-07-24,423.9621148687451,435.416558075463,423.9621148687451,427.0592346191406,48034,0.0,0
2019-07-25,427.6983015311508,432.6143739625433,424.79780679449925,425.73187255859375,45826,0.0,0
2019-07-26,417.9644857244622,430.89375026765185,417.9644857244622,427.4033508300781,28197,0.0,0
2019-07-29,432.61436980845644,434.5807987621312,417.96448010464405,420.91412353515625,225467,0.0,0
2019-07-30,429.6647528834597,429.6647528834597,395.98965497440133,415.40814208984375,44788,0.0,0
2019-07-31,415.40814187427384,420.81582182766675,398.20188747711455,415.0148620605469,17250,0.0,0
2019-08-01,407.05080071966586,417.76783270856305,404.10115723619003,412.1143493652344,13220,0.0,0
2019-08-02,404.59276711354954,416.78462092343955,404.3469634883287,415.1623229980469,10422,0.0,0
2019-08-05,399.18508575276064,413.93330320668036,397.2186567589047,413.1958923339844,12190,0.0,0
2019-08-06,410.98364672002424,425.7318637075849,409.0172177883495,415.8013916015625,25035,0.0,0
2019-08-07,424.74867087307666,427.69831442080635,417.9644967143635,422.9297180175781,41260,0.0,0
2019-08-08,426.89949838749806,431.21663299152704,424.9642520387728,426.9987487792969,36116,4.0,0
2019-08-09,429.72796143269744,442.6297247089678,406.90176486698834,437.9156188964844,20299,0.0,0
2019-08-13,444.61459375559485,445.06120535071597,426.3536432837403,430.0256652832031,25273,0.0,0
2019-08-14,436.675063834724,436.675063834724,424.76574391195885,428.1400451660156,53036,0.0,0
2019-08-16,435.68261597844804,437.7171126626497,428.239291104101,429.0332336425781,59324,0.0,0
2019-08-19,421.78840937389214,436.67505911650005,421.78840937389214,435.28564453125,13794,0.0,0
2019-08-20,428.73550726296895,434.4916663105094,421.8380141864287,423.2770690917969,462341,0.0,0
2019-08-21,421.78841844872983,426.65138474521586,404.9168817107806,406.0085754394531,13130,0.0,0
2019-08-22,404.9664957776248,407.24913364874544,378.41863623560295,391.1715393066406,33324,0.0,0
2019-08-23,383.0831206473449,395.78638299962057,382.0906773296057,392.1639709472656,12573,0.0,0
2019-08-26,415.8337627012214,415.8337627012214,391.51890068169894,408.2415771484375,17286,0.0,0
2019-08-27,408.88665883228947,436.67507253933826,401.5425841242486,431.5639953613281,13042,0.0,0
2019-08-28,422.7808413783482,463.2725154800798,422.7808413783482,434.1939392089844,26570,0.0,0
2019-08-29,442.1335108905829,446.00403388475684,426.7506390189689,430.52191162109375,13901,0.0,0
2019-08-30,428.7355280472051,442.62973497466083,428.7355280472051,437.5682678222656,10028,0.0,0
2019-09-03,428.78511595452136,431.7624458566344,415.337521344764,418.7118225097656,8070,0.0,0
2019-09-04,414.94057316077493,428.73552975044436,414.94057316077493,418.81109619140625,2321,0.0,0
2019-09-05,417.0743001617809,430.07531355318804,414.8413027189159,417.4216613769531,9741,0.0,0
2019-09-06,416.82619516658934,442.6297215340449,416.82619516658934,441.2899169921875,13029,0.0,0
2019-09-09,459.5012697528919,459.5012697528919,437.6675161145256,445.5078125,9207,0.0,0
2019-09-11,442.62971084817633,466.34909960977734,441.0914358512706,459.3523864746094,16534,0.0,0
2019-09-12,465.45591280054197,466.3987460606601,453.69545350927575,455.72998046875,10493,0.0,0
2019-09-13,460.4937159855103,462.4786026923444,442.7785960696225,447.3438415527344,5938,0.0,0
2019-09-16,440.6944418848916,485.30478100628903,440.6944418848916,473.19696044921875,32157,0.0,0
2019-09-17,473.19697220031446,481.3350196997151,451.5617195121038,453.0503845214844,18568,0.0,0
2019-09-18,456.52392348174885,460.3944463408313,444.1183820827883,445.309326171875,9066,0.0,0
2019-09-19,444.6146015035092,444.6146015035092,418.71182513530886,427.8423156738281,7098,0.0,0
2019-09-20,421.78841323102796,495.129968909571,421.78841323102796,488.33172607421875,128445,0.0,0
2019-09-23,488.6790993215752,503.2183883368907,466.44837434629426,484.2131042480469,26468,0.0,0
2019-09-24,477.365248323461,482.32746504200014,466.44837154267503,467.3912048339844,15754,0.0,0
2019-09-25,464.4634697305566,465.3566626534144,446.59949012553517,450.5196533203125,12047,0.0,0
2019-09-26,450.5196555697713,476.3727918457819,450.5196555697713,461.7342529296875,445747,0.0,0
2019-09-27,469.8723020877809,473.2962133704681,451.56171071435716,455.87884521484375,15157,0.0,0
2019-09-30,455.13452041223707,463.4710383857653,443.47331120231684,448.4851379394531,11221,0.0,0
2019-10-01,461.4365298964827,461.4365298964827,428.7355106607006,444.2672424316406,17067,0.0,0
2019-10-03,448.9813572788742,448.9813572788742,432.70529269366193,440.396728515625,5762,0.0,0
2019-10-04,444.0687840769929,445.607059137402,425.11311024783026,439.1065673828125,11771,0.0,0
2019-10-07,452.5541489096992,452.5541489096992,422.78084963932423,440.74407958984375,18574,0.0,0
2019-10-09,444.36650323517944,446.301779853168,431.71285071424467,440.793701171875,7381,0.0,0
2019-10-10,441.7365184990529,441.7365184990529,424.6168715891032,437.468994140625,9018,0.0,0
2019-10-11,438.3126000710654,448.8821157056635,435.98035213797425,441.7365417480469,9477,0.0,0
2019-10-14,442.53046672632803,451.1150953170155,437.6675005553288,445.309326171875,15113,0.0,0
2019-10-15,447.69120429966796,459.5012741879252,434.7398003215426,445.65667724609375,631887,0.0,0
2019-10-16,450.4204060388945,452.0579314565909,440.69444334799977,444.0191345214844,6468,0.0,0
2019-10-17,441.686886966343,476.37279307705256,438.65994695845257,468.3836364746094,19480,0.0,0
2019-10-18,469.22718365535815,495.1299600376261,453.5465915121745,489.0760498046875,134638,0.0,0
2019-10-22,488.629463123808,491.2594318023263,465.35665570444684,476.0254211425781,47983,0.0,0
2019-10-23,476.27355383254167,484.163490517291,460.3448503060836,474.6856384277344,12349,0.0,0
2019-10-24,476.37278284595004,488.43096285434495,451.5617004060568,460.3944396972656,17681,0.0,0
2019-10-25,460.49369160651645,470.17001379005853,453.0007567996882,459.7493591308594,11943,0.0,0
2019-10-29,468.73096479842184,522.6206246006102,459.5012540986989,488.82794189453125,134997,0.0,0
2019-10-30,493.9390605339928,504.26046517292195,486.34684478260493,495.1299743652344,27018,0.0,0
2019-10-31,495.229223897458,500.538801794233,482.87329226859634,488.4806213378906,16792,0.0,0
2019-11-01,489.27454969907063,492.1030191776451,476.37278672526145,479.3005065917969,6376,0.0,0
2019-11-04,480.9876363372271,482.6748020516644,472.7007287756658,474.5863952636719,11083,0.0,0
2019-11-05,475.03300067912596,491.2594554153914,475.03300067912596,481.33502197265625,156033,0.0,0
2019-11-06,481.3350130539759,489.22494960954424,481.2357626639941,483.12139892578125,6543,0.0,0
2019-11-07,481.83121935563025,484.6596888016198,461.6846325972563,467.29193115234375,11476,0.0,0
2019-11-08,471.3113226368183,481.23575575314203,458.508809974154,475.9261779785156,17560,0.0,0
2019-11-11,478.30808229828295,483.3199090763825,473.3954756251221,476.12469482421875,11954,0.0,0
2019-11-13,467.44079220199063,467.44079220199063,441.7365169047521,446.45062255859375,45122,0.0,0
2019-11-14,446.5994932904882,455.531483156298,442.62972001679503,445.06121826171875,22256,0.0,0
2019-11-15,451.5617038661119,452.55414717131214,441.6372708141094,444.5153503417969,17624,0.0,0
2019-11-18,445.80553769283875,446.5002298232076,433.69771744792735,435.2359924316406,22332,0.0,0
2019-11-19,442.6297305088052,449.5768339024412,432.70529708932526,439.5035400390625,16458,0.0,0
2019-11-20,439.50351686584736,447.64153366855635,431.712830984933,434.1939392089844,13292,0.0,0
2019-11-21,434.69017662864155,439.8508940367363,433.25112169168244,436.4765625,6525,0.0,0
2019-11-22,437.6179091195986,448.7828968535914,430.86927613931573,444.2176513671875,19917,0.0,0
2019-11-25,443.62217258653783,465.9521477167327,441.98464713438364,457.2186584472656,26698,0.0,0
2019-11-26,456.4246891931241,465.3070692628841,442.7289831203547,447.5919494628906,29430,0.0,0
2019-11-27,444.61460896701664,463.86800338721287,444.61460896701664,452.1075439453125,11975,0.0,0
2019-11-28,451.1150953170155,456.17656226518466,443.62216042682985,445.309326171875,10215,0.0,0
2019-11-29,447.3934522554179,453.4970031173717,436.67507613773336,441.0914611816406,260313,0.0,0
2019-12-02,436.7246604305087,446.00401130848707,431.71283389888276,431.8616943359375,16231,0.0,0
2019-12-03,433.49924335681914,438.3622400035426,426.9987515262329,427.7926940917969,8450,0.0,0
2019-12-04,427.7926945386043,427.7926945386043,421.78842437696625,422.5823669433594,10253,0.0,0
2019-12-05,422.8800964875102,426.5521185279366,417.8186295965249,418.7118225097656,6512,0.0,0
2019-12-06,417.8186312840864,424.07101198899056,410.8715281510968,414.9405517578125,6065,0.0,0
2019-12-09,415.3375450633833,425.7085902627877,409.87910659779527,411.5166320800781,53094,0.0,0
2019-12-10,411.5166075376458,413.7496049585763,406.9017522584493,407.8941955566406,10707,0.0,0
2019-12-11,408.0926978542388,416.7765767458249,406.9017537771777,407.2491149902344,37310,0.0,0
2019-12-12,411.2685080260698,416.72694631627024,407.05062389273314,413.1541442871094,5523,0.0,0
2019-12-13,416.8261954618298,426.70101863577173,407.447593949152,411.7151184082031,37922,0.0,0
2019-12-16,410.4745614599442,413.2533906293142,406.90175946577824,407.7949523925781,5674,0.0,0
2019-12-17,407.8942157422605,411.96323952360353,407.8942157422605,409.28363037109375,4852,0.0,0
2019-12-18,410.7722822821431,418.06674670942186,408.3904243820228,409.87908935546875,4721,0.0,0
2019-12-19,407.8941910229962,423.82289366713724,407.8941910229962,413.9977111816406,12354,0.0,0
2019-12-20,414.8412954198721,461.4861300723457,413.89846217913157,420.6470947265625,433736,0.0,0
2019-12-23,416.28036213444835,424.7657403943622,408.88664729550754,414.4443359375,41183,0.0,0
2019-12-24,414.34507697395946,420.7959584118774,407.0010026251076,409.97833251953125,27506,0.0,0
2019-12-26,411.8639742615559,417.81863413039764,408.1919218943169,413.6503601074219,37899,0.0,0
2019-12-27,416.627684171459,417.8186282432332,409.8790818633143,414.1465759277344,23300,0.0,0
2019-12-30,418.4141003856319,418.4141003856319,410.0279424049214,415.18865966796875,24609,0.0,0
2019-12-31,416.62769445855366,416.8261952377392,410.07759276296247,414.84130859375,42423,0.0,0
2020-01-01,413.1541459861396,415.78414503907953,407.89420845419346,411.4670104980469,36499,0.0,0
2020-01-02,416.8261963975319,426.70101959364104,411.96323016362066,421.4906921386719,287410,0.0,0
2020-01-03,419.50579465598963,450.5692578038947,418.860682281984,437.468994140625,214619,0.0,0
2020-01-06,432.1098135482098,445.16043709075603,424.2695174124835,440.4959716796875,50589,0.0,0
2020-01-07,440.4959686688301,448.58437557816706,436.8735566490987,439.7019958496094,20902,0.0,0
2020-01-08,436.87356698540077,442.530475807229,431.81209993336824,436.22845458984375,11478,0.0,0
2020-01-09,440.59521610671044,450.56925917858655,439.65238285487635,442.03424072265625,21792,0.0,0
2020-01-10,442.62972477451524,476.32318791193603,442.62972477451524,459.1539001464844,123891,0.0,0
2020-01-13,464.1657495284604,474.38790353589076,462.92519538741465,466.547607421875,58571,0.0,0
2020-01-14,470.2692610476275,474.2390342247108,463.4710184244791,465.2077941894531,22430,0.0,0
2020-01-15,468.036271228956,486.29722208241253,454.78714697809295,460.9403076171875,104621,0.0,0
2020-01-16,466.0513953417733,500.93577244738236,460.493706618297,496.817138671875,206754,0.0,0
2020-01-17,503.16877312691474,520.0403098984286,483.2206559455549,492.4007568359375,348140,0.0,0
2020-01-20,488.77835096422547,500.19144951465915,482.52596996007924,486.6942138671875,31436,0.0,0
2020-01-21,486.29723713016244,488.2821238123264,476.3728037193428,481.9801025390625,19703,0.0,0
2020-01-22,488.18286625925407,489.22494992428324,478.45693377411567,481.03729248046875,12505,0.0,0
2020-01-23,486.89270197327494,488.28211657279604,475.97582538323275,479.9952087402344,24187,0.0,0
2020-01-24,480.3425624980029,496.1224050846556,480.3425624980029,485.3047790527344,24358,0.0,0
2020-01-27,476.72016877099634,497.16450781870986,476.3728075414372,487.33929443359375,179303,0.0,0
2020-01-28,493.2443361135025,495.22922277794316,476.372799465757,481.83123779296875,23016,0.0,0
2020-01-29,481.8312305679041,487.98439125019013,477.4148456909606,481.93048095703125,14517,0.0,0
2020-01-30,484.80857340126965,484.80857340126965,464.51309490765783,467.3912048339844,13138,0.0,0
2020-01-31,472.25416068673195,492.1526371719626,454.5390413370539,470.86474609375,39285,0.0,0
2020-02-03,452.65339162678447,452.65339162678447,438.75918553607744,445.0115661621094,22038,0.0,0
2020-02-04,453.05037828717883,461.4861465575863,445.0612216282267,460.841064453125,17683,0.0,0
2020-02-05,460.8410620358081,478.35768058920195,447.9392988663898,452.7526550292969,51576,0.0,0
2020-02-06,456.52391595098874,460.7914100070486,441.7365169047521,446.45062255859375,46578,0.0,0
2020-02-07,448.5843670326973,458.5087999316508,425.60931092901313,431.0677490234375,47970,0.0,0
2020-02-10,436.57581867092534,436.57581867092534,404.9168822213095,418.91033935546875,102857,0.0,0
2020-02-11,418.9103335904757,427.49496229536896,413.8488665749712,417.3224182128906,17654,0.0,0
2020-02-12,417.42167428503126,421.689168526352,414.9405659384571,417.8682556152344,9046,0.0,0
2020-02-13,416.8758157772146,436.6750726639226,395.33981332028793,429.4798583984375,133309,0.0,0
2020-02-14,432.0105612196883,436.0795848527107,416.87580072497036,419.90277099609375,38484,0.0,0
2020-02-17,419.80351214329625,419.80351214329625,403.92441948539374,406.05816650390625,36967,0.0,0
2020-02-18,404.9168718039484,404.9168718039484,382.6365073068123,398.0193786621094,70456,0.0,0
2020-02-19,399.9546478431401,405.8596975625584,396.9773179584517,401.24481201171875,18166,0.0,0
2020-02-20,404.81763459676756,409.87910171652,397.02694827672354,399.508056640625,16452,0.0,0
2020-02-24,388.04534005037783,398.96221662468514,387.0528967254408,394.0,24068,0.0,0
2020-02-25,398.0,399.70001220703125,394.6000061035156,396.29998779296875,6649,3.0,0
2020-02-26,398.0,398.0,388.0,389.1499938964844,7612,0.0,0
2020-02-27,397.75,398.0,376.1499938964844,378.54998779296875,190088,0.0,0
2020-02-28,378.0,381.0,363.25,376.6499938964844,38854,0.0,0
2020-03-02,380.0,395.0,360.1499938964844,384.8500061035156,19709,0.0,0
2020-03-03,394.0,394.0,378.0,381.0,10860,0.0,0
2020-03-04,381.04998779296875,388.6499938964844,359.54998779296875,364.29998779296875,25457,0.0,0
2020-03-05,364.95001220703125,370.95001220703125,355.8500061035156,357.1000061035156,16581,0.0,0
2020-03-06,350.0,360.0,341.29998779296875,358.70001220703125,13549,0.0,0
2020-03-09,358.70001220703125,362.1000061035156,340.0,344.20001220703125,26356,0.0,0
2020-03-11,344.25,350.0,330.20001220703125,334.04998779296875,12929,0.0,0
2020-03-12,327.45001220703125,331.0,274.45001220703125,289.25,69313,0.0,0
2020-03-13,275.0,275.0,231.39999389648438,232.8000030517578,1268903,0.0,0
2020-03-16,232.0,232.0,210.14999389648438,220.25,89342,0.0,0
2020-03-17,220.0500030517578,232.1999969482422,211.85000610351562,213.3000030517578,41038,0.0,0
2020-03-18,222.35000610351562,222.35000610351562,195.0,202.75,56774,0.0,0
2020-03-19,199.0,199.89999389648438,182.5,182.5,119473,0.0,0
2020-03-20,182.5,188.5,166.25,182.8000030517578,101790,0.0,0
2020-03-23,175.0,185.0,164.5500030517578,164.5500030517578,29273,0.0,0
2020-03-24,157.0500030517578,164.5500030517578,148.10000610351562,148.64999389648438,90070,0.0,0
2020-03-25,143.0,145.89999389648438,141.25,141.25,34635,0.0,0
2020-03-26,144.0,148.3000030517578,135.0,148.3000030517578,74915,0.0,0
2020-03-27,155.6999969482422,155.6999969482422,140.89999389648438,141.39999389648438,118840,0.0,0
2020-03-30,148.39999389648438,148.39999389648438,134.35000610351562,134.35000610351562,45183,0.0,0
2020-03-31,134.35000610351562,138.0,127.6500015258789,127.6500015258789,235792,0.0,0
2020-04-01,128.0,132.0,123.94999694824219,125.0,92754,0.0,0
2020-04-03,125.55000305175781,127.80000305175781,120.0,124.80000305175781,77987,0.0,0
2020-04-07,131.0,131.0,126.94999694824219,129.10000610351562,222708,0.0,0
2020-04-08,127.25,135.5500030517578,125.0,126.69999694824219,192534,0.0,0
2020-04-09,129.6999969482422,133.0,128.3000030517578,132.9499969482422,356723,0.0,0
2020-04-13,139.0,139.5500030517578,129.5500030517578,130.64999389648438,554008,0.0,0
2020-04-15,131.5,137.14999389648438,128.3000030517578,137.0500030517578,467449,0.0,0
2020-04-16,141.10000610351562,143.89999389648438,137.14999389648438,143.89999389648438,595613,0.0,0
2020-04-17,151.0500030517578,151.0500030517578,139.3000030517578,150.64999389648438,740974,0.0,0
2020-04-20,156.39999389648438,158.14999389648438,151.9499969482422,157.8000030517578,493616,0.0,0
2020-04-21,154.25,154.25,149.9499969482422,149.9499969482422,61148,0.0,0
2020-04-22,142.5,147.0500030517578,142.5,143.0,248443,0.0,0
2020-04-23,143.0,149.39999389648438,136.0,145.10000610351562,922286,0.0,0
2020-04-24,140.5,147.3000030517578,137.85000610351562,137.85000610351562,166078,0.0,0
2020-04-27,142.0,144.6999969482422,132.0500030517578,142.4499969482422,151352,0.0,0
2020-04-28,142.3000030517578,147.5,140.5500030517578,145.1999969482422,122350,0.0,0
2020-04-29,146.0,152.4499969482422,143.1999969482422,152.4499969482422,170176,0.0,0
2020-04-30,159.0,160.0500030517578,157.75,160.0500030517578,128965,0.0,0
2020-05-04,159.0,159.0,152.0500030517578,152.0500030517578,113805,0.0,0
2020-05-05,150.0,152.0,144.4499969482422,148.1999969482422,292708,0.0,0
2020-05-06,150.75,154.0,144.0,151.0,97318,0.0,0
2020-05-07,154.0,158.5500030517578,147.0,151.4499969482422,273726,0.0,0
2020-05-08,154.89999389648438,157.0,144.4499969482422,145.85000610351562,128465,0.0,0
2020-05-11,146.5,151.0,138.60000610351562,140.8000030517578,344348,0.0,0
2020-05-12,141.89999389648438,141.9499969482422,134.0,137.5500030517578,174244,0.0,0
2020-05-13,142.89999389648438,143.0,135.0,138.85000610351562,263861,0.0,0
2020-05-14,138.85000610351562,143.6999969482422,135.10000610351562,138.75,515445,0.0,0
2020-05-15,137.0,141.0,134.5,136.35000610351562,95355,0.0,0
2020-05-18,137.89999389648438,138.64999389648438,130.0,130.4499969482422,82552,0.0,0
2020-05-19,134.3000030517578,134.3000030517578,130.0,131.0500030517578,39598,0.0,0
2020-05-20,131.0500030517578,133.0500030517578,128.0,130.9499969482422,54352,0.0,0
2020-05-21,132.3000030517578,133.0,130.0,130.1999969482422,108410,0.0,0
2020-05-22,131.89999389648438,136.6999969482422,129.3000030517578,132.89999389648438,192031,0.0,0
2020-05-26,136.0,136.0,128.60000610351562,129.35000610351562,88658,0.0,0
2020-05-27,130.89999389648438,131.0,127.0,128.0,77521,0.0,0
2020-05-28,129.9499969482422,130.85000610351562,127.05000305175781,128.39999389648438,278853,0.0,0
2020-05-29,129.0,134.0,127.30000305175781,129.25,1108566,0.0,0
2020-06-01,133.0,135.6999969482422,132.5500030517578,135.6999969482422,196556,0.0,0
2020-06-02,142.4499969482422,142.4499969482422,142.4499969482422,142.4499969482422,24155,0.0,0
2020-06-03,149.5500030517578,149.5500030517578,145.0,148.3000030517578,1402071,0.0,0
2020-06-04,154.0,155.6999969482422,145.35000610351562,155.6999969482422,829039,0.0,0
2020-06-05,163.0,163.4499969482422,160.10000610351562,163.4499969482422,257390,0.0,0
2020-06-08,171.60000610351562,171.60000610351562,168.0,171.60000610351562,903135,0.0,0
2020-06-09,180.14999389648438,180.14999389648438,163.0500030517578,164.4499969482422,757559,0.0,0
2020-06-10,161.60000610351562,168.0,157.5500030517578,164.9499969482422,341932,0.0,0
2020-06-11,166.9499969482422,170.0,160.0,161.64999389648438,311339,0.0,0
2020-06-12,153.60000610351562,162.0,153.60000610351562,160.8000030517578,314178,0.0,0
2020-06-15,158.39999389648438,168.8000030517578,157.35000610351562,168.8000030517578,924643,0.0,0
2020-06-16,174.39999389648438,174.39999389648438,161.25,164.9499969482422,420314,0.0,0
2020-06-17,164.9499969482422,173.14999389648438,163.10000610351562,167.6999969482422,473428,0.0,0
2020-06-18,168.0,172.0,166.10000610351562,167.8000030517578,218246,0.0,0
2020-06-19,170.8000030517578,173.0,168.5500030517578,170.64999389648438,198033,0.0,0
2020-06-22,174.0,175.89999389648438,171.0,173.5,220394,0.0,0
2020-06-23,176.0,182.14999389648438,174.0500030517578,182.14999389648438,293953,0.0,0
2020-06-24,191.25,191.25,180.1999969482422,188.60000610351562,480835,0.0,0
2020-06-25,188.0,198.0,183.0,198.0,744167,0.0,0
2020-06-26,190.14999389648438,207.0,188.10000610351562,189.9499969482422,1082054,0.0,0
2020-06-29,190.0,191.6999969482422,181.0,182.4499969482422,306230,0.0,0
2020-06-30,184.5,188.5500030517578,181.0,181.85000610351562,204108,0.0,0
2020-07-01,181.25,184.75,177.0,182.9499969482422,170892,0.0,0
2020-07-02,182.9499969482422,185.9499969482422,182.0,183.5,112388,0.0,0
2020-07-03,185.0,188.5,182.0,183.0,125583,0.0,0
2020-07-06,187.25,192.14999389648438,182.75,192.14999389648438,186031,0.0,0
2020-07-07,201.75,201.75,195.0,201.75,699172,0.0,0
2020-07-08,207.89999389648438,211.8000030517578,205.3000030517578,211.8000030517578,167445,0.0,0
2020-07-09,222.35000610351562,222.35000610351562,217.64999389648438,222.35000610351562,370603,0.0,0
2020-07-10,226.0,233.4499969482422,215.0,228.9499969482422,849607,0.0,0
2020-07-13,232.8000030517578,240.35000610351562,217.5500030517578,218.10000610351562,661380,0.0,0
2020-07-14,216.0,216.0,207.1999969482422,207.1999969482422,278810,0.0,0
2020-07-15,205.5,217.5500030517578,202.8000030517578,205.14999389648438,569732,0.0,0
2020-07-16,206.39999389648438,206.4499969482422,197.0,201.6999969482422,178596,0.0,0
2020-07-17,205.5,206.75,200.3000030517578,201.89999389648438,173259,0.0,0
2020-07-20,206.75,206.75,198.5,199.64999389648438,132230,0.0,0
2020-07-21,202.9499969482422,203.0,198.5,199.5,205365,0.0,0
2020-07-22,201.5,205.0,196.5500030517578,198.5,190295,0.0,0
2020-07-23,199.89999389648438,204.1999969482422,198.5500030517578,201.60000610351562,99949,0.0,0
2020-07-24,203.6999969482422,203.6999969482422,196.10000610351562,199.89999389648438,68427,0.0,0
2020-07-27,198.0,201.85000610351562,190.8000030517578,193.39999389648438,119664,0.0,0
2020-07-28,186.0,193.1999969482422,186.0,189.75,102002,0.0,0
2020-07-29,191.6999969482422,199.1999969482422,190.0500030517578,198.60000610351562,276849,0.0,0
2020-07-30,204.0,205.64999389648438,195.0,196.60000610351562,170146,0.0,0
2020-07-31,197.9499969482422,203.0,192.0,196.5500030517578,144808,0.0,0
2020-08-03,197.0,202.8000030517578,195.0,198.4499969482422,144314,0.0,0
2020-08-04,199.64999389648438,207.9499969482422,197.6999969482422,204.25,286510,0.0,0
2020-08-05,205.0500030517578,214.4499969482422,202.10000610351562,214.4499969482422,263260,0.0,0
2020-08-06,222.39999389648438,225.14999389648438,213.9499969482422,225.14999389648438,381072,0.0,0
2020-08-07,232.35000610351562,241.0,226.3000030517578,229.89999389648438,851222,0.0,0
2020-08-10,232.0,234.5,221.3000030517578,222.6999969482422,299881,0.0,0
2020-08-11,226.0,226.0,214.4499969482422,215.75,245208,0.0,0
2020-08-12,215.8000030517578,226.8000030517578,208.85000610351562,220.0500030517578,251646,0.0,0
2020-08-13,223.5,230.9499969482422,220.35000610351562,222.0500030517578,302514,0.0,0
2020-08-14,224.60000610351562,231.89999389648438,204.10000610351562,210.75,544123,0.0,0
2020-08-17,200.0,229.8000030517578,196.1999969482422,221.25,613390,0.0,0
2020-08-18,223.89999389648438,232.0,222.14999389648438,226.60000610351562,511323,0.0,0
2020-08-19,227.89999389648438,271.8999938964844,227.89999389648438,271.5,2216920,0.0,0
2020-08-20,269.0,325.79998779296875,265.0,320.3500061035156,3884952,0.0,0
2020-08-21,328.8999938964844,352.3500061035156,325.0,352.3500061035156,2180297,0.0,0
2020-08-24,358.0,363.29998779296875,322.1000061035156,326.04998779296875,1147098,0.0,0
2020-08-25,328.0,344.8999938964844,314.0,330.6000061035156,721939,0.0,0
2020-08-26,338.6000061035156,345.54998779296875,333.0,336.1000061035156,518578,0.0,0
2020-08-27,339.70001220703125,340.0,331.45001220703125,332.6499938964844,164822,0.0,0
2020-08-28,333.0,335.0,320.0,322.1499938964844,191425,0.0,0
2020-08-31,322.1499938964844,325.3500061035156,291.3999938964844,298.1499938964844,367821,0.0,0
2020-09-01,290.0,310.0,275.1000061035156,288.5,296138,0.0,0
2020-09-02,283.6000061035156,304.0,283.0,299.1000061035156,135850,0.0,0
2020-09-03,308.0,329.0,305.0,329.0,587815,0.0,0
2020-09-04,321.95001220703125,350.0,314.5,320.70001220703125,828477,0.0,0
2020-09-07,325.0,332.1000061035156,302.0,310.20001220703125,323648,0.0,0
2020-09-08,309.8999938964844,319.0,305.0,306.8999938964844,142493,0.0,0
2020-09-09,305.0,305.04998779296875,292.04998779296875,300.79998779296875,144105,0.0,0
2020-09-10,307.0,315.0,302.70001220703125,306.29998779296875,150146,0.0,0
2020-09-11,310.0,312.70001220703125,303.0,304.79998779296875,55588,0.0,0
2020-09-14,309.5,327.79998779296875,308.1000061035156,314.0,282079,0.0,0
2020-09-15,318.5,321.95001220703125,310.70001220703125,315.5,101395,0.0,0
2020-09-16,319.0,334.1499938964844,311.29998779296875,325.3999938964844,445007,0.0,0
2020-09-17,323.0,329.8999938964844,320.0,321.79998779296875,111711,0.0,0
2020-09-18,325.0,328.75,315.0,317.95001220703125,146023,0.0,0
2020-09-21,318.1000061035156,330.0,301.0,305.8999938964844,328642,0.0,0
2020-09-22,307.0,308.8999938964844,291.0,294.54998779296875,209849,0.0,0
2020-09-23,296.5,303.79998779296875,285.1000061035156,293.0,112649,0.0,0
2020-09-24,281.04998779296875,288.8500061035156,271.25,278.5,129232,0.0,0
2020-09-25,281.0,306.3500061035156,281.0,304.8500061035156,238022,0.0,0
2020-09-28,313.29998779296875,322.5,306.0,314.54998779296875,265497,0.0,0
2020-09-29,318.0,318.8999938964844,303.0,308.6000061035156,83254,0.0,0
2020-09-30,312.0,317.25,305.8500061035156,307.6000061035156,113415,0.0,0
2020-10-01,308.20001220703125,314.8500061035156,306.0,310.3500061035156,77835,0.0,0
2020-10-05,313.8999938964844,315.79998779296875,305.6000061035156,309.45001220703125,80647,0.0,0
2020-10-06,312.95001220703125,315.0,308.3500061035156,311.45001220703125,97064,0.0,0
2020-10-07,312.0,313.95001220703125,303.04998779296875,305.70001220703125,72601,0.0,0
2020-10-08,310.75,314.8999938964844,305.20001220703125,311.04998779296875,135896,0.0,0
2020-10-09,311.0,335.0,306.1000061035156,313.8500061035156,874973,0.0,0
2020-10-12,317.79998779296875,320.0,307.1499938964844,312.45001220703125,218326,0.0,0
2020-10-13,314.95001220703125,314.95001220703125,307.6000061035156,311.3500061035156,100746,0.0,0
2020-10-14,310.95001220703125,314.75,307.04998779296875,312.25,109090,0.0,0
2020-10-15,313.0,319.70001220703125,301.1000061035156,305.1000061035156,201405,0.0,0
2020-10-16,307.0,310.95001220703125,303.54998779296875,306.75,97951,0.0,0
2020-10-19,310.1000061035156,312.0,307.1000061035156,307.8500061035156,66687,0.0,0
2020-10-20,308.0,310.95001220703125,304.79998779296875,308.79998779296875,89052,0.0,0
2020-10-21,310.0,313.25,305.0,306.75,87960,0.0,0
2020-10-22,307.0,308.8500061035156,294.25,297.79998779296875,132705,0.0,0
2020-10-23,297.8999938964844,310.0,296.0,305.70001220703125,151044,0.0,0
2020-10-26,307.1000061035156,307.1499938964844,295.3500061035156,298.1499938964844,74825,0.0,0
2020-10-27,295.8999938964844,298.29998779296875,290.0,294.95001220703125,50471,0.0,0
2020-10-28,296.0,303.0,295.04998779296875,296.5,59175,0.0,0
2020-10-29,290.0,295.0,289.25,290.95001220703125,71268,0.0,0
2020-10-30,290.95001220703125,294.29998779296875,283.3500061035156,287.3500061035156,49895,0.0,0
2020-11-02,289.25,291.8999938964844,282.1499938964844,284.5,43918,0.0,0
2020-11-03,285.04998779296875,290.95001220703125,285.04998779296875,286.6000061035156,50372,0.0,0
2020-11-04,289.79998779296875,292.8999938964844,285.04998779296875,287.25,41713,0.0,0
2020-11-05,288.1000061035156,298.0,277.20001220703125,283.29998779296875,159621,0.0,0
2020-11-06,285.0,292.6000061035156,285.0,285.95001220703125,103649,0.0,0
2020-11-09,286.5,294.3999938964844,286.5,290.20001220703125,111056,0.0,0
2020-11-10,295.1000061035156,307.0,290.1000061035156,298.70001220703125,310554,0.0,0
2020-11-11,306.0,317.0,284.1000061035156,298.75,532001,0.0,0
2020-11-12,304.70001220703125,304.70001220703125,296.0,300.6499938964844,126029,0.0,0
2020-11-13,303.5,303.8999938964844,293.1000061035156,295.25,122245,0.0,0
2020-11-17,297.25,307.0,295.5,301.0,200723,0.0,0
2020-11-18,302.3999938964844,307.8999938964844,297.6000061035156,304.8500061035156,226950,0.0,0
2020-11-19,303.8500061035156,337.0,301.0,332.75,1720046,0.0,0
2020-11-20,341.0,365.0,333.29998779296875,355.8999938964844,1633338,0.0,0
2020-11-23,354.0,373.0,348.25,357.95001220703125,751120,0.0,0
2020-11-24,359.8999938964844,362.79998779296875,353.5,356.3500061035156,224957,0.0,0
2020-11-25,361.5,361.5,351.0,351.6499938964844,234124,0.0,0
2020-11-26,353.1000061035156,369.0,345.1000061035156,366.6000061035156,340521,0.0,0
2020-11-27,368.0,389.0,368.0,385.6000061035156,805862,0.0,0
2020-12-01,386.70001220703125,414.5,386.70001220703125,408.04998779296875,657888,0.0,0
2020-12-02,410.79998779296875,411.8500061035156,392.0,400.1000061035156,289919,0.0,0
2020-12-03,408.25,429.8999938964844,403.0,425.45001220703125,551876,0.0,0
2020-12-04,428.25,444.0,410.0,439.6000061035156,430327,0.0,0
2020-12-07,439.95001220703125,443.79998779296875,419.8500061035156,423.6000061035156,135384,0.0,0
2020-12-08,429.0,429.0,396.1000061035156,410.5,352175,0.0,0
2020-12-09,413.0,423.45001220703125,404.95001220703125,406.54998779296875,81982,0.0,0
2020-12-10,413.0,413.5,403.0,408.0,84760,0.0,0
2020-12-11,408.0,422.29998779296875,401.0,406.75,181273,0.0,0
2020-12-14,409.8999938964844,415.0,406.0,406.8999938964844,64285,0.0,0
2020-12-15,406.0,410.3500061035156,397.5,400.6000061035156,253270,0.0,0
2020-12-16,403.0,407.95001220703125,398.0,399.95001220703125,62087,0.0,0
2020-12-17,402.20001220703125,404.5,385.5,389.75,115845,0.0,0
2020-12-18,389.0,391.6000061035156,375.0,377.3500061035156,122237,0.0,0
2020-12-21,378.0,379.0,356.8999938964844,360.25,379751,0.0,0
2020-12-22,359.8999938964844,369.95001220703125,346.0,365.20001220703125,508134,0.0,0
2020-12-23,369.5,387.8999938964844,367.1000061035156,383.0,145108,0.0,0
2020-12-24,390.0,393.95001220703125,378.04998779296875,380.1000061035156,114446,0.0,0
2020-12-28,381.0,394.5,379.95001220703125,392.0,319568,0.0,0
2020-12-29,395.1000061035156,402.45001220703125,386.45001220703125,394.79998779296875,328959,0.0,0
2020-12-30,396.25,398.8500061035156,388.0,390.54998779296875,62852,0.0,0
2020-12-31,391.79998779296875,404.79998779296875,383.8999938964844,397.3999938964844,519260,0.0,0
2021-01-01,398.1000061035156,404.3999938964844,395.1000061035156,400.3999938964844,92389,0.0,0
2021-01-04,402.8999938964844,403.8999938964844,395.3500061035156,398.29998779296875,74485,0.0,0
2021-01-05,395.0,399.45001220703125,385.04998779296875,398.1000061035156,145082,0.0,0
2021-01-06,400.0,411.0,395.79998779296875,399.75,220263,0.0,0
2021-01-07,402.1499938964844,406.6499938964844,392.5,394.75,315295,0.0,0
2021-01-08,395.1000061035156,414.95001220703125,395.1000061035156,409.70001220703125,365280,0.0,0
2021-01-11,416.04998779296875,419.0,403.0,407.04998779296875,163873,0.0,0
2021-01-12,408.70001220703125,409.3999938964844,398.25,399.5,161697,0.0,0
2021-01-13,405.0,417.3999938964844,397.70001220703125,411.1499938964844,345093,0.0,0
2021-01-14,413.6499938964844,418.95001220703125,402.8999938964844,415.1499938964844,188410,0.0,0
2021-01-15,416.25,424.0,411.8500061035156,419.8999938964844,247569,0.0,0
2021-01-18,422.95001220703125,428.5,413.45001220703125,416.70001220703125,223487,0.0,0
2021-01-19,420.8999938964844,424.75,418.95001220703125,419.75,86314,0.0,0
2021-01-20,419.79998779296875,431.8999938964844,417.3999938964844,425.3500061035156,149889,0.0,0
2021-01-21,429.0,431.95001220703125,419.3500061035156,421.45001220703125,105174,0.0,0
2021-01-22,420.1000061035156,447.70001220703125,420.1000061035156,428.79998779296875,443131,0.0,0
2021-01-25,429.8500061035156,434.70001220703125,419.29998779296875,421.1000061035156,94761,0.0,0
2021-01-27,423.0,423.5,417.0,419.25,141178,0.0,0
2021-01-28,418.0,422.20001220703125,406.0,418.54998779296875,160507,0.0,0
2021-01-29,421.8999938964844,424.95001220703125,417.0,420.04998779296875,87107,0.0,0
2021-02-01,420.04998779296875,430.0,414.04998779296875,427.6000061035156,105125,0.0,0
2021-02-02,431.04998779296875,438.79998779296875,430.29998779296875,434.0,93721,0.0,0
2021-02-03,437.45001220703125,452.95001220703125,432.6000061035156,448.6499938964844,181012,0.0,0
2021-02-04,450.25,461.1000061035156,440.0,442.75,130688,0.0,0
2021-02-05,448.0,456.0,438.25,446.20001220703125,110660,0.0,0
2021-02-08,450.0,477.6499938964844,445.8999938964844,464.54998779296875,272514,0.0,0
2021-02-09,469.8999938964844,469.8999938964844,447.25,454.75,119134,0.0,0
2021-02-10,431.3500061035156,432.70001220703125,395.25,419.79998779296875,873525,0.0,0
2021-02-11,420.1000061035156,430.25,402.20001220703125,406.1000061035156,331478,0.0,0
2021-02-12,406.3500061035156,413.25,390.1499938964844,394.54998779296875,150565,0.0,0
2021-02-15,401.0,401.5,381.5,383.70001220703125,201807,0.0,0
2021-02-16,388.0,397.1000061035156,382.5,383.75,268240,0.0,0
2021-02-17,387.0,404.8500061035156,384.0,400.0,169252,0.0,0
2021-02-18,404.79998779296875,412.0,397.0,410.0,238389,0.0,0
2021-02-19,411.95001220703125,412.1000061035156,399.0,407.0,77358,0.0,0
2021-02-22,407.0,408.0,392.0,396.79998779296875,58203,0.0,0
2021-02-23,400.0,404.75,391.25,397.54998779296875,49574,0.0,0
2021-02-24,398.0,418.0,397.1000061035156,406.8500061035156,166666,0.0,0
2021-02-25,408.1000061035156,416.6000061035156,403.3500061035156,408.1000061035156,80093,0.0,0
2021-02-26,402.25,415.0,401.29998779296875,403.8999938964844,106478,0.0,0
2021-03-01,410.8999938964844,414.95001220703125,402.75,410.75,118063,0.0,0
2021-03-02,410.75,418.0,405.25,409.29998779296875,57781,0.0,0
2021-03-03,409.8999938964844,422.79998779296875,409.8999938964844,420.1499938964844,154888,0.0,0
2021-03-04,419.0,422.3999938964844,415.0,418.20001220703125,53934,0.0,0
2021-03-05,418.0,424.6000061035156,407.0,410.04998779296875,62984,0.0,0
2021-03-08,412.45001220703125,416.79998779296875,405.20001220703125,409.04998779296875,58389,0.0,0
2021-03-09,411.04998779296875,414.95001220703125,404.20001220703125,408.8500061035156,52941,0.0,0
2021-03-10,409.8999938964844,412.20001220703125,403.3999938964844,405.1499938964844,58587,0.0,0
2021-03-12,405.20001220703125,411.5,395.0,398.04998779296875,181847,0.0,0
2021-03-15,399.0,405.0,395.1000061035156,396.79998779296875,42538,0.0,0
2021-03-16,398.8500061035156,399.8999938964844,393.5,394.45001220703125,34676,0.0,0
2021-03-17,394.8999938964844,397.0,372.0,377.75,88276,0.0,0
2021-03-18,371.0,406.70001220703125,371.0,394.75,445483,0.0,0
2021-03-19,395.79998779296875,398.0,375.1000061035156,385.1000061035156,149583,0.0,0
2021-03-22,391.8999938964844,417.0,381.25,406.6000061035156,449365,0.0,0
2021-03-23,408.79998779296875,409.0,390.79998779296875,392.3500061035156,312437,0.0,0
2021-03-24,393.70001220703125,395.0,376.0,379.70001220703125,100924,0.0,0
2021-03-25,378.0,389.8500061035156,365.1000061035156,368.1499938964844,155423,0.0,0
2021-03-26,378.0,395.0,375.0,381.75,289411,0.0,0
2021-03-30,379.20001220703125,389.1499938964844,373.0,375.6499938964844,150444,0.0,0
2021-03-31,371.20001220703125,394.3999938964844,360.0,364.8500061035156,187059,0.0,0
2021-04-01,385.0,385.0,370.6000061035156,378.29998779296875,217101,0.0,0
2021-04-05,376.29998779296875,383.75,370.0,379.04998779296875,88551,0.0,0
2021-04-06,384.3999938964844,384.3999938964844,377.20001220703125,378.75,61161,0.0,0
2021-04-07,380.0,384.25,378.0,378.6499938964844,56400,0.0,0
2021-04-08,384.20001220703125,384.20001220703125,372.5,373.8999938964844,43327,0.0,0
2021-04-09,375.0,379.3999938964844,372.95001220703125,374.75,29647,0.0,0
2021-04-12,371.1000061035156,371.3500061035156,353.25,355.54998779296875,77200,0.0,0
2021-04-13,356.0,366.3999938964844,346.54998779296875,356.54998779296875,105861,0.0,0
2021-04-15,356.54998779296875,356.54998779296875,337.8500061035156,340.79998779296875,214144,0.0,0
2021-04-16,341.0,364.6499938964844,341.0,350.1499938964844,431852,0.0,0
2021-04-19,340.0,348.0,336.04998779296875,340.1000061035156,73662,0.0,0
2021-04-20,349.70001220703125,349.70001220703125,341.0,342.5,48952,0.0,0
2021-04-22,342.0,365.0,339.8500061035156,358.70001220703125,82330,0.0,0
2021-04-23,363.0,376.0,358.25,370.6000061035156,77328,0.0,0
2021-04-26,375.0,379.0,361.54998779296875,372.8999938964844,74367,0.0,0
2021-04-27,372.8999938964844,380.1000061035156,371.29998779296875,376.75,62172,0.0,0
2021-04-28,377.75,396.0,377.75,392.0,355705,0.0,0
2021-04-29,397.0,397.75,376.29998779296875,382.79998779296875,91173,0.0,0
2021-04-30,380.6499938964844,385.0,368.29998779296875,370.8500061035156,52811,0.0,0
2021-05-03,371.0,379.45001220703125,371.0,374.6499938964844,38234,0.0,0
2021-05-04,376.0,383.0,363.25,367.70001220703125,52488,0.0,0
2021-05-05,367.70001220703125,379.75,367.3999938964844,375.54998779296875,49760,0.0,0
2021-05-06,377.5,388.8999938964844,372.1000061035156,383.75,52786,0.0,0
2021-05-07,388.0,394.29998779296875,375.04998779296875,381.1000061035156,101010,0.0,0
2021-05-10,381.04998779296875,398.79998779296875,381.04998779296875,385.04998779296875,279229,0.0,0
2021-05-11,385.8999938964844,389.8999938964844,380.0,381.29998779296875,63272,0.0,0
2021-05-12,383.0,387.1000061035156,378.0,380.6000061035156,56511,0.0,0
