Date,Open,High,Low,Close,Volume,Dividends,Stock Splits
2002-07-01,65.15936279296875,65.15936279296875,65.15936279296875,65.15936279296875,14,0.0,0
2002-07-02,69.470458984375,69.470458984375,69.470458984375,69.470458984375,50,0.0,0
2002-07-03,68.0416422671305,70.94855940210826,67.0069727686578,70.18487548828125,1236,0.0,0
2002-07-04,68.48507690429688,68.48507690429688,68.48507690429688,68.48507690429688,200,0.0,0
2002-07-05,70.45586790463578,70.45586790463578,68.0416488647461,68.0416488647461,306,0.0,0
2002-07-08,68.97777557373048,68.97777557373048,68.48507717677526,68.97777557373047,117,0.0,0
2002-07-09,73.16572562096435,73.3381730993178,69.5936615754964,72.00788116455078,561,0.0,0
2002-07-10,71.93396890429726,72.89472931414882,68.33726895548615,68.5836181640625,586,0.0,0
2002-07-11,69.00240635131063,69.10094451904297,68.97776992988247,69.10094451904297,130,0.0,0
2002-07-12,69.10094451904297,69.10094451904297,69.10094451904297,69.10094451904297,0,0.0,0
2002-07-15,68.97778004511753,71.17028655009818,64.17397036340398,65.72596740722656,699,0.0,0
2002-07-16,65.57814648702185,71.19490407840306,65.57814648702185,68.78068542480469,648,0.0,0
2002-07-17,64.0754133990682,65.77522097689781,64.0754133990682,65.47959899902344,262,0.0,0
2002-07-18,66.02156829833984,66.02156829833984,66.02156829833984,66.02156829833984,450,0.0,0
2002-07-19,66.51426656922297,66.51426656922297,66.02156829833984,66.02156829833984,94,0.0,0
2002-07-22,66.02156829833984,66.02156829833984,66.02156829833984,66.02156829833984,0,0.0,0
2002-07-23,64.05077362060547,64.05077362060547,64.05077362060547,64.05077362060547,160,0.0,0
2002-07-24,65.03617013784556,65.77521752577562,64.05077362060547,64.05077362060547,2140,0.0,0
2002-07-25,64.05077762530681,64.29712677001953,64.05077762530681,64.29712677001953,237,0.0,0
2002-07-26,64.29712677001953,64.29712677001953,64.29712677001953,64.29712677001953,0,0.0,0
2002-07-29,64.050782945421,66.51427459716797,61.611927713787495,66.51427459716797,802,0.0,0
2002-07-30,64.17394818526049,64.17394818526049,64.05077362060547,64.05077362060547,450,0.0,0
2002-07-31,65.77524412690349,68.73143487418005,65.77524412690349,68.46044921875,757,0.0,0
2002-08-01,66.51428414044899,68.97777614565081,66.48964771680077,67.96774291992188,64,0.0,0
2002-08-02,67.25332442817339,67.25332442817339,64.54348351714808,67.1301498413086,230,0.0,0
2002-08-05,63.06537482443821,68.87921556966181,63.06537482443821,65.77521514892578,480,0.0,0
2002-08-06,64.74057006835938,64.74057006835938,64.74057006835938,64.74057006835938,26,0.0,0
2002-08-07,63.262467183142576,67.35186512427588,63.262467183142576,65.57815551757812,312,0.0,0
2002-08-08,65.77522262652747,66.61280822753906,65.77522262652747,66.61280822753906,186,0.0,0
2002-08-09,64.42030776395924,66.48963928222656,64.42030776395924,66.48963928222656,103,0.0,0
2002-08-12,64.91301616354922,66.5142860119859,64.91301616354922,64.93765258789062,101,0.0,0
2002-08-13,65.03617695091808,66.85915919518881,64.05078033044963,65.40570068359375,2996,0.0,0
2002-08-14,64.49420950754808,67.99237071836616,64.49420950754808,66.48963928222656,703,0.0,0
2002-08-15,66.48963928222656,66.48963928222656,66.48963928222656,66.48963928222656,0,0.0,0
2002-08-16,64.88836037705799,66.51426616467927,64.88836037705799,65.52886962890625,159,0.0,0
2002-08-19,66.51427638854693,66.51427638854693,64.0507846704526,64.64202117919922,203,0.0,0
2002-08-20,64.34640602037042,68.92849455439804,64.34640602037042,66.48963928222656,279,0.0,0
2002-08-21,64.46957014762403,66.26791578439565,64.05077362060547,64.05077362060547,1283,0.0,0
2002-08-22,64.69129173381457,66.76062320026368,64.69129173381457,66.19402313232422,200,0.0,0
2002-08-23,66.51428250705494,67.0069808959961,66.0215841181138,67.0069808959961,45,0.0,0
2002-08-26,67.00698473277005,73.41206415575542,67.00698473277005,68.5836181640625,191,0.0,0
2002-08-27,67.49966270045229,68.48505923622533,64.56810951012334,65.52886962890625,1350,0.0,0
2002-08-28,64.05078894369,66.51428082613961,63.80443975544504,66.04621887207031,537,0.0,0
2002-08-29,66.02156829833984,66.02156829833984,66.02156829833984,66.02156829833984,100,0.0,0
2002-08-30,64.6173969365013,65.52889205117262,64.54349517822266,64.54349517822266,296,0.0,0
2002-09-02,64.10005298397805,64.10005298397805,64.05078014590475,64.0754165649414,62,0.0,0
2002-09-03,65.52887793646919,66.51427459716797,65.52887793646919,66.51427459716797,659,0.0,0
2002-09-04,66.51427459716797,66.51427459716797,66.51427459716797,66.51427459716797,20,0.0,0
2002-09-05,64.54347632063937,66.51426949073523,64.07541444633748,66.29255676269531,404,0.0,0
2002-09-06,64.66666412353516,64.66666412353516,64.66666412353516,64.66666412353516,3,0.0,0
2002-09-09,64.66666412353516,64.66666412353516,64.66666412353516,64.66666412353516,0,0.0,0
2002-09-10,64.66666412353516,64.66666412353516,64.66666412353516,64.66666412353516,0,0.0,0
2002-09-11,64.05079674174767,64.54349517822266,64.05079674174767,64.54349517822266,545,0.0,0
2002-09-12,64.07542536044161,65.03618569091584,64.05078893802317,64.71593475341797,268,0.0,0
2002-09-13,65.52887805435955,67.1794204711914,65.52887805435955,67.1794204711914,5051,0.0,0
2002-09-16,64.05077835149673,64.54347664650824,62.22779616355,63.77979278564453,166,0.0,0
2002-09-17,66.51428892412258,66.51428892412258,64.05079674174767,64.54349517822266,40,0.0,0
2002-09-18,65.50423361031675,66.02156829833984,65.50423361031675,66.02156829833984,645,0.0,0
2002-09-19,64.05077858762974,66.63744464597633,64.05077858762974,66.61280822753906,5022,0.0,0
2002-09-20,64.05077362060547,64.05077362060547,64.05077362060547,64.05077362060547,104,0.0,0
2002-09-23,66.51426385456699,66.51426385456699,63.80442347530685,66.41572570800781,1424,0.0,0
2002-09-24,63.06538923761234,65.97230651559143,63.06538923761234,65.94767761230469,232,0.0,0
2002-09-25,64.05077362060547,64.05077362060547,64.05077362060547,64.05077362060547,30,0.0,0
2002-09-26,64.05079697117661,65.03619384765625,64.05079697117661,65.03619384765625,310,0.0,0
2002-09-27,64.05077362060547,64.05077362060547,63.55807536198543,64.05077362060547,350,0.0,0
2002-09-30,62.69586067018612,62.69586067018612,58.138401250152945,60.5526237487793,1975,0.0,0
2002-10-01,61.0946044921875,61.0946044921875,61.0946044921875,61.0946044921875,50,0.0,0
2002-10-02,61.0946044921875,61.0946044921875,61.0946044921875,61.0946044921875,0,0.0,0
2002-10-03,60.6018943786621,60.6018943786621,60.6018943786621,60.60189437866211,9,0.0,0
2002-10-04,60.6018943786621,60.6018943786621,60.6018943786621,60.60189437866211,0,0.0,0
2002-10-07,56.684954163203166,60.60190505981445,56.684954163203166,59.123809814453125,100,0.0,0
2002-10-08,58.72963449008778,58.72963449008778,58.63109633597611,58.70500183105469,435,0.0,0
2002-10-09,59.12381111002567,60.60190638777632,58.138414258191915,58.680381774902344,751,0.0,0
2002-10-10,59.12380686113911,59.12380686113911,56.70958399584451,57.276187896728516,680,0.0,0
2002-10-11,57.153017105594756,62.080001338835686,57.153017105594756,61.0946044921875,1090,0.0,0
2002-10-14,61.0946044921875,61.0946044921875,61.0946044921875,61.0946044921875,0,0.0,0
2002-10-15,61.0946044921875,61.0946044921875,61.0946044921875,61.0946044921875,0,0.0,0
2002-10-16,58.53256310450834,60.10919625682919,58.53256310450834,59.76430892944336,269,0.0,0
2002-10-17,63.70588897218914,63.70588897218914,62.572681427001946,62.57268142700195,190,0.0,0
2002-10-18,59.32088088989258,59.32088088989258,59.32088088989258,59.32088088989258,100,0.0,0
2002-10-21,59.517968303045144,60.15847396850585,59.517968303045144,60.15847396850586,99,0.0,0
2002-10-22,60.35554994988603,60.35554994988603,59.66577148437501,59.665771484375,128,0.0,0
2002-10-23,59.66577148437501,59.66577148437501,59.66577148437501,59.665771484375,0,0.0,0
2002-10-24,59.24698257446289,59.24698257446289,59.24698257446289,59.24698257446289,59,0.0,0
2002-10-25,59.24698257446289,59.24698257446289,59.24698257446289,59.24698257446289,0,0.0,0
2002-10-28,53.55630201765672,54.196811291055944,53.33458929324369,53.7041130065918,730,0.0,0
2002-10-29,58.13841025612571,58.13841025612571,54.17218669692097,54.19682312011719,650,0.0,0
2002-10-30,54.19682312011719,54.19682312011719,54.19682312011719,54.19682312011719,250,0.0,0
2002-10-31,52.250659810412444,56.586402893066406,52.250659810412444,56.586402893066406,55,0.0,0
2002-11-01,58.631098029496606,58.631098029496606,55.33002090454101,55.330020904541016,343,0.0,0
2002-11-04,55.33002090454101,55.33002090454101,55.33002090454101,55.330020904541016,0,0.0,0
2002-11-05,55.33002090454101,55.33002090454101,55.33002090454101,55.330020904541016,0,0.0,0
2002-11-06,55.33002090454101,55.33002090454101,55.33002090454101,55.330020904541016,0,0.0,0
2002-11-07,54.68951418990208,54.68951418990208,51.73332423369116,53.6055793762207,410,0.0,0
2002-11-08,53.6055793762207,53.6055793762207,53.6055793762207,53.6055793762207,0,0.0,0
2002-11-11,52.27529863951495,54.19682312011719,52.22602955211293,54.19682312011719,299,0.0,0
2002-11-12,51.31453704623802,52.053584616489196,51.31453704623802,51.979679107666016,293,0.0,0
2002-11-13,51.733326679453185,51.733326679453185,50.50158080613287,51.634788513183594,780,0.0,0
2002-11-14,50.304500078752106,53.1621519723304,50.27986741699111,50.649391174316406,462,0.0,0
2002-11-15,50.649391174316406,50.649391174316406,50.649391174316406,50.649391174316406,0,0.0,0
2002-11-18,49.86107075330968,51.73332595825196,49.86107075330968,51.73332595825195,63,0.0,0
2002-11-19,51.73332595825196,51.73332595825196,51.73332595825196,51.73332595825195,0,0.0,0
2002-11-20,50.279871488206524,51.26526825419595,50.279871488206524,51.142093658447266,541,0.0,0
2002-11-21,50.77257464122598,52.66946284216801,50.747938216165544,50.87111282348633,904,0.0,0
2002-11-22,50.74793397695035,50.871108573981786,50.74793397695035,50.797203063964844,547,0.0,0
2002-11-25,50.797203063964844,50.821839486967285,50.74793397695035,50.797203063964844,341,0.0,0
2002-11-26,50.797203063964844,50.797203063964844,50.797203063964844,50.797203063964844,0,0.0,0
2002-11-27,55.527099840565874,55.527099840565874,51.38843690906251,53.6055793762207,210,0.0,0
2002-11-28,50.969645493122066,51.24063110351562,50.969645493122066,51.240631103515625,6,0.0,0
2002-11-29,53.18677300667204,53.70410765742643,52.570900212435504,53.236045837402344,204,0.0,0
2002-12-02,54.19682312011719,55.182219904119314,54.19682312011719,54.19682312011719,204,0.0,0
2002-12-03,51.73332502087151,53.21142002146784,51.63478685776108,52.004310607910156,275,0.0,0
2002-12-04,51.73333612782773,53.16216235363255,51.0189248944207,53.0882568359375,302,0.0,0
2002-12-05,51.068189528802144,51.73333161201568,51.068189528802144,51.61015701293945,734,0.0,0
2002-12-06,51.73332628214134,52.22602462768555,51.24062793659714,52.22602462768555,1040,0.0,0
2002-12-09,51.7333237901866,52.965069594714855,51.363800048828125,51.363800048828125,1560,0.0,0
2002-12-10,52.9404403005137,52.96507672351614,50.501584782887484,50.797203063964844,824,0.0,0
2002-12-11,51.26525756279877,52.84189055597805,51.26525756279877,52.127479553222656,264,0.0,0
2002-12-12,51.97968353757299,53.13752407784402,50.79720657259784,50.96965026855469,1238,0.0,0
2002-12-13,51.19136301035435,52.9650764465332,50.797202798318885,52.9650764465332,2259,0.0,0
2002-12-16,51.51162261781727,54.07365296303924,51.486986192597726,53.18679428100586,942,0.0,0
2002-12-17,51.73332595825196,51.73332595825196,51.73332595825196,51.73332595825195,101,0.0,0
2002-12-18,51.83187146390516,55.37930228741747,51.73333328505367,51.90577697753906,799,0.0,0
2002-12-19,52.22602462768555,52.22602462768555,52.22602462768555,52.22602462768555,75,0.0,0
2002-12-20,50.99427757949362,53.55630741322484,50.30449915995368,52.66945266723633,1078,0.0,0
2002-12-23,53.43312744654068,54.22144770887499,53.43312744654068,53.7041130065918,109,0.0,0
2002-12-24,51.092814810738865,52.22602246209731,51.0681821498771,51.85649871826172,255,0.0,0
2002-12-25,51.85649871826172,51.85649871826172,51.85649871826172,51.85649871826172,0,0.0,0
2002-12-26,50.64939789983311,51.36380908859626,50.64939789983311,51.16672897338867,75,0.0,0
2002-12-27,51.684051131942226,52.324556650563586,50.92036728240526,51.19135284423828,346,0.0,0
2002-12-30,51.73332595825196,51.73332595825196,51.73332595825196,51.73332595825195,50,0.0,0
2002-12-31,53.70412007676568,53.85193108516016,51.610152092121155,51.634788513183594,4429,0.0,0
2003-01-01,51.265268955135866,52.69409127816426,51.265268955135866,52.37384033203125,300,0.0,0
2003-01-02,52.25065854010213,57.62106724151859,51.73332379852096,56.78348159790039,2862,0.0,0
2003-01-03,54.22145540788691,55.650277628522545,54.22145540788691,55.45320129394531,562,0.0,0
2003-01-06,52.96507401125771,55.18221664428711,52.96507401125771,55.18221664428711,1050,0.0,0
2003-01-07,58.33548800022587,58.33548800022587,54.61561378779844,55.576377868652344,2253,0.0,0
2003-01-08,59.616505541757796,59.616505541757796,55.55174380027431,55.77345657348633,29,0.0,0
2003-01-09,59.56723515669271,61.09459938963553,57.15301233223969,58.21231460571289,2950,0.0,0
2003-01-10,61.53802171364931,61.53802171364931,57.399355020461805,57.52252960205078,384,0.0,0
2003-01-13,58.13840277113749,59.51795959472656,58.13840277113749,59.51795959472656,490,0.0,0
2003-01-14,55.00977211696565,58.92672253771427,55.00977211696565,57.44862747192383,312,0.0,0
2003-01-15,56.660308503268055,56.660308503268055,54.73878424570706,56.16761016845703,28,0.0,0
2003-01-16,56.167613505517636,57.12837381188436,54.344631062004815,54.763423919677734,1428,0.0,0
2003-01-17,55.67490500162243,56.63566513301037,53.704111904219864,53.7287483215332,1152,0.0,0
2003-01-20,49.910338460689815,53.728750221967985,49.910338460689815,52.76798629760742,245,0.0,0
2003-01-21,53.70411646807636,53.70411646807636,53.211418151855476,53.21141815185547,155,0.0,0
2003-01-22,53.21141770564261,53.21141770564261,51.38843545450818,53.13751220703125,1332,0.0,0
2003-01-23,51.73333116011186,56.660315080122515,51.73333116011186,54.19682312011719,962,0.0,0
2003-01-24,51.240622744499035,52.201382917362515,51.240622744499035,51.757957458496094,419,0.0,0
2003-01-27,50.74792480468751,50.74792480468751,50.74792480468751,50.7479248046875,20,0.0,0
2003-01-28,50.25523077129747,51.48697662353515,50.25523077129747,51.486976623535156,347,0.0,0
2003-01-29,51.733329479510964,51.733329479510964,51.24063110351562,51.240631103515625,281,0.0,0
2003-01-30,54.172181588989126,54.19681800986236,51.6594207785117,52.22602462768555,406,0.0,0
2003-01-31,52.275297383968415,52.29993380657292,51.73332991758229,51.979679107666016,305,0.0,0
2003-02-03,51.7825950406999,51.7825950406999,51.73332595825196,51.73332595825195,100,0.0,0
2003-02-04,51.733323203192825,53.211418151855476,51.733323203192825,53.21141815185547,307,0.0,0
2003-02-05,51.24063182559618,52.71872697441146,51.24063182559618,51.80723571777344,161,0.0,0
2003-02-06,50.40304869557126,51.73333289498905,50.03352488917848,51.16672897338867,730,0.0,0
2003-02-07,52.644821169094,53.211425058084636,50.033522009600716,51.979679107666016,2960,0.0,0
2003-02-10,49.49154423934369,50.526213708060425,49.49154423934369,50.37840270996094,553,0.0,0
2003-02-11,49.8364393684533,50.30450130218618,49.762533863392804,50.205963134765625,584,0.0,0
2003-02-12,50.20596313476562,50.20596313476562,50.20596313476562,50.205963134765625,0,0.0,0
2003-02-13,50.20596313476562,50.20596313476562,50.20596313476562,50.205963134765625,0,0.0,0
2003-02-14,47.767097270635716,49.762526830297965,47.767097270635716,47.939544677734375,734,0.0,0
2003-02-17,51.68406062973681,51.68406062973681,48.7771394462911,49.73789978027344,151,0.0,0
2003-02-18,51.634794075617684,51.73333225250244,49.023491039276124,49.269840240478516,290,0.0,0
2003-02-19,48.309079859385385,51.24063385009766,48.309079859385385,49.269840240478516,383,0.0,0
2003-02-20,46.806351960594974,50.25524105242829,46.806351960594974,49.51619338989258,559,0.0,0
2003-02-21,49.51619338989258,49.51619338989258,49.51619338989258,49.51619338989258,0,0.0,0
2003-02-24,49.26984221570899,50.969650268554695,49.26984221570899,50.96965026855469,26,0.0,0
2003-02-25,50.747931829773556,50.871106421593396,48.53078917701646,49.762535095214844,250,0.0,0
2003-02-26,49.269840240478516,49.269840240478516,49.269840240478516,49.269840240478516,249,0.0,0
2003-02-27,49.71326414468823,49.71326414468823,48.826405613270566,49.22056579589844,154,0.0,0
2003-02-28,49.19592724818478,50.747927731579615,48.80177084158588,50.60011672973633,364,0.0,0
2003-03-03,52.20138374981318,52.20138374981318,48.777132044242556,49.31909942626953,256,0.0,0
2003-03-04,47.81636735811168,49.24518929659864,47.81636735811168,48.33369827270508,460,0.0,0
2003-03-05,46.85560878950746,50.25522789919193,46.85560878950746,46.880245208740234,471,0.0,0
2003-03-06,46.85561056975224,47.841007232666016,46.85561056975224,47.841007232666016,54,0.0,0
2003-03-07,47.841007232666016,47.841007232666016,47.841007232666016,47.841007232666016,0,0.0,0
2003-03-10,49.762530759256336,49.762530759256336,46.85560989379882,46.85560989379883,51,0.0,0
2003-03-11,46.92951693831306,48.28443737485228,45.328247331493976,47.98881912231445,846,0.0,0
2003-03-12,46.90487450393655,46.95414733886718,46.90487450393655,46.95414733886719,160,0.0,0
2003-03-13,45.525337644581235,45.59924316406249,45.525337644581235,45.5992431640625,10,0.0,0
2003-03-14,45.59924316406249,45.59924316406249,45.59924316406249,45.5992431640625,0,0.0,0
2003-03-17,45.32825088500977,45.32825088500977,45.32825088500977,45.328250885009766,13,0.0,0
2003-03-18,45.32825088500977,45.32825088500977,45.32825088500977,45.328250885009766,0,0.0,0
2003-03-19,45.82095385099712,46.80635070800781,45.82095385099712,46.80635070800781,81,0.0,0
2003-03-20,46.31364408103369,50.37840539665632,43.97332695991762,45.820945739746094,12054,0.0,0
2003-03-21,45.3282441498747,47.7178301820647,42.74157804349598,45.47605514526367,788,0.0,0
2003-03-24,44.490664855975545,46.55999653155987,44.46602843357966,44.83555221557617,1065,0.0,0
2003-03-25,46.31364938396297,46.31364938396297,44.9587287902832,44.9587287902832,204,0.0,0
2003-03-26,47.27440226864359,47.29903868822299,44.860183509457435,46.78170394897461,323,0.0,0
2003-03-28,46.31365203857421,46.31365203857421,46.31365203857421,46.31365203857422,50,0.0,0
2003-03-31,44.34284973144531,44.34284973144531,44.34284973144531,44.34284973144531,500,0.0,0
2003-04-01,44.34285605826029,45.57460205987863,44.34285605826029,45.4514274597168,300,0.0,0
2003-04-02,45.08189392089844,45.08189392089844,44.34284647957223,45.08189392089844,654,0.0,0
2003-04-03,46.65852808682913,46.65852808682913,46.55998992919922,46.55998992919922,150,0.0,0
2003-04-04,45.50068791896361,45.50068791896361,44.638465881347656,44.638465881347656,200,0.0,0
2003-04-07,45.820952342975765,48.25980798021534,45.599239561041465,46.757080078125,951,0.0,0
2003-04-08,51.437711209703004,51.437711209703004,45.37751968089395,45.500694274902344,331,0.0,0
2003-04-09,45.50069749588527,48.752506256103516,45.50069749588527,48.752506256103516,63,0.0,0
2003-04-10,47.299049136513155,47.299049136513155,46.80635070800781,46.80635070800781,161,0.0,0
2003-04-11,51.24063110351562,51.24063110351562,51.24063110351562,51.240631103515625,1,0.0,0
2003-04-14,51.24063110351562,51.24063110351562,51.24063110351562,51.240631103515625,0,0.0,0
2003-04-15,56.16761627550442,56.16761627550442,46.68317229915828,49.4669189453125,205,0.0,0
2003-04-16,49.26982858580616,51.73332001509647,49.26982858580616,50.945003509521484,1750,0.0,0
2003-04-17,55.674911611220416,55.674911611220416,48.06272387239733,50.25522994995117,6,0.0,0
2003-04-18,50.25522994995117,50.25522994995117,50.25522994995117,50.25522994995117,0,0.0,0
2003-04-21,54.19682403289307,54.19682403289307,47.446857452392585,47.44685745239258,503,0.0,0
2003-04-22,49.76253258841379,51.73332595825196,49.76253258841379,51.73332595825195,501,0.0,0
2003-04-23,48.80176856204271,50.25522705665396,48.80176856204271,49.9842414855957,103,0.0,0
2003-04-24,49.98424148559571,49.98424148559571,49.98424148559571,49.9842414855957,0,0.0,0
2003-04-25,47.57003188963255,50.25523665847446,47.34831535486265,47.86565017700195,385,0.0,0
2003-04-28,47.12660217285156,47.12660217285156,47.12660217285156,47.12660217285156,102,0.0,0
2003-04-29,49.26983672793549,49.762535095214844,49.26983672793549,49.762535095214844,149,0.0,0
2003-04-30,49.26983424595424,51.73332595825196,49.26983424595424,51.73332595825195,107,0.0,0
2003-05-01,51.73332595825196,51.73332595825196,51.73332595825196,51.73332595825195,0,0.0,0
2003-05-02,51.19135402565262,56.1676060945085,49.466909978891394,50.7479248046875,10668,0.0,0
2003-05-05,51.314538726954595,51.73333161201568,51.314538726954595,51.61015701293945,300,0.0,0
2003-05-06,50.79721032003051,52.54629135131836,50.79721032003051,52.54629135131836,5,0.0,0
2003-05-07,51.733327222100115,52.10285098797226,51.19135978395233,51.955039978027344,270,0.0,0
2003-05-08,49.88570558952712,50.747927661444876,49.86106916959064,49.934974670410156,350,0.0,0
2003-05-09,50.00888304093435,50.20596313476562,50.00888304093435,50.205963134765625,150,0.0,0
2003-05-12,50.50158480911582,50.50158480911582,49.4669189453125,49.4669189453125,150,0.0,0
2003-05-13,50.25523100798333,50.25523100798333,49.565452575683594,49.565452575683594,474,0.0,0
2003-05-14,50.25523744780442,50.25523744780442,50.00888824462891,50.008888244628906,303,0.0,0
2003-05-15,50.50158339422106,50.99428176879883,50.304503292591896,50.99428176879883,884,0.0,0
2003-05-16,50.79719317233543,51.9796698253741,50.747924094915,50.84646224975586,286,0.0,0
2003-05-19,50.74793272752028,55.6749164874737,50.74793272752028,51.240631103515625,499,0.0,0
2003-05-20,52.59555808963817,52.59555808963817,50.77257537841797,50.77257537841797,550,0.0,0
2003-05-21,51.73333276245136,51.73333276245136,50.89574697370312,50.920379638671875,227,0.0,0
2003-05-22,51.24062953402145,51.48697871447347,50.058152716053684,50.52621841430664,1862,0.0,0
2003-05-23,50.25523906002317,52.62019298997346,50.25523906002317,50.96965026855469,410,0.0,0
2003-05-26,50.797203063964844,51.65942524318488,50.62475937991892,50.797203063964844,1304,0.0,0
2003-05-27,52.028945416085186,52.028945416085186,50.624755859375,50.624755859375,454,0.0,0
2003-05-28,50.156688349393825,50.74792480468751,50.156688349393825,50.7479248046875,610,0.0,0
2003-05-29,51.24063738943671,51.24063738943671,50.03352772376263,50.77257537841797,503,0.0,0
2003-05-30,50.77257537841797,50.871113562109045,50.77257537841797,50.77257537841797,280,0.0,0
2003-06-02,51.68405914306641,51.73332822767568,51.63479005845714,51.684059143066406,485,0.0,0
2003-06-03,50.74792480468751,51.856495977605434,50.624750229918845,50.7479248046875,2507,0.0,0
2003-06-04,50.74793295927256,51.73332971576329,49.26983782453647,49.73789978027344,2133,0.0,0
2003-06-05,51.240631537414835,52.373839315396104,49.91034741455885,51.979679107666016,3638,0.0,0
2003-06-06,51.73332140283678,51.73332140283678,49.762528206538235,50.7479248046875,843,0.0,0
2003-06-09,50.7479376001041,52.17676377947798,50.30450826733419,51.88114547729492,13444,0.0,0
2003-06-10,52.44773293993015,57.079097747802734,51.70868548417356,57.079097747802734,10458,0.0,0
2003-06-11,58.38475873054688,62.794407780861235,58.18767862438409,61.611934661865234,8315,0.0,0
2003-06-12,63.065388838701395,64.00151269708378,59.148438457393716,60.62653350830078,4235,0.0,0
2003-06-13,61.58729526937785,64.05078708015296,61.58729526937785,62.42488098144531,1462,0.0,0
2003-06-16,61.09459595209652,65.52888114216803,61.09459595209652,65.1100845336914,5673,0.0,0
2003-06-17,64.78983601969,68.38653564453125,64.78983601969,68.38653564453125,1342,0.0,0
2003-06-18,67.10551271393119,71.81078338623047,67.10551271393119,71.81078338623047,2722,0.0,0
2003-06-19,73.90474360039894,73.90474360039894,69.22410983904034,69.470458984375,3696,0.0,0
2003-06-20,71.4905339779984,72.9439926147461,71.4905339779984,72.9439926147461,2703,0.0,0
2003-06-23,74.79162117453994,76.36825460471854,72.91936568708608,74.3974609375,8035,0.0,0
2003-06-24,73.90475223307314,74.64379975540388,70.99783498576433,72.62373352050781,713,0.0,0
2003-06-25,72.42665587397842,72.42665587397842,69.47046583830583,69.98780059814453,1924,0.0,0
2003-06-26,70.08634185791016,70.94856398972979,68.97777054557064,70.08634185791016,1540,0.0,0
2003-06-27,68.97777727124152,71.44126931664302,67.54895489210111,67.94310760498047,1075,0.0,0
2003-06-30,68.97776086525423,71.31807775175393,68.97776086525423,70.13560485839844,4720,0.0,0
2003-07-01,73.41204530972962,73.41204530972962,69.470458984375,69.470458984375,1194,0.0,0
2003-07-02,69.96317236764091,69.96317236764091,66.66209461163713,68.97777557373047,2587,0.0,0
2003-07-03,70.89929631466346,70.94856916155135,68.97777557373048,68.97777557373047,1838,0.0,0
2003-07-04,68.97775670387567,70.45585149038729,68.97775670387567,69.22410583496094,2041,0.0,0
2003-07-07,69.96316959634376,72.69764709472656,69.10094743582543,72.69764709472656,10201,0.0,0
2003-07-08,73.41206775551223,75.77702177740693,73.41206775551223,74.15111541748047,3365,0.0,0
2003-07-09,72.91936589673362,72.91936589673362,71.46590706657742,71.73689270019531,649,0.0,0
2003-07-10,72.42665063518368,72.42665063518368,71.93395233154297,71.93395233154297,1024,0.0,0
2003-07-11,71.44127074933859,71.44127074933859,68.97777865453381,69.74146270751953,459,0.0,0
2003-07-14,70.9485757438699,72.91936951453295,70.9485757438699,72.15568542480469,1566,0.0,0
2003-07-15,71.07174291118334,71.56444130224872,71.07174291118334,71.49053955078125,1612,0.0,0
2003-07-16,72.42666747851246,74.86552314511101,71.44127064207011,71.73689270019531,1246,0.0,0
2003-07-17,72.18031235521828,78.83174045621108,72.18031235521828,76.02336120605469,2000,0.0,0
2003-07-18,71.44128090935914,73.90477335450944,71.44128090935914,72.00788116455078,894,0.0,0
2003-07-21,70.70220691507967,71.93395268015074,68.48506453795174,68.75605010986328,1622,0.0,0
2003-07-22,69.47046483395134,69.71681400002919,68.11554442052322,68.50970458984375,768,0.0,0
2003-07-23,69.47048447604163,69.47048447604163,68.97778600458035,69.24877166748047,496,0.0,0
2003-07-24,68.9777806169592,69.96317748291575,68.9777806169592,69.19949340820312,243,0.0,0
2003-07-25,68.97777650621208,68.97777650621208,67.49968129536468,67.79530334472656,777,0.0,0
2003-07-28,67.99237147925143,69.96316485546161,67.99237147925143,68.8053207397461,3993,0.0,0
2003-07-29,66.53890671549819,69.47046008795428,66.5142702969775,69.4458236694336,879,0.0,0
2003-07-30,69.44583754724175,69.44583754724175,67.1794294320363,68.97777557373047,1144,0.0,0
2003-07-31,68.97777502087578,68.97777502087578,67.49967984185702,67.99237823486328,350,0.0,0
2003-08-01,65.55351380466668,66.21865203425041,65.55351380466668,66.19402313232422,732,0.0,0
2003-08-04,72.42667862936433,72.82083892822266,72.42667862936433,72.82083892822266,2887,0.0,0
2003-08-05,76.36825304088677,79.81714188789456,75.92482748203534,76.5899658203125,8234,0.0,0
2003-08-06,74.39745109563351,77.8463395570205,73.65840356819345,74.44672393798828,1818,0.0,0
2003-08-07,74.89014677390894,74.89014677390894,71.93395676967569,74.00328826904297,749,0.0,0
2003-08-08,76.36824684683421,76.36824684683421,73.92939143499915,75.0625991821289,6302,0.0,0
2003-08-11,76.61458297123046,79.81712180925616,75.48137541725629,76.34359741210938,11465,0.0,0
2003-08-12,77.35363060537011,77.35363060537011,71.95858589795446,73.16569519042969,3784,0.0,0
2003-08-13,74.8901514795082,77.35364330449202,73.90475474951468,75.90018463134766,14563,0.0,0
2003-08-14,78.83171532561998,81.2952064295456,77.84631888404974,78.7331771850586,19323,0.0,0
2003-08-15,78.7331771850586,78.7331771850586,78.7331771850586,78.7331771850586,0,0.0,0
2003-08-18,82.2806294054619,82.2806294054619,79.81713750709477,80.50691223144531,5638,0.0,0
2003-08-19,81.29523794031354,84.74412682262987,80.85181237692247,83.88190460205078,16156,0.0,0
2003-08-20,88.19300424859101,92.28240203857422,86.22221085756104,92.28240203857422,23603,0.0,0
2003-08-21,96.56887760860718,96.9137649536133,96.56887760860718,96.91376495361328,26758,0.0,0
2003-08-22,101.74220165447971,101.76683807373047,98.5396626193508,101.76683807373047,26428,0.0,0
2003-08-25,106.32431710305693,106.66920448231348,96.76596355320652,97.70209503173828,19467,0.0,0
2003-08-26,99.03235919987692,100.87997784166566,98.04696259092292,99.9684829711914,15087,0.0,0
2003-08-27,103.95934889923332,104.96938199166073,94.96760426695366,95.82982635498047,50675,0.0,0
2003-08-28,93.61268916914162,93.61268916914162,91.0506591796875,91.0506591796875,19070,0.0,0
2003-08-29,89.67110237241066,94.59808601924641,86.51783584562794,86.88735961914062,42940,0.0,0
2003-09-01,88.68570658417784,91.24773660412465,86.71491310452944,89.69573974609375,67549,0.0,0
2003-09-02,90.65650776398185,94.1792984008789,90.65650776398185,94.1792984008789,26332,0.0,0
2003-09-03,97.55428884405839,98.78603491532175,93.14463941253183,93.61270141601562,20026,0.0,0
2003-09-04,94.25319896927888,96.02690857702935,93.11999122328305,93.53878784179688,14142,0.0,0
2003-09-05,98.0469866375897,98.21943409364232,88.88279291954707,90.8043212890625,16833,0.0,0
2003-09-08,94.0807691171191,94.10540554363266,91.93753533411343,93.48953247070312,18207,0.0,0
2003-09-09,95.0908024603199,95.0908024603199,92.38096093942997,93.48953247070312,10127,0.0,0
2003-09-10,93.02144514070086,94.84442743719647,91.76506291001478,93.71121978759766,6604,0.0,0
2003-09-11,89.74500250198706,94.42563688209796,89.74500250198706,93.41561126708984,2896,0.0,0
2003-09-12,92.40556970405433,94.4995375251791,92.38093328491577,93.26779174804688,11112,0.0,0
2003-09-15,86.73954334813165,93.85903278264153,86.73954334813165,93.83439636230469,14097,0.0,0
2003-09-16,90.23770959928368,93.61269667065496,90.23770959928368,91.88825225830078,3094,0.0,0
2003-09-17,92.62729783275124,94.0807565877009,91.46945360264951,93.0953598022461,8591,0.0,0
2003-09-18,91.83896931715323,94.05611188936113,91.83896931715323,93.44023895263672,15253,0.0,0
2003-09-19,91.27237836760071,94.59809255913272,91.19847661498126,93.73587036132812,17895,0.0,0
2003-09-22,88.68570552866048,93.85903835116567,87.25688328011312,91.0506591796875,7575,0.0,0
2003-09-23,89.30156818165167,89.81890290781715,89.22766644276213,89.27693176269531,2056,0.0,0
2003-09-24,89.37547655413701,92.578015788694,89.27693838897743,89.96672058105469,866,0.0,0
2003-09-25,90.0159994468156,90.21308332476451,88.95670085552212,89.00596618652344,1954,0.0,0
2003-09-26,91.09991883938528,91.09991883938528,87.9466525127855,88.34081268310547,2100,0.0,0
2003-09-29,88.9320429829718,90.16378873065838,88.71033025198409,88.80886840820312,1298,0.0,0
2003-09-30,88.68572363480405,89.20305852627013,87.72496313235673,87.9959487915039,883,0.0,0
2003-10-01,85.28608937478081,87.67567191704173,85.28608937478081,87.23224639892578,1887,0.0,0
2003-10-02,87.23224639892578,87.23224639892578,87.23224639892578,87.23224639892578,0,0.0,0
2003-10-03,86.78882426598328,89.64647662501196,86.71492250967324,87.1583480834961,1943,0.0,0
2003-10-06,87.2076103982988,90.65649894512417,87.2076103982988,89.72037506103516,11454,0.0,0
2003-10-07,88.68568166789,90.65647459384311,88.68568166789,89.74497985839844,3329,0.0,0
2003-10-08,90.16380875740103,90.55796898780555,88.68571353186987,90.04063415527344,5074,0.0,0
2003-10-09,90.04061779188132,90.77966527033725,89.6218212135644,90.06525421142578,2207,0.0,0
2003-10-10,89.67111034889064,91.09993272637833,89.67111034889064,90.04063415527344,2035,0.0,0
2003-10-13,89.67110448995366,92.62729474786423,89.67110448995366,90.33625030517578,14636,0.0,0
2003-10-14,90.16380169391414,91.14919843373833,89.05523036161192,89.69573974609375,14243,0.0,0
2003-10-15,90.16379429149522,92.62728593880384,89.67109596203349,92.3563003540039,25761,0.0,0
2003-10-16,90.65650262679645,92.13459777832031,90.21307708853159,92.13459777832031,9214,0.0,0
2003-10-17,92.13458505296325,92.6272833687545,90.65649010558951,91.91287231445312,26739,0.0,0
2003-10-20,90.23770959928368,91.91288868207347,90.23770959928368,91.88825225830078,7691,0.0,0
2003-10-21,89.17841103888708,92.62729986359543,89.17841103888708,91.88825225830078,10053,0.0,0
2003-10-22,91.14919324296699,92.87363743945555,89.35084730239237,92.30703735351562,7823,0.0,0
2003-10-23,90.6564967622693,92.13459181817586,90.6564967622693,91.76506805419922,3817,0.0,0
2003-10-24,87.23221911618944,92.38091387947668,87.23221911618944,91.51869201660156,10162,0.0,0
2003-10-27,88.68571643898741,91.14920856229261,87.70031958966533,88.98133850097656,4453,0.0,0
2003-10-28,89.17838287353516,90.41012849333536,87.87273552373838,89.17838287353516,30063,0.0,0
2003-10-29,88.06982009137263,90.65648613601435,88.06982009137263,90.16378784179688,3573,0.0,0
2003-10-30,90.60723141683499,92.57802498777632,88.68571069235954,91.09992980957031,7393,0.0,0
2003-10-31,89.79426626428982,91.1491866057263,89.79426626428982,90.95211029052734,1995,0.0,0
2003-11-03,92.87364906536031,93.11999826712518,90.16380784594661,91.88825225830078,14695,0.0,0
2003-11-04,91.14920347331953,92.62729866477878,90.77967967545473,92.5780258178711,9183,0.0,0
2003-11-05,90.9274817234849,91.64189282524698,89.91744860541706,90.77967071533203,2968,0.0,0
2003-11-06,90.65648919693068,94.32709010918875,89.6710925752249,93.26779174804688,10724,0.0,0
2003-11-07,89.20304694079648,93.61269612299395,89.20304694079648,90.9028549194336,5477,0.0,0
2003-11-10,89.00593251116602,92.55336579226433,89.00593251116602,89.74497985839844,975,0.0,0
2003-11-11,90.65651200658189,92.92292781393903,89.22768955280118,89.7696533203125,835,0.0,0
2003-11-12,89.10449770826821,91.1491928100586,89.10449770826821,91.1491928100586,2616,0.0,0
2003-11-13,88.73498115176639,91.64189858351354,88.73498115176639,91.32164764404297,3580,0.0,0
2003-11-14,89.05523036161192,89.69573974609375,89.05523036161192,89.69573974609375,303,0.0,0
2003-11-17,89.17839945200326,91.64189114957242,88.68570111248944,91.1491928100586,2943,0.0,0
2003-11-18,91.14918096997523,91.14918096997523,90.18842083631995,91.07527923583984,706,0.0,0
2003-11-19,84.74412121980087,90.65650177001955,84.74412121980087,90.65650177001953,3026,0.0,0
2003-11-20,88.19299553435984,89.20302855105872,88.19299553435984,88.80886840820312,700,0.0,0
2003-11-21,89.17839824977888,90.41014408195814,87.94665241759961,89.84354400634766,1146,0.0,0
2003-11-24,88.34082200682766,90.38551729906878,87.74958544793705,87.97129821777344,898,0.0,0
2003-11-25,87.7002845614285,91.14917215654086,87.7002845614285,90.26231384277344,1143,0.0,0
2003-11-26,90.26231384277344,90.26231384277344,90.26231384277344,90.26231384277344,0,0.0,0
2003-11-27,93.07071875669514,93.07071875669514,89.17840465465117,89.20304107666016,2054,0.0,0
2003-11-28,88.68571134828274,90.41015573561046,88.19301295190338,90.08990478515625,1317,0.0,0
2003-12-01,87.45394722360079,91.09991159361833,87.45394722360079,90.16378784179688,2851,0.0,0
2003-12-02,91.05066283746562,92.13459777832031,89.22768032084902,92.13459777832031,17276,0.0,0
2003-12-03,93.11999395664147,93.11999395664147,88.88278487523165,92.47948455810547,7031,0.0,0
2003-12-04,90.6564894004127,91.39553686835085,90.6564894004127,90.92747497558594,743,0.0,0
2003-12-05,91.14918227531754,92.08530600500751,90.28696028082129,90.8781967163086,2920,0.0,0
2003-12-08,91.14918771237146,91.64188602433023,90.21306392684166,90.92747497558594,631,0.0,0
2003-12-09,91.19844118901058,91.7404047063167,91.19844118901058,91.51869201660156,925,0.0,0
2003-12-10,91.1492147935709,93.61270708528903,91.1492147935709,93.48953247070312,6542,0.0,0
2003-12-11,91.66653002706275,95.09078207486736,91.66653002706275,94.4256362915039,3002,0.0,0
2003-12-12,91.17382955886498,92.62728816206737,91.17382955886498,91.64189147949219,1230,0.0,0
2003-12-15,91.64190278991535,93.5880599745996,91.19847723522105,91.39555358886719,579,0.0,0
2003-12-16,91.14920320380698,92.50412379197168,91.14920320380698,92.0853271484375,803,0.0,0
2003-12-17,93.58806450413961,93.58806450413961,91.34628516250596,92.62730407714844,880,0.0,0
2003-12-18,92.62729017014472,93.09535210091909,91.24773328103588,91.76506805419922,2963,0.0,0
2003-12-19,105.63449991751364,108.09799112378008,91.19844746317511,96.56885528564453,7638,0.0,0
2003-12-22,97.84990355477252,97.84990355477252,93.73586897873682,95.26323699951172,3952,0.0,0
2003-12-23,96.07618918108685,97.06158599320055,94.52419220920017,94.86907958984375,3061,0.0,0
2003-12-24,95.58346569387062,95.58346569387062,94.74588012695314,94.74588012695312,303,0.0,0
2003-12-25,94.74588012695314,94.74588012695314,94.74588012695314,94.74588012695312,0,0.0,0
2003-12-26,100.46118343492074,100.46118343492074,96.07617143801843,98.58893585205078,4458,0.0,0
2003-12-29,100.04240813281463,102.4812636241194,98.61357831188224,100.28875732421875,6697,0.0,0
2003-12-30,100.01776673680692,100.01776673680692,97.30792576610526,97.89916229248047,3616,0.0,0
2003-12-31,97.80061005120432,99.327977749372,95.63274059378493,96.37178802490234,2826,0.0,0
2004-01-01,96.44569971788178,98.51503123505259,96.44569971788178,97.6528091430664,2186,0.0,0
2004-01-02,96.10082442343771,97.52964677624297,94.6473656470363,96.2239990234375,3712,0.0,0
2004-01-05,94.8690731634644,98.29332535000637,94.84443674123422,98.17015075683594,5120,0.0,0
2004-01-06,95.8298370745197,98.04697983459857,95.80520065136712,97.9238052368164,5516,0.0,0
2004-01-07,95.28787110170114,98.51504724549002,95.28787110170114,97.97308349609375,4286,0.0,0
2004-01-08,97.30791906615596,98.04696655273436,95.65737667227229,98.04696655273438,861,0.0,0
2004-01-09,97.55428880385293,98.04698723215522,96.07619351894606,97.43111419677734,2049,0.0,0
2004-01-12,98.04697267404504,98.04697267404504,95.60811731966862,96.91376495361328,4007,0.0,0
2004-01-13,96.37180998998417,97.99770869463424,96.37180998998417,97.55428314208984,991,0.0,0
2004-01-14,97.55427830685316,97.55427830685316,95.60812122806509,97.16011810302734,2158,0.0,0
2004-01-15,94.13002288600288,97.30792579442735,94.13002288600288,97.23402404785156,2535,0.0,0
2004-01-16,95.09077681641045,98.29331593198904,95.09077681641045,97.87451934814453,2122,0.0,0
2004-01-19,96.07618168883359,97.80062597555624,94.22856281020218,94.69662475585938,2904,0.0,0
2004-01-20,95.7312880774886,96.56887374412223,95.16468048095703,95.16468048095703,999,0.0,0
2004-01-21,93.98220913477915,94.22855830682313,93.73585996273518,94.13002014160156,1022,0.0,0
2004-01-22,93.73586146207464,95.09078192998899,91.69116630859598,91.76506805419922,674,0.0,0
2004-01-23,88.71035355598372,93.61270141601562,88.71035355598372,93.61270141601562,948,0.0,0
2004-01-26,93.61270141601562,93.61270141601562,93.61270141601562,93.61270141601562,0,0.0,0
2004-01-27,90.70579093012084,93.61270888297842,90.70579093012084,91.29702758789062,152,0.0,0
2004-01-28,91.17383403960007,91.17383403960007,90.21307373046874,90.21307373046875,583,0.0,0
2004-01-29,89.67111398797286,96.81524120130037,89.67111398797286,93.61270141601562,1165,0.0,0
2004-01-30,91.64191234342114,97.06159533147292,91.64191234342114,96.4949951171875,4170,0.0,0
2004-02-02,96.49499511718749,96.49499511718749,96.49499511718749,96.4949951171875,0,0.0,0
2004-02-03,94.5980873761433,96.07618249139553,92.18386836175685,92.84900665283203,3040,0.0,0
2004-02-04,89.57258507922191,96.96306227193028,89.57258507922191,96.05156707763672,3254,0.0,0
2004-02-05,94.89371535031869,96.56888691200807,94.10539489894664,96.54425048828125,737,0.0,0
2004-02-06,96.5688841067245,96.96304432096035,94.96761434475076,96.93840789794922,790,0.0,0
2004-02-09,96.93840904825741,96.9630454715609,95.58348846435547,95.58348846435547,480,0.0,0
2004-02-10,95.58348114796175,96.07617950439453,93.66196056506597,96.07617950439453,757,0.0,0
2004-02-11,94.59808381233807,96.07617887190585,94.59808381233807,95.09078216552734,525,0.0,0
2004-02-12,96.07617023804178,96.56886854695482,96.07617023804178,96.44569396972656,713,0.0,0
2004-02-13,96.56887374412223,96.98767033642903,94.59808040240544,95.16468048095703,1801,0.0,0
2004-02-16,95.31249492086646,96.07617887190585,95.09078216552733,95.09078216552734,588,0.0,0
2004-02-17,96.56885528564453,96.56885528564453,95.46028424282464,96.56885528564453,662,0.0,0
2004-02-18,96.07617530261112,96.5688736374963,95.60811338806619,96.00227355957031,777,0.0,0
2004-02-19,95.09078279152895,96.07617950439453,94.10538607866336,96.07617950439453,632,0.0,0
2004-02-20,93.63733784103717,93.63733784103717,93.61270141601562,93.61270141601562,216,0.0,0
2004-02-23,96.07617530261112,97.06157197238149,90.18843170432915,96.00227355957031,2257,0.0,0
2004-02-24,95.0907865671011,102.48126220703124,95.0907865671011,102.48126220703125,7535,0.0,0
2004-02-25,98.53966197225982,98.56429839134881,97.30791619760657,97.7759780883789,2432,0.0,0
2004-02-26,98.53968295440546,99.47580693527983,96.61816214398702,98.98310852050781,822,0.0,0
2004-02-27,98.04696875040982,98.04696875040982,94.64735324314036,95.16468048095703,2313,0.0,0
2004-03-01,94.69662197937988,96.56887722509512,94.35173463574344,95.09078216552734,673,0.0,0
2004-03-02,95.09078216552733,95.09078216552733,95.09078216552733,95.09078216552734,0,0.0,0
2004-03-03,96.07619012775592,97.50501251220703,93.61269807319808,97.50501251220703,976,0.0,0
2004-03-04,97.55427204947469,101.49585879894842,97.55427204947469,100.46118927001953,3487,0.0,0
2004-03-05,101.00314789139472,102.94930460326722,98.53965647940949,102.40734100341797,1535,0.0,0
2004-03-08,101.00316619873045,101.02780262091161,101.00316619873045,101.00316619873047,848,0.0,0
2004-03-09,101.00316023155409,101.98855691673998,100.51046188896115,100.63363647460938,576,0.0,0
2004-03-10,98.53966069543951,101.0031522128255,98.04696239196231,98.63819885253906,814,0.0,0
2004-03-11,100.48583766685974,100.48583766685974,96.81523607254029,98.53968048095703,408,0.0,0
2004-03-12,93.93294224985844,98.9831005970117,93.61269131308485,98.49040222167969,2311,0.0,0
2004-03-15,98.5396765228501,101.98856520114985,97.6035526030753,98.29332733154297,550,0.0,0
2004-03-16,98.53966675674697,102.38271526385608,96.56887342161203,96.83985900878906,670,0.0,0
2004-03-17,93.78515138297425,99.03238677978516,93.78515138297425,99.03238677978516,1540,0.0,0
2004-03-18,98.53968833809469,99.03238677978516,98.04698989640421,99.03238677978516,696,0.0,0
2004-03-19,97.11085812117555,103.9100900599768,96.3225376701355,98.53968048095703,2608,0.0,0
2004-03-22,98.49039459204066,98.53966743294913,97.06157242145488,97.82525634765625,471,0.0,0
2004-03-23,98.51504550963725,103.1956804014888,96.96304852637365,97.67745971679688,5227,0.0,0
2004-03-24,98.81067398462076,99.03238677978516,98.81067398462076,99.03238677978516,467,0.0,0
2004-03-25,98.09623960899152,101.93928053330198,97.80061760651542,97.87451934814453,7303,0.0,0
2004-03-26,98.53966304321233,102.48124956494082,97.13546983765468,99.25407409667969,6326,0.0,0
2004-03-29,98.5396723145489,99.52506903769438,98.21942138671876,98.21942138671875,1113,0.0,0
2004-03-30,98.21942138671876,98.21942138671876,98.21942138671876,98.21942138671875,0,0.0,0
2004-03-31,99.03236543458398,100.01776210557487,97.55427042809765,97.99769592285156,1805,0.0,0
2004-04-01,99.52507072202349,101.00316583175652,97.55427724237946,99.84532165527344,1128,0.0,0
2004-04-02,99.69751656236255,101.49586257655105,99.69751656236255,100.87998962402344,187,0.0,0
2004-04-05,100.01775985027676,100.01775985027676,98.04696655273436,98.04696655273438,423,0.0,0
2004-04-06,96.5935287475586,96.5935287475586,96.5935287475586,96.5935287475586,153,0.0,0
2004-04-07,96.07619088054533,99.91924001936337,95.38641610705696,98.98310852050781,848,0.0,0
2004-04-08,99.52507674091994,99.52507674091994,97.55428314208984,97.55428314208984,60,0.0,0
2004-04-09,97.55428314208984,97.55428314208984,97.55428314208984,97.55428314208984,0,0.0,0
2004-04-12,97.55428562807234,99.52507927712429,97.55428562807234,98.66285705566406,1011,0.0,0
2004-04-13,98.66285705566406,98.66285705566406,98.66285705566406,98.66285705566406,0,0.0,0
2004-04-14,98.66285705566406,98.66285705566406,98.66285705566406,98.66285705566406,0,0.0,0
2004-04-15,96.10080805002399,101.00315479117022,96.10080805002399,100.58435821533203,621,0.0,0
2004-04-16,103.41739406303178,103.41739406303178,97.11086037994711,102.30882263183594,997,0.0,0
2004-04-19,101.49586516301989,101.98856353759766,101.00316678844212,101.98856353759766,157,0.0,0
2004-04-20,101.0031463022308,103.07247755214411,100.26409889026326,102.77686309814453,841,0.0,0
2004-04-21,101.00316033558053,101.93928418027924,99.08163980468105,101.29878234863281,977,0.0,0
2004-04-22,101.98854517261874,101.98854517261874,100.04238844707524,101.89000701904297,175,0.0,0
2004-04-23,102.97395357404437,103.46665191650392,100.75681103297643,103.4666519165039,639,0.0,0
2004-04-27,99.57433104261776,102.48124805229388,99.57433104261776,102.45661163330078,842,0.0,0
2004-04-28,100.53509521484375,100.53509521484375,100.53509521484375,100.53509521484375,3,0.0,0
2004-04-29,100.53509521484375,100.53509521484375,100.53509521484375,100.53509521484375,100,0.0,0
2004-04-30,101.49583893358039,101.98853718083078,100.09164592172533,100.5597152709961,1404,0.0,0
2004-05-03,98.53968048095703,98.53968048095703,98.53968048095703,98.53968048095703,5,0.0,0
2004-05-04,101.00316619873045,101.00316619873045,98.564310762406,101.00316619873047,645,0.0,0
2004-05-05,96.07618168756275,101.49586373147655,96.07618168756275,100.19021606445312,140,0.0,0
2004-05-06,101.98855489843032,101.98855489843032,100.51045989990234,100.51045989990234,1275,0.0,0
2004-05-07,100.51045626241596,101.0031545774278,100.4611834237229,100.75680541992188,1488,0.0,0
2004-05-10,98.53967101661942,100.75681361449335,98.53967101661942,100.41192626953125,640,0.0,0
2004-05-11,96.37179819557167,96.81522369384767,96.07617618473432,96.81522369384766,608,0.0,0
2004-05-12,97.06157922512146,101.00316619873045,97.06157922512146,101.00316619873047,1130,0.0,0
2004-05-13,100.51043680300914,101.00313502263174,97.16008740597987,97.33253479003906,277,0.0,0
2004-05-14,97.55426953681976,97.55426953681976,97.18474578857423,97.18474578857422,375,0.0,0
2004-05-17,91.14920927348889,96.07619355854236,91.14920927348889,93.61270141601562,328,0.0,0
2004-05-18,93.61270141601562,93.61270141601562,93.61270141601562,93.61270141601562,100,0.0,0
2004-05-19,97.55428884405839,97.55428884405839,93.61270141601562,93.61270141601562,51,0.0,0
2004-05-20,98.04696166742787,101.00315146644579,98.04696166742787,100.65826416015625,1177,0.0,0
2004-05-21,101.00316175039949,101.00316175039949,97.60354614257812,97.60354614257812,94,0.0,0
2004-05-24,100.9785237834872,103.46665191650392,100.9785237834872,103.4666519165039,1864,0.0,0
2004-05-25,103.46665191650392,103.46665191650392,103.46665191650392,103.4666519165039,0,0.0,0
2004-05-26,101.00315664839574,103.71299743652344,101.00315664839574,103.71299743652344,957,0.0,0
2004-05-27,101.00315956898466,102.97395292642825,99.64823913574217,99.64823913574219,1527,0.0,0
2004-05-28,97.30791618572583,97.30791618572583,93.63731528130323,95.60810852050781,280,0.0,0
2004-05-31,99.5250772857666,99.5250772857666,98.53968048095703,98.53968048095703,555,0.0,0
2004-06-01,98.53968048095703,98.53968048095703,98.53968048095703,98.53968048095703,0,0.0,0
2004-06-02,97.55427759682259,101.00316619873045,97.55427759682259,101.00316619873047,257,0.0,0
2004-06-03,100.51045626241596,100.75680541992188,98.53966300236858,100.75680541992188,1338,0.0,0
2004-06-04,97.08621885953791,102.9739630925746,97.08621885953791,102.92469024658203,677,0.0,0
2004-06-07,101.00316619873045,101.00316619873045,101.00316619873045,101.00316619873047,322,0.0,0
2004-06-08,100.0177694553282,101.00316619873045,100.0177694553282,101.00316619873047,301,0.0,0
2004-06-09,102.48127587161848,102.48127587161848,99.03238677978516,99.03238677978516,101,0.0,0
2004-06-10,97.70208946347253,102.48126220703124,97.70208946347253,102.48126220703125,282,0.0,0
2004-06-11,100.04241211188783,100.04241211188783,97.08622169745912,98.53968048095703,79,0.0,0
2004-06-14,101.4958697536329,101.4958697536329,98.56431579589844,98.56431579589844,214,0.0,0
2004-06-15,98.56431690467348,98.56431690467348,98.53968048095703,98.53968048095703,100,0.0,0
2004-06-16,100.0177694553282,101.00316619873045,100.0177694553282,101.00316619873047,74,0.0,0
2004-06-17,101.00316619873045,101.9885629421327,98.58894718458716,101.00316619873047,218,0.0,0
2004-06-18,101.00316619873045,101.00316619873045,101.00316619873045,101.00316619873047,0,0.0,0
2004-06-21,101.00316619873045,101.00316619873045,101.00316619873045,101.00316619873047,107,0.0,0
2004-06-22,100.53509521484375,100.53509521484375,100.53509521484375,100.53509521484375,59,0.0,0
2004-06-23,101.00316619873045,101.00316619873045,98.53967434022483,101.00316619873047,115,0.0,0
2004-06-24,101.00316707904521,102.48126220703124,101.00316707904521,102.48126220703125,23,0.0,0
2004-06-25,101.00315967498443,101.00315967498443,97.57890771642853,100.97852325439453,260,0.0,0
2004-06-28,101.00317800304792,101.74222564697267,101.00317800304792,101.74222564697266,533,0.0,0
2004-06-29,98.53965981492719,101.49584960937501,98.53965981492719,101.495849609375,240,0.0,0
2004-06-30,101.00315131030037,101.49584960937501,98.53965981492719,101.495849609375,1166,0.0,0
2004-07-01,101.00316619873045,101.00316619873045,101.00316619873045,101.00316619873047,2,0.0,0
2004-07-02,101.00316619873045,101.00316619873045,101.00316619873045,101.00316619873047,0,0.0,0
2004-07-05,101.00315329811791,101.74220076127486,100.26410583496094,101.61902618408203,368,0.0,0
2004-07-06,101.00316619873045,101.00316619873045,101.00316619873045,101.00316619873047,17,0.0,0
2004-07-07,101.00316619873045,101.00316619873045,98.7860235260754,101.00316619873047,75,0.0,0
2004-07-08,101.00316619873045,101.00316619873045,101.00316619873045,101.00316619873047,1,0.0,0
2004-07-09,101.00316529226775,101.00316529226775,98.56430987783104,99.52507019042969,9,0.0,0
2004-07-12,101.00316619873045,101.00316619873045,98.564310762406,101.00316619873047,99,0.0,0
2004-07-13,101.00316619873045,101.00316619873045,96.69205544634562,101.00316619873047,132,0.0,0
2004-07-14,101.00316678844212,101.98856353759766,98.66284950919773,101.98856353759766,544,0.0,0
2004-07-15,102.11172135780222,108.34435176521217,102.11172135780222,107.53140258789062,1052,0.0,0
2004-07-16,109.88723387079828,113.99090971265521,109.88723387079828,113.48428344726562,11180,6.0,0
2004-07-19,112.80034177373311,113.9909166621841,112.80034177373311,113.96558380126953,2174,0.0,0
2004-07-20,115.00415496040817,115.00415496040817,107.05012464360826,114.0162353515625,618,0.0,0
2004-07-21,114.49752993126748,116.52403488580319,113.61093401365811,115.4347915649414,738,0.0,0
2004-07-22,112.47101014412489,114.95347529384401,108.92462694138221,113.23094940185547,1942,0.0,0
2004-07-23,111.96438419215633,114.44684934674999,110.54582936217342,112.39501953125,147,0.0,0
2004-07-26,111.45776819299768,113.96556643123961,111.45776819299768,112.85099029541016,439,0.0,0
2004-07-27,113.48428303640804,113.48428303640804,109.4312729279649,112.95232391357422,150,0.0,0
2004-07-28,113.83893768963317,113.83893768963317,111.48312828763754,113.40830993652344,824,0.0,0
2004-07-29,113.50960540771484,114.4468592703907,113.50960540771484,113.50960540771484,232,0.0,0
2004-07-30,113.50960540771484,113.50960540771484,113.50960540771484,113.50960540771484,0,0.0,0
2004-08-02,111.50842938392678,111.50842938392678,111.457763671875,111.457763671875,29,0.0,0
2004-08-03,109.93787945375898,113.28161528510633,109.43125328116102,111.2044448852539,979,0.0,0
2004-08-04,110.44451141357422,110.44451141357422,110.44451141357422,110.44451141357422,92,0.0,0
2004-08-05,108.94995996329332,111.45775797155288,108.94995996329332,111.2044448852539,932,0.0,0
2004-08-06,110.44452143851106,110.95114768364185,106.92347058095271,110.7231674194336,934,0.0,0
2004-08-09,111.45773535650986,111.45773535650986,110.54580688476562,110.54580688476562,304,0.0,0
2004-08-10,109.93787057749086,111.45774897257137,109.93787057749086,109.96320343017578,229,0.0,0
2004-08-11,110.115207476331,112.44568335409585,110.115207476331,110.44451141357422,1429,0.0,0
2004-08-12,111.45776184936952,111.45776184936952,109.45658994408355,109.50724792480469,1934,0.0,0
2004-08-13,109.9378752782143,111.45775373828178,109.9378752782143,111.35643005371094,1070,0.0,0
2004-08-16,110.21651649097113,113.30693125585911,110.21651649097113,110.97645568847656,473,0.0,0
2004-08-17,110.97645568847656,110.97645568847656,110.97645568847656,110.97645568847656,0,0.0,0
2004-08-18,109.1779408717176,109.70989990234375,109.1779408717176,109.70989990234375,118,0.0,0
2004-08-19,109.93788507634943,111.58442022150214,109.93788507634943,111.457763671875,304,0.0,0
2004-08-20,111.4577610126877,111.4577610126877,108.41800389415985,111.00180053710938,716,0.0,0
2004-08-23,111.45776027504436,111.96438645811276,108.92462935970245,111.30577087402344,591,0.0,0
2004-08-24,111.45777608159001,112.01506805419922,109.45660392077119,112.01506805419922,1463,0.0,0
2004-08-25,108.0633587139487,108.0633587139487,107.91136932373047,107.91136932373047,76,0.0,0
2004-08-26,106.64482116699219,106.64482116699219,106.64482116699219,106.64482116699219,10,0.0,0
2004-08-27,106.97413030261671,108.92464447021484,106.69549204767682,108.92464447021484,225,0.0,0
2004-08-30,109.43125867513103,109.43125867513103,108.89929962158203,108.89929962158203,2,0.0,0
2004-08-31,106.39148767607368,106.39148767607368,105.91019439697266,105.91019439697266,200,0.0,0
2004-09-01,105.42892508991126,105.96087646484375,104.36500687904022,105.96087646484375,927,0.0,0
2004-09-02,104.49166841724484,106.391516933922,104.49166841724484,105.50492095947266,318,0.0,0
2004-09-03,105.37824625261662,105.88487243652344,105.37824625261662,105.88487243652344,139,0.0,0
2004-09-06,109.91252951012737,110.44448845474808,106.64479275102968,109.43123626708984,1569,0.0,0
2004-09-07,105.88487243652344,105.88487243652344,105.88487243652344,105.88487243652344,50,0.0,0
2004-09-08,105.96086556529472,109.17794499493333,105.96086556529472,107.17677307128906,412,0.0,0
2004-09-09,105.04895163840457,106.64482116699219,105.04895163840457,106.64482116699219,9,0.0,0
2004-09-10,105.37825548071177,106.46749877929688,105.37825548071177,106.46749877929688,568,0.0,0
2004-09-13,106.39150622256793,108.92463732310526,106.39150622256793,107.07545471191406,1168,0.0,0
2004-09-14,104.87162780761719,104.87162780761719,104.87162780761719,104.87162780761719,100,0.0,0
2004-09-15,104.87162976576687,105.37825599651937,104.61831665039062,104.61831665039062,205,0.0,0
2004-09-16,108.92464447021484,108.92464447021484,106.41684606223379,108.92464447021484,246,0.0,0
2004-09-17,106.39152296587531,109.40594790380767,105.8848966660378,109.20330047607422,188,0.0,0
2004-09-20,106.39149862043024,106.89812480433706,105.42891196320814,105.88487243652344,624,0.0,0
2004-09-21,105.8848559087192,107.68338012695312,105.8848559087192,107.68338012695312,354,0.0,0
2004-09-22,107.91138673904672,108.41801296786853,106.64482116699219,106.64482116699219,589,0.0,0
2004-09-23,106.64482116699219,106.64482116699219,106.64482116699219,106.64482116699219,0,0.0,0
2004-09-24,105.37825731961232,107.4047622680664,105.37825731961232,107.4047622680664,582,0.0,0
2004-09-27,105.37825559493764,107.151447395814,105.37825559493764,106.64482116699219,416,0.0,0
2004-09-28,104.39031774273346,107.78471133624707,104.39031774273346,105.47956085205078,472,0.0,0
2004-09-29,106.89813603095288,107.4047622680664,106.89813603095288,107.4047622680664,316,0.0,0
2004-09-30,104.87162807463142,106.41683959960938,104.87162807463142,106.41683959960938,441,0.0,0
2004-10-01,106.39148767607368,108.82329465476991,105.37823541249203,105.91019439697266,1352,0.0,0
2004-10-04,103.37707802569439,107.45542049637575,103.37707802569439,106.3915023803711,380,0.0,0
2004-10-05,103.50374821237469,103.60507191998549,103.35175878570679,103.42774963378906,62,0.0,0
2004-10-06,104.99828032539004,106.3915023803711,104.99828032539004,106.3915023803711,51,0.0,0
2004-10-07,106.3915023803711,106.41683523656214,105.88487617855981,106.3915023803711,1444,0.0,0
2004-10-08,105.50490652720134,108.21535979909268,105.50490652720134,106.3915023803711,1330,0.0,0
2004-10-11,106.3914985984656,107.40475096607004,104.41565957383779,104.69429779052734,845,0.0,0
2004-10-12,104.49166841724484,106.391516933922,104.49166841724484,105.50492095947266,479,0.0,0
2004-10-13,105.50492095947266,105.50492095947266,105.50492095947266,105.50492095947266,0,0.0,0
2004-10-14,104.36500569136969,107.15145001808102,104.36500569136969,107.10078430175781,826,0.0,0
2004-10-15,105.88488485896768,107.40476358900071,105.50491517645942,106.44217681884766,1054,0.0,0
2004-10-18,106.44217941568066,106.89813995361328,104.99829149472205,106.89813995361328,474,0.0,0
2004-10-19,107.40477248760442,107.40477248760442,106.16353963467385,106.49284362792969,2140,0.0,0
2004-10-20,107.40477688275676,107.40477688275676,106.46751512436131,106.51818084716797,638,0.0,0
2004-10-21,105.63157043816908,107.4047622680664,105.63157043816908,107.4047622680664,600,0.0,0
2004-10-22,107.4047622680664,107.4047622680664,107.4047622680664,107.4047622680664,0,0.0,0
2004-10-25,114.2442085084461,114.2442085084461,106.3915023803711,106.3915023803711,56,0.0,0
2004-10-26,104.87162780761719,104.87162780761719,104.87162780761719,104.87162780761719,209,0.0,0
2004-10-27,104.87162780761719,104.87162780761719,104.87162780761719,104.87162780761719,43,0.0,0
2004-10-28,104.87162780761719,104.87162780761719,104.87162780761719,104.87162780761719,0,0.0,0
2004-10-29,107.40474893917147,107.40474893917147,106.8981227649301,107.15143585205078,400,0.0,0
2004-11-01,106.3915023803711,106.3915023803711,106.3915023803711,106.3915023803711,50,0.0,0
2004-11-02,105.37824997674852,106.3915023803711,105.37824997674852,106.3915023803711,906,0.0,0
2004-11-03,104.87162780761719,104.87162780761719,104.87162780761719,104.87162780761719,547,0.0,0
2004-11-04,103.88369750976562,103.88369750976562,103.88369750976562,103.88369750976562,115,0.0,0
2004-11-05,110.90048066643179,110.90048066643179,104.87163151227512,105.37825775146484,911,0.0,0
2004-11-08,105.42894208847228,105.53026580810547,105.42894208847228,105.53026580810547,551,0.0,0
2004-11-09,106.3915023803711,106.3915023803711,104.36499757312593,106.3915023803711,329,0.0,0
2004-11-10,106.3915023803711,106.3915023803711,103.85837137131465,106.3915023803711,980,0.0,0
2004-11-11,105.37826439169419,106.391516933922,105.37826439169419,105.50492095947266,606,0.0,0
2004-11-12,104.87163151227512,105.37825775146484,104.87163151227512,105.37825775146484,102,0.0,0
2004-11-15,105.37825775146484,105.37825775146484,105.37825775146484,105.37825775146484,0,0.0,0
2004-11-16,105.42892567764451,106.72081643025733,104.1116943359375,104.1116943359375,1496,0.0,0
2004-11-17,105.37824345667869,107.1514350533055,104.82095157696666,105.2515869140625,3367,0.0,0
2004-11-18,104.8716547800162,107.35412081062633,104.8716547800162,106.08755493164062,1409,0.0,0
2004-11-19,106.39149862043024,106.39149862043024,105.50490279859332,105.88487243652344,1275,0.0,0
2004-11-22,105.88489401552098,108.9246517384546,105.37826772836539,107.0248031616211,861,0.0,0
2004-11-23,107.15144462995632,107.15144462995632,106.01153564453125,106.01153564453125,1325,0.0,0
2004-11-24,111.45777216497457,111.45777216497457,106.39150979383936,107.4047622680664,1006,0.0,0
2004-11-25,107.4047482619958,109.4312529461844,106.3914959199015,108.64598083496094,1561,0.0,0
2004-11-26,108.64598083496094,108.64598083496094,108.64598083496094,108.64598083496094,0,0.0,0
2004-11-29,107.40474522877,110.95112832594636,106.41682576922834,107.83538055419922,1068,0.0,0
2004-11-30,106.39151369790895,109.68458435998708,106.39151369790895,106.89813995361328,368,0.0,0
2004-12-01,106.89814833776585,109.4312798149641,106.89814833776585,107.96206665039062,1540,0.0,0
2004-12-02,106.3915141129585,108.41801914368152,106.3915141129585,107.43009948730469,1291,0.0,0
2004-12-03,108.9246427370737,109.43126898236241,107.40476400120755,108.16470336914062,941,0.0,0
2004-12-06,108.19002986463826,108.92463633100265,107.20211029052734,107.20211029052734,666,0.0,0
2004-12-07,107.4047622680664,107.4047622680664,107.4047622680664,107.4047622680664,104,0.0,0
2004-12-08,107.9113991641434,107.9113991641434,106.8981465898322,107.0248031616211,285,0.0,0
2004-12-09,111.45776373292676,117.68926752409541,111.45776373292676,115.02947998046875,3353,0.0,0
2004-12-10,117.68926125997521,117.68926125997521,111.96438397230452,113.23094940185547,1122,0.0,0
2004-12-13,108.69666706813969,121.03301202415905,108.69666706813969,117.94259643554688,21366,0.0,0
2004-12-14,118.32258209589902,129.74700749726836,118.32258209589902,127.08721923828125,2645,0.0,0
2004-12-15,129.18969661300878,132.2294541803737,123.3634946088927,124.37674713134766,2865,0.0,0
2004-12-16,122.60352905837973,124.07274181026712,118.7025092253498,124.04741668701172,1477,0.0,0
2004-12-17,124.52871042325708,124.52871042325708,120.57702486884992,123.38880157470703,465,0.0,0
2004-12-20,126.65656142945514,126.65656142945514,121.59029897227694,123.69279479980469,2401,0.0,0
2004-12-21,125.13667409381833,125.13667409381833,121.59029061747529,121.6156234741211,610,0.0,0
2004-12-22,121.74228329773322,125.64330368041992,121.33698077201844,121.59029388427734,385,0.0,0
2004-12-23,122.6035326739309,122.6035326739309,119.81708874952338,122.17289733886719,431,0.0,0
2004-12-24,123.11016528862926,125.64329626164633,120.83034741291391,124.32606506347656,911,0.0,0
2004-12-27,129.16436746033793,129.16436746033793,124.12343756257096,124.7060546875,1552,0.0,0
2004-12-28,126.65652477835107,130.7095335712583,125.64327258012426,128.6830291748047,1971,0.0,0
2004-12-29,127.66977435404,129.69627870886603,125.38995695486071,126.37787628173828,1045,0.0,0
2004-12-30,125.89659696306501,127.16316232486648,124.12340545654297,124.12340545654297,610,0.0,0
2004-12-31,122.85685503730501,122.85685503730501,119.86776351210351,121.56495666503906,1228,0.0,0
2005-01-03,122.09691991884846,125.64330348495609,122.09691991884846,122.60354614257812,1844,0.0,0
2005-01-04,129.06300002842323,129.06300002842323,122.12222394787219,124.0220718383789,5075,0.0,0
2005-01-05,128.17643869976143,128.68306493968143,121.59029758080135,124.65538787841797,2253,0.0,0
2005-01-06,125.64329553823002,125.64329553823002,119.05715504630668,123.61679077148438,1235,0.0,0
2005-01-07,123.61679351715942,126.1499245318553,123.36348041568984,125.4406509399414,1089,0.0,0
2005-01-10,126.65653618014589,126.65653618014589,124.12340545654297,124.12340545654297,835,0.0,0
2005-01-11,122.1982520999852,122.3502415237551,122.1982520999852,122.29957580566406,251,0.0,0
2005-01-12,121.5902971507962,126.40324641301522,116.54936762752003,119.00650024414062,1444,0.0,0
2005-01-13,126.6058904148027,126.6058904148027,118.2972234249115,121.59029388427734,251,0.0,0
2005-01-14,121.59029388427734,121.59029388427734,121.59029388427734,121.59029388427734,0,0.0,0
2005-01-17,124.12340545654297,124.12340545654297,124.12340545654297,124.12340545654297,150,0.0,0
2005-01-18,119.56377373972246,125.6432876586914,119.08248043390444,125.6432876586914,356,0.0,0
2005-01-19,124.12343553928514,132.22945581940172,121.89428305445442,122.22358703613281,1934,0.0,0
2005-01-20,114.29488335603295,134.255954210618,114.26955049781715,133.04005432128906,9049,0.0,0
2005-01-24,138.8155648858355,138.8155648858355,122.65419381796987,124.174072265625,5308,0.0,0
2005-01-25,124.98467895099674,129.13901214375403,119.05715410140995,122.55287170410156,1439,0.0,0
2005-01-27,119.61443817886291,124.12340786205954,119.61443817886291,122.19822692871094,350,0.0,0
2005-01-28,117.03065615480051,123.97143378324877,117.03065615480051,120.83035278320312,580,0.0,0
2005-01-31,125.5166432687927,125.5166432687927,121.08366394042969,121.08366394042969,343,0.0,0
2005-02-01,119.18383026123047,123.94611411676797,117.05600146897974,119.18383026123047,974,0.0,0
2005-02-02,118.62653254987686,119.05716795169056,117.53728921188174,117.5626220703125,1995,0.0,0
2005-02-03,120.57703195044505,123.61678905843945,120.57703195044505,121.84359741210938,855,0.0,0
2005-02-04,120.85566910556314,120.93165993553365,118.55051858693902,118.57585144042969,312,0.0,0
2005-02-07,120.07041604386497,122.09692095599772,119.81710292984837,120.09574890136719,214,0.0,0
2005-02-08,120.5770417424378,120.77968914056014,119.56378929082068,120.75436401367188,300,0.0,0
2005-02-09,123.51549983559129,123.51549983559129,120.5770655984361,120.62773132324219,318,0.0,0
2005-02-10,118.17056164747281,119.0571575012052,117.53727889480683,118.1198959350586,457,0.0,0
2005-02-11,124.07274413163664,124.07274413163664,112.06570562381724,115.5107650756836,2455,0.0,0
2005-02-14,122.67953714971551,122.67953714971551,116.04273824819013,116.65068817138672,2626,0.0,0
2005-02-15,116.54936347147687,120.8810191991117,116.54936347147687,119.15848541259766,814,0.0,0
2005-02-16,116.52400338799224,119.05713389642686,115.56141688698742,115.73873138427734,516,0.0,0
2005-02-17,117.79061126708984,117.79061126708984,117.79061126708984,117.79061126708984,25,0.0,0
2005-02-18,113.48425782431501,116.47334902302268,113.48425782431501,114.04154968261719,515,0.0,0
2005-02-21,119.25982185051424,119.25982185051424,111.58443688884076,111.86308288574219,814,0.0,0
2005-02-22,111.45775993675616,116.52402175206326,111.45775993675616,112.14170837402344,1335,0.0,0
2005-02-23,122.6035295746337,122.6035295746337,111.559077843711,113.9148941040039,580,0.0,0
2005-02-24,119.00651049900017,119.00651049900017,111.45778199261112,112.6230239868164,977,0.0,0
2005-02-25,112.47102552289081,113.73759112562607,111.86307557967847,112.21771240234375,1341,0.0,0
2005-02-28,109.43126463726402,110.69783020019531,109.38059892254569,110.69783020019531,460,0.0,0
2005-03-01,111.4577565556016,113.3322718243,109.96321091152458,111.98971557617188,1199,0.0,0
2005-03-02,109.78589662823316,112.97764325277527,109.78589662823316,111.33110809326172,2601,0.0,0
2005-03-03,113.68690940794434,114.24420128691051,111.48309020767313,113.88956451416016,666,0.0,0
2005-03-04,112.97761905764015,120.52634477243018,111.45774077435352,117.1826171875,1926,0.0,0
2005-03-07,115.78942434884826,116.01740460218433,115.5107783812141,115.76409149169922,362,0.0,0
2005-03-08,108.21535946813981,118.55053086128136,108.21535946813981,116.57469177246094,1902,0.0,0
2005-03-09,122.0969367086616,122.0969367086616,115.58678574630947,118.90518951416016,238,0.0,0
2005-03-10,121.18498428882309,130.81088972360436,115.08013709342987,127.89778137207031,9568,0.0,0
2005-03-11,131.72283335257316,134.76259104532485,122.9075391357947,126.83389282226562,26769,0.0,0
2005-03-14,124.12340606174536,128.04975870247404,122.60352762017297,122.62886047363281,721,0.0,0
2005-03-15,125.39002534496525,126.6059255288357,119.63981300967096,119.66514587402344,1096,0.0,0
2005-03-16,121.59028952145651,123.61679434681412,119.6144504089338,121.56495666503906,1616,0.0,0
2005-03-17,122.55288112874591,123.61679929686262,118.65186072982252,119.7411117553711,4258,0.0,0
2005-03-18,121.5902929726059,130.70956494555134,119.6144538040021,120.52637481689453,12541,0.0,0
2005-03-21,120.5770353205936,125.1366711100278,118.85450933678604,120.80501556396484,1623,0.0,0
2005-03-22,119.56379487592578,120.07042112540003,113.18030104034885,117.08132934570312,358,0.0,0
2005-03-23,114.09222071073954,124.07275548106777,114.09222071073954,121.08366394042969,285,0.0,0
2005-03-24,116.52402109914011,119.05715199259969,116.52402109914011,117.03064727783203,4358,0.0,0
2005-03-28,124.12341503744746,124.12341503744746,114.49751754474745,114.87748718261719,4637,0.0,0
2005-03-29,114.49752044677734,114.49752044677734,114.49752044677734,114.49752044677734,300,0.0,0
2005-03-30,114.49752044677734,114.49752044677734,114.49752044677734,114.49752044677734,0,0.0,0
2005-03-31,125.59264502170727,125.59264502170727,115.105483131108,115.40946197509766,188,0.0,0
2005-04-01,126.14991849428647,126.14991849428647,113.73757711633459,117.03064727783203,117,0.0,0
2005-04-04,117.0306695886681,121.53964034641973,116.7773564510303,120.42506408691406,520,0.0,0
2005-04-05,115.56144907024412,120.2224089577165,115.56144907024412,119.05716705322266,100,0.0,0
2005-04-06,126.1499392095853,126.1499392095853,119.08250440237785,123.18617248535156,3328,0.0,0
2005-04-07,114.06689938286678,126.14993877988874,114.06689938286678,125.38999938964844,3538,0.0,0
2005-04-08,126.65655093701339,130.20293436324977,125.99793532604045,126.80854034423828,4172,0.0,0
2005-04-11,126.65656788644247,130.68425292963406,122.60355771407632,128.93638610839844,2781,0.0,0
2005-04-12,130.70954404313846,132.73604860194683,129.18966562403222,130.15225219726562,1064,0.0,0
2005-04-13,130.70956844841012,143.17257690429688,130.70956844841012,143.17257690429688,8119,0.0,0
2005-04-15,144.38847403201567,155.53425097483793,144.38847403201567,147.47889709472656,10130,0.0,0
2005-04-18,144.43913528931532,162.19637773174205,139.8288336948564,161.38577270507812,13687,0.0,0
2005-04-19,162.72835421034773,162.72835421034773,155.12896062258565,157.38343811035156,6654,0.0,0
2005-04-20,158.06738411021283,161.56310201275681,155.53425295460045,157.10479736328125,2064,0.0,0
2005-04-21,161.0564932645094,161.10715898532263,151.98788583521002,156.49685668945312,2089,0.0,0
2005-04-22,161.36045224914122,164.32421875,161.36045224914122,164.32421875,3787,0.0,0
2005-04-25,171.59427307760095,172.50619390946153,164.93212722888902,169.415771484375,16298,0.0,0
2005-04-26,169.71981134688772,171.2396902544718,165.66680092666354,166.32540893554688,5075,0.0,0
2005-04-27,168.68121864812287,169.21317003418707,158.01672664930456,159.18197631835938,2373,0.0,0
2005-04-28,161.8670666121011,162.09505458046348,156.04086546643862,158.52333068847656,2865,0.0,0
2005-04-29,158.57401287932515,159.43528367042032,153.65973217438145,155.00230407714844,1419,0.0,0
2005-05-02,155.00230152080766,158.2953720214994,151.9878692626953,151.9878692626953,699,0.0,0
2005-05-03,152.59584642236518,155.28095960469923,151.98788868322924,154.74900817871094,347,0.0,0
2005-05-04,155.0275993724861,157.9153745648061,153.50772094726562,153.50772094726562,1209,0.0,0
2005-05-05,153.7610610707601,154.01437418619793,150.72130368550617,151.9878692626953,1559,0.0,0
2005-05-06,154.52102816426896,154.52102816426896,152.24120971594368,153.7357635498047,612,0.0,0
2005-05-09,155.2809414632329,161.4364471435547,155.2809414632329,161.4364471435547,4640,0.0,0
2005-05-10,162.17106171277376,169.51714215637983,162.17106171277376,169.4664764404297,13652,0.0,0
2005-05-11,169.71976115457414,171.74626576537503,164.7294904582763,167.36395263671875,6002,0.0,0
2005-05-12,167.1866399168058,169.7197708246362,165.717427082465,165.92007446289062,3895,0.0,0
2005-05-13,165.71746686931232,170.17577215307972,165.66680114679065,169.77047729492188,1155,0.0,0
2005-05-16,171.8982604405457,178.28175354003906,171.8982604405457,178.28175354003906,8168,0.0,0
2005-05-17,180.51089756148255,182.892046736638,176.30590654944606,176.9138641357422,3013,0.0,0
2005-05-18,178.83903108232676,178.88969678956485,172.30355683469165,174.93800354003906,2083,0.0,0
2005-05-19,174.78604263862113,176.5592343755347,173.82345593078335,176.20458984375,1336,0.0,0
2005-05-20,174.8367227597735,176.30593579923251,173.0128651593043,175.31800842285156,851,0.0,0
2005-05-23,177.57250040923284,179.85231853146266,175.3180074150698,176.81256103515625,895,0.0,0
2005-05-24,176.30592829421224,181.3721906015172,175.29267583275126,179.24435424804688,1474,0.0,0
2005-05-25,176.30590907567907,178.83903995320318,175.54596981242182,177.1925048828125,956,0.0,0
2005-05-26,177.87647442063337,178.332434940496,172.75954634860548,176.25526428222656,1143,0.0,0
2005-05-27,174.78603496503808,174.78603496503808,172.81019592285156,172.81019592285156,3494,0.0,0
2005-05-30,172.25296020507812,172.25296020507812,168.757241457824,172.25296020507812,275,0.0,0
2005-05-31,169.82108849258677,171.23963550169077,169.71975708007812,169.71975708007812,374,0.0,0
2005-06-01,165.26152271056986,174.20347475842573,165.26152271056986,172.25296020507812,375,0.0,0
2005-06-02,172.25289935157414,176.8125349226452,168.30122137438073,170.2263946533203,579,0.0,0
2005-06-03,174.68473121414158,174.68473121414158,168.2252462900365,168.73187255859375,620,0.0,0
2005-06-06,173.26617235615305,174.7100602179888,169.79577955447925,173.5194854736328,1086,0.0,0
2005-06-07,174.76073091178145,174.76073091178145,171.518310546875,171.518310546875,202,0.0,0
2005-06-08,174.78605566481107,177.3191869063301,172.2782495513048,173.72213745117188,2699,0.0,0
2005-06-09,171.26498106950731,171.26498106950731,167.693272536737,168.0732421875,2791,0.0,0
2005-06-10,169.7197880125478,170.6823747628059,165.69210327680298,167.6932830810547,851,0.0,0
2005-06-13,167.693279174437,169.71978405872022,167.18665295336618,168.1999053955078,740,0.0,0
2005-06-14,170.20107757334006,170.20107757334006,167.1866455078125,167.1866455078125,648,0.0,0
2005-06-15,167.79464950806428,167.79464950806428,167.18669171741558,167.71864318847656,236,0.0,0
2005-06-16,166.17341271033655,168.19991774338942,164.65353393554688,164.65353393554688,1278,0.0,0
2005-06-17,169.7197815219547,169.7197815219547,165.41345870721855,167.9212646484375,550,0.0,0
2005-06-20,170.22638499713273,170.22638499713273,165.43876173468718,169.28912353515625,496,0.0,0
2005-06-21,166.24940490722656,166.24940490722656,166.24940490722656,166.24940490722656,50,0.0,0
2005-06-22,167.18664732851352,167.18664732851352,166.1733949204619,166.75601196289062,307,0.0,0
2005-06-23,166.17337066127234,169.21312744166147,166.17337066127234,166.52801513671875,875,0.0,0
2005-06-24,169.01051776775859,169.0358428955078,169.01051776775859,169.0358428955078,75,0.0,0
2005-06-27,166.57870805443255,168.7065445302071,165.18548583984375,165.18548583984375,330,0.0,0
2005-06-28,166.22409200406747,166.22409200406747,165.21083940478758,165.26150512695312,282,0.0,0
2005-06-29,165.31211007851806,165.6667545754663,164.65350225390384,165.6160888671875,986,0.0,0
2005-06-30,163.18428612257236,166.65467834472656,163.18428612257236,166.65467834472656,951,0.0,0
2005-07-01,167.1866516006988,167.1866516006988,164.67884564228626,166.78135681152344,793,0.0,0
2005-07-04,172.2529471792826,173.82349184870708,163.91893810929344,166.17343139648438,940,0.0,0
2005-07-05,166.17339143855284,169.7197747924244,164.65351285832216,165.4134521484375,1021,0.0,0
2005-07-06,165.33748420454785,169.51715087890625,164.65353565654246,169.51715087890625,290,0.0,0
2005-07-07,165.6667660831588,169.1878243295727,165.6667660831588,166.300048828125,777,0.0,0
2005-07-08,165.1601585916933,172.25292613857582,165.1601585916933,170.55572509765625,1267,0.0,0
2005-07-11,172.25292782066893,174.78605911214936,167.18666523770807,172.68356323242188,1096,0.0,0
2005-07-12,171.7462957905331,177.3191844445032,171.23966954926308,176.001953125,7359,0.0,0
2005-07-13,177.82583298269,179.295046174391,174.78607515392608,176.4832763671875,1430,0.0,0
2005-07-14,177.31916613406517,180.8655494567465,174.88736661148545,175.1913299560547,2736,0.0,0
2005-07-15,174.83671099666574,174.83671099666574,171.23966175516972,174.4567413330078,2527,0.0,0
2005-07-18,174.78603330432858,181.7268182025543,174.78603330432858,177.82579040527344,1849,0.0,0
2005-07-19,181.8787995202893,182.89205188530485,178.48439791308562,179.6749725341797,1173,0.0,0
2005-07-20,181.372150100923,182.3854023361237,178.9150103383609,180.51087951660156,1487,0.0,0
2005-07-21,178.83906898069918,183.34803958234556,178.83906898069918,180.35894775390625,1475,0.0,0
2005-07-22,183.77185145852548,183.77185145852548,177.49734897784515,178.28494262695312,1509,12.5,0
2005-07-25,181.14655639421983,181.14655639421983,175.37086908889688,179.09881591796875,425,0.0,0
2005-07-26,181.51408219951435,181.51408219951435,174.32072074718045,174.583251953125,535,0.0,0
2005-07-27,174.32072476141468,178.46871470613127,173.27059991345433,175.370849609375,156,0.0,0
2005-07-28,175.370849609375,175.370849609375,175.370849609375,175.370849609375,0,0.0,0
2005-07-29,180.59521814422968,180.88399605358492,176.18468118352345,176.97227478027344,2238,0.0,0
2005-08-01,178.49495684131594,178.49495684131594,175.89589173312015,177.33981323242188,745,0.0,0
2005-08-02,174.32072380346875,178.52122317222705,174.32072380346875,178.3374481201172,580,0.0,0
2005-08-03,178.521224153256,178.521224153256,173.87441849630483,175.370849609375,503,0.0,0
2005-08-04,174.84575689783247,192.90789794921875,174.34694127200498,192.90789794921875,12761,0.0,0
2005-08-05,197.9485507632262,208.10851274054846,190.59767619907456,195.5857696533203,4375,0.0,0
2005-08-08,196.89842324335137,200.46884157537693,190.3613891822182,193.7218017578125,1960,0.0,0
2005-08-09,186.3971716545295,191.64779620817822,186.3971716545295,189.54754638671875,943,0.0,0
2005-08-10,191.1227194046451,197.42346839600702,190.72892259268497,194.37811279296875,2468,0.0,0
2005-08-11,200.83637722183008,209.47366050788244,195.3232217686818,203.61920166015625,2716,0.0,0
2005-08-12,205.43066089081907,212.5977593376189,205.43066089081907,206.95333862304688,8807,0.0,0
2005-08-16,210.0249648019061,210.0249648019061,202.20153806776173,208.31851196289062,1576,0.0,0
2005-08-17,212.6502442452195,215.2230464646948,211.0750572508105,214.4617156982422,730,0.0,0
2005-08-18,210.05122694665872,215.14433912677686,208.4497928818314,209.9987335205078,578,0.0,0
2005-08-19,207.39964806987462,212.6502720716436,205.8244608693439,212.17771911621094,956,0.0,0
2005-08-22,210.02498378524814,212.65029608256376,206.3495465690063,207.84597778320312,1437,0.0,0
2005-08-23,208.97480960296843,208.97480960296843,204.7743109174816,205.14186096191406,2526,0.0,0
2005-08-24,204.77433530593032,209.97244984358508,201.09889851838798,202.4903106689453,960,0.0,0
2005-08-25,202.14900132251964,206.24448117362735,201.09887664032473,204.90557861328125,1498,0.0,0
2005-08-26,210.02499243226129,210.02499243226129,197.10845219295015,201.41397094726562,2988,0.0,0
2005-08-29,197.42342527482973,213.1752943127151,197.42342527482973,207.87216186523438,2287,0.0,0
2005-08-30,205.82449325170273,207.3996807000576,204.7743682861328,204.7743682861328,566,0.0,0
2005-08-31,205.8244477896272,211.07507145772993,204.77432305600664,206.66455078125,1762,0.0,0
2005-09-01,209.18486471845267,209.18486471845267,205.29940601898375,205.74571228027344,840,0.0,0
2005-09-02,205.29942379505908,210.55004844454908,205.29942379505908,209.28990173339844,1132,0.0,0
2005-09-05,214.48799079588053,215.2230749525107,210.12997927729006,213.22784423828125,2021,0.0,0
2005-09-06,212.6502771521279,230.47615247346943,212.6502771521279,223.91287231445312,4543,0.0,0
2005-09-08,231.02746088895233,235.75302258895363,218.95102543339348,220.97251892089844,7492,0.0,0
2005-09-09,223.15149087461307,223.15149087461307,210.62875106433512,214.4617156982422,387,0.0,0
2005-09-12,230.50237120318738,232.077558250134,212.17769842843472,221.97010803222656,1899,0.0,0
2005-09-13,229.4260041890551,229.97731325658745,219.47606607592138,228.4546356201172,1965,0.0,0
2005-09-14,229.97733593160797,233.65277280722728,223.177771302259,227.71957397460938,735,0.0,0
2005-09-15,243.4714102818011,243.4714102818011,220.52617991457083,223.75531005859375,689,0.0,0
2005-09-16,233.65278822639362,233.65278822639362,220.52622709007937,226.66946411132812,2212,0.0,0
2005-09-19,227.35201713010977,228.87469487152023,222.10139317791322,224.43792724609375,4098,0.0,0
2005-09-20,223.125265735361,225.14674308801597,217.9271353324418,217.97964477539062,3006,0.0,0
2005-09-21,220.52618446098708,222.62643383680603,205.82443883025462,216.0894012451172,3455,0.0,0
2005-09-22,213.04407713956286,223.15152873521677,204.774344015846,206.16575622558594,2541,0.0,0
2005-09-23,204.774390748583,215.27564155620263,190.33517088810598,201.72903442382812,3130,0.0,0
2005-09-26,202.1489878362739,207.39961089695635,202.1489878362739,204.24923706054688,497,0.0,0
2005-09-27,206.34952235294642,218.95101990121796,206.34952235294642,215.77439880371094,1346,0.0,0
2005-09-28,225.51429645849092,225.51429645849092,219.4760789747362,222.36392211914062,1214,0.0,0
2005-09-29,224.7267205082877,227.35203266375837,215.8006591796875,215.8006591796875,1754,0.0,0
2005-09-30,215.85313733678092,220.5261890913718,211.07506670174158,213.07029724121094,3484,0.0,0
2005-10-03,214.75048450624175,219.47604528999767,212.83401028200007,219.44979858398438,540,0.0,0
2005-10-04,219.21351422741046,219.21351422741046,214.2254222869065,214.3829345703125,154,0.0,0
2005-10-05,216.85077002623203,220.52620680633765,216.85077002623203,220.0011444091797,816,0.0,0
2005-10-06,213.2015632402987,220.52618951581218,208.2397335903718,214.12042236328125,1144,0.0,0
2005-10-07,223.1515125713857,223.1515125713857,212.28271484375,212.28271484375,480,0.0,0
2005-10-10,212.12525387032497,214.19925719262048,212.12525387032497,214.09423828125,621,0.0,0
2005-10-11,210.65501244832004,210.68125915527344,210.60250301078264,210.68125915527344,340,0.0,0
2005-10-13,208.9748333750833,214.61925412579222,208.9748333750833,211.15383911132812,993,0.0,0
2005-10-14,208.44982353747108,209.68372368253358,206.0870421623612,208.52857971191406,428,0.0,0
2005-10-17,207.37338578035272,207.39963248893665,200.7050873896102,204.59054565429688,1595,0.0,0
2005-10-18,203.75043441229408,213.7003721542348,201.09887600754774,203.01535034179688,1385,0.0,0
2005-10-19,201.6239925986842,207.39967988666734,194.90319925484883,199.52374267578125,1564,0.0,0
2005-10-20,199.52371804832413,199.52371804832413,194.79815630507434,199.02490234375,762,0.0,0
2005-10-21,194.32559483464826,202.0965118408203,194.273085390627,202.0965118408203,954,0.0,0
2005-10-24,202.0965118408203,202.0965118408203,202.0965118408203,202.0965118408203,0,0.0,0
2005-10-25,197.97476400594323,198.47357967648782,196.89839253619823,198.36856079101562,163,0.0,0
2005-10-26,197.97473517543915,206.8483009257438,194.53558349609375,194.53558349609375,1030,0.0,0
2005-10-27,202.1490540711776,204.7743664617124,193.22299194335938,193.22299194335938,1552,0.0,0
2005-10-28,190.0725818390221,190.0725818390221,186.39714517362665,188.44488525390625,314,0.0,0
2005-10-31,189.02246127471082,190.0725860595703,187.44727409742154,190.0725860595703,781,0.0,0
2005-11-02,206.34957647228052,206.34957647228052,192.17288801235284,196.50465393066406,88,0.0,0
2005-11-04,196.50465393066406,196.50465393066406,196.50465393066406,196.50465393066406,0,0.0,0
2005-11-07,194.2993434526584,196.8984088590513,194.2730967409306,195.61199951171875,361,0.0,0
2005-11-08,197.47596722734616,203.1728973388672,196.89839539612436,203.1728973388672,855,0.0,0
2005-11-09,202.70036427471786,202.70036427471786,199.52374267578125,199.52374267578125,190,0.0,0
2005-11-10,204.72185803023902,207.37343317208516,197.73853344604078,199.52374267578125,445,0.0,0
2005-11-11,196.89836884194347,199.52368042650272,195.32318189120792,196.5833282470703,1492,0.0,0
2005-11-14,195.95330651044566,196.00579993486684,195.95330651044566,195.97955322265625,579,0.0,0
2005-11-16,200.04876437369433,200.04876437369433,195.8482653842204,196.9246368408203,330,0.0,0
2005-11-17,197.9485276641229,202.8578643798828,197.9485276641229,202.8578643798828,942,0.0,0
2005-11-18,199.52368327416804,201.59768586502278,197.23965895827712,198.23727416992188,594,0.0,0
2005-11-21,194.27307654374482,202.09650263767196,191.6477646985591,198.21104431152344,348,0.0,0
2005-11-22,199.57618787845996,206.87455080623826,199.52367844256483,201.46641540527344,1886,0.0,0
2005-11-23,201.46644333464948,212.1252033301522,201.12513996583124,210.7863006591797,1798,0.0,0
2005-11-24,210.55002578735352,211.60015060424803,210.02496337890625,210.02496337890625,1435,0.0,0
2005-11-25,210.02493462064012,215.27555798615612,205.8244359282273,214.8555145263672,7737,0.0,0
2005-11-28,215.27562892780503,215.27562892780503,207.58346636718508,214.09423828125,3216,0.0,0
2005-11-29,212.65025795575986,217.9008816089885,212.65025795575986,215.3280792236328,768,0.0,0
2005-11-30,210.70752290352962,257.17554269968946,210.70752290352962,235.7792510986328,9724,0.0,0
2005-12-01,246.7793431664318,278.28308910257203,244.23278716520036,248.8795928955078,8494,0.0,0
2005-12-02,249.4046720443507,257.0180778225467,238.90342269511487,244.4428253173828,2679,0.0,0
2005-12-05,241.55498895951268,257.22810728599535,241.55498895951268,255.07534790039062,3289,0.0,0
2005-12-06,257.2805992165376,280.54085922604844,250.48103411350397,271.7460632324219,20336,0.0,0
2005-12-07,273.03244774356847,275.50024743070384,264.1063869519518,266.6004333496094,4178,0.0,0
2005-12-08,265.1827927571969,276.7079203263539,264.1064211084554,265.7078552246094,7198,0.0,0
2005-12-09,267.20426894892614,268.8319656959526,264.6839756799801,265.9441223144531,19236,0.0,0
2005-12-12,265.1565438822167,269.3570435872815,265.1565438822167,266.78424072265625,636,0.0,0
2005-12-13,266.731715963953,269.3570281289525,265.7341005459799,265.9441223144531,10331,0.0,0
2005-12-14,267.7818459806725,267.7818459806725,262.5312215496789,264.605224609375,1760,0.0,0
2005-12-15,262.5312078062036,267.23052283538794,257.2805836500795,260.5884704589844,1211,0.0,0
2005-12-16,255.1803052764578,260.430928841817,252.68625908291216,254.65524291992188,300,0.0,0
2005-12-19,262.5311715262277,262.5311715262277,256.2304234095982,257.2805480957031,623,0.0,0
2005-12-20,262.50496309343316,278.80814481286785,254.13021109120157,255.49537658691406,710,0.0,0
2005-12-21,254.65524905233116,258.82950129676544,249.40462536053053,250.13970947265625,462,0.0,0
2005-12-22,249.66715472569567,252.0299353697874,249.66715472569567,249.9559326171875,950,0.0,0
2005-12-23,247.30432851172014,258.33063615237006,247.30432851172014,253.97262573242188,1965,0.0,0
2005-12-26,255.70535658371847,255.70535658371847,236.85562200332043,246.1492156982422,857,0.0,0
2005-12-27,251.50483594392475,254.6552096718236,249.4045867919922,249.4045867919922,595,0.0,0
2005-12-28,261.4810965334866,261.4810965334866,246.77934813401347,255.5478973388672,456,0.0,0
2005-12-29,257.2805667192508,257.2805667192508,249.43087771295546,255.96791076660156,392,0.0,0
2005-12-30,257.8056656105779,264.6314775310209,255.20660004680155,255.2591094970703,1494,0.0,0
2006-01-02,259.90590680030084,260.95603167626166,259.64337558131064,260.43096923828125,314,0.0,0
2006-01-03,262.5312023172404,270.40713838675765,257.3593344268642,261.50732421875,3313,0.0,0
2006-01-04,262.53121129617784,270.1708631354432,261.2185552396969,267.072998046875,5811,0.0,0
2006-01-05,267.78181062625526,271.98230961647107,267.28299496171434,267.8343200683594,3013,0.0,0
2006-01-06,270.4071550289359,274.08259208758165,262.53121847469504,266.3379211425781,11925,0.0,0
2006-01-09,253.15880570470216,267.78179517537797,253.15880570470216,266.99420166015625,2737,0.0,0
2006-01-10,274.0826098314934,274.0826098314934,265.15654782548694,265.8916320800781,2565,0.0,0
2006-01-12,265.156508563147,273.03244446106225,256.3617134771416,272.55987548828125,1757,0.0,0
2006-01-13,275.6315326860359,275.6577793984298,265.9441243148661,266.3379211425781,12765,0.0,0
2006-01-16,270.19718140415114,270.40721924771975,262.53128082302885,262.9513244628906,1003,0.0,0
2006-01-17,267.46673434134414,267.78177492833873,259.51204364378714,261.1397399902344,201,0.0,0
2006-01-18,258.35696344683714,264.6314659233218,258.35696344683714,264.05389404296875,444,0.0,0
2006-01-19,267.729335403662,268.30690729336476,259.38084579828217,266.7317199707031,596,0.0,0
2006-01-20,262.5312447662246,267.7818696615491,262.5312447662246,263.8701477050781,1323,0.0,0
2006-01-23,263.0562398302296,271.06344074322556,263.0562398302296,266.4953918457031,1186,0.0,0
2006-01-24,267.7818233107216,267.7818233107216,265.4190425168035,266.1803894042969,1835,0.0,0
2006-01-25,270.3809113434417,288.2592811122622,267.7555991293045,282.2998352050781,14649,0.0,0
2006-01-27,294.0349443423633,294.0349443423633,275.71025374212047,285.161376953125,3694,0.0,0
2006-01-30,286.15900876247196,286.15900876247196,270.40713672050106,275.0276794433594,4046,0.0,0
2006-01-31,264.3951431186606,275.1326747149862,264.3951431186606,269.8558044433594,899,0.0,0
2006-02-01,267.7818069821272,267.7818069821272,264.63143278233747,267.4667663574219,654,0.0,0
2006-02-02,267.7555729513367,267.7818196614583,257.8056342230903,259.9058837890625,1072,0.0,0
2006-02-03,257.96316887880107,263.5813433639402,257.96316887880107,258.3307189941406,1677,0.0,0
2006-02-06,272.11355853315484,272.11355853315484,253.36882652865444,259.40704345703125,981,0.0,0
2006-02-07,239.03462346883296,267.78178576409624,239.00837676203378,255.28530883789062,1338,0.0,0
2006-02-08,254.6552389735198,256.65046948798357,252.55498957992376,254.70774841308594,895,0.0,0
2006-02-10,270.35467591912163,270.38092263290525,255.2328673201162,259.19708251953125,1095,0.0,0
2006-02-13,255.36415510727923,259.38088010663245,253.63143920898438,253.63143920898438,670,0.0,0
2006-02-14,249.92968371984034,256.7554944096679,249.92968371984034,250.82229614257812,876,0.0,0
2006-02-15,252.55504140498127,252.6863070190171,249.4046666681208,249.772216796875,4033,0.0,0
2006-02-16,250.84855512179487,253.81515440045538,244.94160327434287,246.64805603027344,978,0.0,0
2006-02-17,253.57892486708573,253.60517158098386,245.33543772508222,245.9130096435547,110,0.0,0
2006-02-20,248.8795770947072,248.8795770947072,244.67907790323534,247.6194305419922,1585,0.0,0
2006-02-21,246.77932137224775,247.82944614404454,243.62894705685736,244.9678497314453,752,0.0,0
2006-02-22,245.2041308994102,249.37838322031982,242.683837890625,242.683837890625,73,0.0,0
2006-02-23,253.55265205755367,253.55265205755367,242.65760629923452,244.15403747558594,119,0.0,0
2006-02-24,241.79122022048298,249.3783778398944,241.52868903674738,242.342529296875,891,0.0,0
2006-02-27,241.5287008798741,245.20413763239392,236.54060814431148,237.7482452392578,462,0.0,0
2006-02-28,241.52873963997217,242.47384568997884,234.70292743275556,241.63375854492188,2125,0.0,0
2006-03-01,241.52868064480256,241.52868064480256,236.80311950175206,237.17066955566406,247,0.0,0
2006-03-02,236.27814492026528,243.62902054000688,236.27814492026528,238.90345764160156,1150,0.0,0
2006-03-03,241.55494745168346,250.4547614210675,241.55494745168346,250.19223022460938,4515,0.0,0
2006-03-06,246.77929276299065,257.28053926354346,246.77929276299065,255.28530883789062,2473,0.0,0
2006-03-07,275.65777811714247,290.35952628339004,246.67432532280077,253.92019653320312,24952,0.0,0
2006-03-08,254.1302107343022,257.2805852475374,251.92494216558424,253.6051483154297,2794,0.0,0
2006-03-09,253.60518152937104,259.2496032714844,252.02999406645569,259.2496032714844,357,0.0,0
2006-03-10,256.7555325394179,257.2805949781488,251.26862364522623,255.1540985107422,1415,0.0,0
2006-03-13,242.57880638332114,263.52879100260895,242.57880638332114,258.0681457519531,2913,0.0,0
2006-03-14,243.10387889674453,261.7435931534064,243.10387889674453,256.2304382324219,3830,0.0,0
2006-03-16,244.15403209402535,261.4285829879941,244.15403209402535,254.7602996826172,5124,0.0,0
2006-03-17,255.23282613302155,271.9823128509707,246.96309364768797,259.14453125,6841,0.0,0
2006-03-20,245.72919942732415,261.481071185486,245.72919942732415,260.11590576171875,2553,0.0,0
2006-03-21,249.43084413283896,260.43090594458755,249.40459742677237,256.0203857421875,7024,0.0,0
2006-03-22,252.29246231551022,261.7435847331568,252.29246231551022,254.65524291992188,4617,0.0,0
2006-03-23,249.4046193977295,261.6123191893026,249.4046193977295,258.8819885253906,15537,0.0,0
2006-03-24,250.45471764878462,261.48102597294496,250.45471764878462,257.5693054199219,11086,0.0,0
2006-03-27,252.55498112994323,262.5311654157414,252.55498112994323,260.3258972167969,6567,0.0,0
2006-03-28,247.3043859548341,259.9058833283288,247.3043859548341,258.0156555175781,2758,0.0,0
2006-03-29,259.38081624348956,259.38081624348956,255.180317195012,255.96791076660156,723,0.0,0
2006-03-30,260.16843634965494,260.16843634965494,254.6552807862415,254.7602996826172,268,0.0,0
2006-03-31,250.53352410158686,259.3808288574219,250.53352410158686,259.3808288574219,1877,0.0,0
2006-04-03,257.49059024101786,262.53119233864635,254.41897208592925,261.2185363769531,2282,0.0,0
2006-04-04,253.92017426160103,261.2185382564001,252.02994645843629,254.8652801513672,1255,0.0,0
2006-04-05,254.86527480267728,274.082561021559,254.86527480267728,270.98468017578125,3481,0.0,0
2006-04-07,274.0825843774862,278.283083754919,255.0228248618386,259.0657958984375,2752,0.0,0
2006-04-10,246.77931137840346,265.156494140625,246.77931137840346,265.156494140625,1771,0.0,0
2006-04-12,265.1565401276658,269.88210222895094,262.5837372994708,266.2066650390625,442,0.0,0
2006-04-13,262.2161416939432,265.156494140625,262.2161416939432,265.156494140625,478,0.0,0
2006-04-17,262.0323558908754,262.5311715262277,257.2805480957031,257.2805480957031,234,0.0,0
2006-04-18,249.4046904100618,257.28062800195846,249.4046904100618,256.8080749511719,280,0.0,0
2006-04-19,256.2304988876912,256.2304988876912,249.40468641732244,253.0801239013672,947,0.0,0
2006-04-20,282.22102596799743,282.22102596799743,255.99415398254186,256.4404602050781,692,0.0,0
2006-04-21,256.2304756021797,256.2304756021797,252.37126338992002,252.55503845214844,615,0.0,0
2006-04-24,256.2304594598966,263.0300241685419,254.70778165553784,256.5717468261719,1908,0.0,0
2006-04-25,262.5311715262277,262.5311715262277,252.18743695864185,257.2805480957031,268,0.0,0
2006-04-26,255.23284155509532,257.2805817561832,253.0800824622047,254.9178009033203,310,0.0,0
2006-04-27,257.38558215722355,267.78181075349465,257.38558215722355,257.91064453125,941,0.0,0
2006-04-28,254.65524496664403,254.65524496664403,249.40462135908436,250.82229614257812,409,0.0,0
2006-05-02,265.15649207028855,265.15649207028855,254.1826919398287,260.53594970703125,1300,0.0,0
2006-05-03,262.5311616023644,265.10396378134146,252.81750862307692,257.2017822265625,1575,0.0,0
2006-05-04,253.08010384601943,254.65529121435563,246.77935437267453,248.93211364746094,1095,0.0,0
2006-05-05,251.767398753305,273.03242409117536,247.8294310981438,266.0753479003906,2934,0.0,0
2006-05-08,275.65779615646517,278.28310850081243,262.58374388634263,269.9083557128906,3294,0.0,0
2006-05-09,271.43100721091275,275.5527341275547,267.7555705040548,270.90594482421875,1167,0.0,0
2006-05-10,262.5837201943854,271.4047784896818,262.5837201943854,264.9727478027344,606,0.0,0
2006-05-11,258.35691948950824,262.5311715262277,252.05617137287877,257.2805480957031,450,0.0,0
2006-05-12,264.8939692160562,264.8939692160562,254.65525286380029,254.94403076171875,165,0.0,0
2006-05-15,249.5359346480692,254.65529364400538,249.40466903278877,250.5860595703125,98,0.0,0
2006-05-16,257.2280384758106,257.28054791480514,241.52867763430686,246.9368133544922,1026,0.0,0
2006-05-17,259.3808124729844,259.3808124729844,246.77931551073416,256.2304382324219,56,0.0,0
2006-05-18,256.75551205635594,256.75551205635594,241.58121199231218,242.99887084960938,1598,0.0,0
2006-05-19,242.0537769783676,254.13021270613865,231.0274660964897,232.0775909423828,4465,0.0,0
2006-05-22,231.552524493041,238.37833587265447,215.27558966473202,231.2899932861328,2321,0.0,0
2006-05-23,226.30190262905387,226.8269650481468,225.77684020996094,225.77684020996094,53,0.0,0
2006-05-24,225.7768515126494,231.02747596643192,225.7768515126494,225.82936096191406,595,0.0,0
2006-05-25,231.02747820425725,231.02747820425725,225.80310041268453,226.4331817626953,449,0.0,0
2006-05-26,231.02746306634813,231.02746306634813,225.77683890574932,226.85321044921875,348,0.0,0
2006-05-29,233.67898396391575,236.27804891139337,226.30186462402344,226.30186462402344,387,0.0,0
2006-05-30,241.5287127827489,241.5287127827489,225.77684020996094,225.77684020996094,134,0.0,0
2006-05-31,228.40216064453125,228.40216064453125,220.52622407058192,228.40216064453125,713,0.0,0
2006-06-01,225.7768466976646,228.40215886856768,221.05128479003906,221.05128479003906,138,0.0,0
2006-06-02,203.67168762348481,223.15150451660156,203.67168762348481,223.15150451660156,551,0.0,0
2006-06-05,221.2087896207449,223.93912059548907,221.18254290937813,221.5763397216797,200,0.0,0
2006-06-06,217.92717139661897,218.42598715173193,217.9009246826172,217.9009246826172,530,0.0,0
2006-06-07,215.27555452626072,215.80061685437354,210.68125915527344,210.68125915527344,839,0.0,0
2006-06-08,212.650276474059,212.650276474059,200.18004421169138,200.31130981445312,1219,0.0,0
2006-06-09,200.28505905178906,206.84833905710877,200.28505905178906,206.27076721191406,742,0.0,0
2006-06-12,210.02498759342944,215.2756122832652,204.7743629035937,207.5834503173828,260,0.0,0
2006-06-13,199.5237283608348,207.39966500665724,189.02247949973824,203.72422790527344,2636,0.0,0
2006-06-14,191.38525390625,191.38525390625,191.38525390625,191.38525390625,100,0.0,0
2006-06-15,196.8984083695845,202.14903259277344,196.8984083695845,202.14903259277344,86,0.0,0
2006-06-16,202.437782261828,212.62400465205408,202.14900437931007,202.75282287597656,209,0.0,0
2006-06-19,209.97245331697232,210.02496276238952,207.92471313476562,207.92471313476562,268,0.0,0
2006-06-20,203.72423732126094,212.12523679842633,203.72423732126094,212.0202178955078,349,0.0,0
2006-06-21,211.6001659162634,211.6001659162634,206.69082883730067,208.3447723388672,274,0.0,0
2006-06-22,210.02496337890625,214.98680954818613,207.4784074932104,210.02496337890625,142,0.0,0
2006-06-23,204.8005793924133,212.6502685546875,204.8005793924133,212.6502685546875,272,0.0,0
2006-06-26,210.02492722432325,210.02492722432325,205.29936636177598,206.0869598388672,105,0.0,0
2006-06-27,205.82444740078066,205.82444740078066,204.77432266914403,205.6144256591797,100,0.0,0
2006-06-28,210.02494187261854,210.02494187261854,199.52369477898762,199.75997924804688,212,0.0,0
2006-06-29,202.20153777698732,210.02496449988126,202.0965188852841,207.2683868408203,669,0.0,0
2006-06-30,210.02496613854316,214.225465461314,210.02496613854316,214.19921875,238,0.0,0
2006-07-03,218.9510159197995,218.9510159197995,201.09889471770552,203.38291931152344,766,0.0,0
2006-07-04,205.29938572495178,208.97482229803276,202.1490115194538,206.24449157714844,416,0.0,0
2006-07-05,200.20630179830033,209.94621966649026,200.20630179830033,204.80059814453125,70,0.0,0
2006-07-06,205.29938597130612,205.29938597130612,196.11079452757758,196.5308380126953,2234,0.0,0
2006-07-07,202.14903820304087,202.14903820304087,194.27310164967565,194.90318298339844,1640,0.0,0
2006-07-10,196.16331783722023,201.6239636479592,191.67402465744135,192.96043395996094,2100,0.0,0
2006-07-11,195.32321326334352,200.54759056518984,194.27308846085242,195.29696655273438,4190,0.0,0
2006-07-12,196.92464352001747,200.5475868402256,190.59764811197917,194.92941284179688,2393,0.0,0
2006-07-13,203.43543176881818,203.43543176881818,192.30410256256928,194.27308654785156,817,0.0,0
2006-07-14,207.0058338308847,207.0583432712054,194.3518278479103,195.3231964111328,1716,0.0,0
2006-07-17,204.14426905377317,204.14426905377317,194.79816408656666,194.90318298339844,1484,0.0,0
2006-07-18,194.90315877133492,194.90315877133492,194.79813988754924,194.8243865966797,187,0.0,0
2006-07-19,194.798173781905,196.2683422689183,190.59767407771298,194.141845703125,437,0.0,0
2006-07-20,194.79815441786798,194.92942002057544,189.60003975537927,193.35423278808594,2078,0.0,0
2006-07-21,192.94660729231825,198.92523456053092,188.19088105624,192.484619140625,738,12.5,0
2006-07-24,197.2946980351987,197.2946980351987,187.51148986816406,187.51148986816406,909,0.0,0
2006-07-25,184.87545546138173,192.94660551651663,184.87545546138173,187.51148986816406,154,0.0,0
2006-07-26,190.79974890258163,195.6641845703125,190.79974890258163,195.6641845703125,227,0.0,0
2006-07-27,193.49007720515007,193.49007720515007,191.31603139385624,191.8595428466797,353,0.0,0
2006-07-28,192.9465744712136,192.9465744712136,186.4244367426092,191.3160400390625,640,0.0,0
2006-07-31,195.69131243129124,204.25161870899922,192.9737548828125,192.9737548828125,747,0.0,0
2006-08-01,193.49009491478265,194.57711791992188,187.5114683865169,194.57711791992188,349,0.0,0
2006-08-02,198.35457374281768,198.35457374281768,191.88677215019447,195.6641845703125,127,0.0,0
2006-08-03,195.66415142249852,195.66415142249852,191.85957070039439,191.91392517089844,115,0.0,0
2006-08-04,196.18051279794392,203.49073364771198,190.50081011284112,198.57196044921875,199,0.0,0
2006-08-07,196.75116393020033,198.38169843790917,194.57711791992188,194.57711791992188,345,0.0,0
2006-08-08,202.62110641297718,202.62110641297718,194.60431076530367,197.13165283203125,57,0.0,0
2006-08-09,197.83819140489743,197.83819140489743,196.20765686035156,196.20765686035156,142,0.0,0
2006-08-10,197.02293748064957,202.13194274902344,197.02293748064957,202.13194274902344,1075,0.0,0
2006-08-11,203.81683389790518,206.53439168321057,198.43607280033177,206.3985137939453,1063,0.0,0
2006-08-14,206.53436944673732,206.67024732137332,202.78414342411432,206.37132263183594,1277,0.0,0
2006-08-16,210.61073303222656,211.91515748077222,204.14294867708438,210.61073303222656,541,0.0,0
2006-08-17,209.3334509892285,211.91513061523438,207.6213930808924,211.91513061523438,427,0.0,0
2006-08-18,198.43604801448373,211.96948077756676,198.43604801448373,211.83360290527344,115,0.0,0
2006-08-21,204.25163711889442,208.16492697608393,204.25163711889442,205.1756134033203,151,0.0,0
2006-08-22,215.2305668757512,217.13285723955204,205.58323717361841,211.96949768066406,279,0.0,0
2006-08-23,214.6870236964485,216.8610695060328,210.90961246763453,213.70870971679688,191,0.0,0
2006-08-24,209.30627492090878,214.68703527243127,209.30627492090878,214.6598663330078,93,0.0,0
2006-08-25,217.40460408008312,220.12216163108417,212.51300048828125,212.51300048828125,1881,0.0,0
2006-08-28,212.56736750074205,217.40461690965057,206.53438606416805,207.9203338623047,2154,0.0,0
2006-08-29,217.3774353704657,220.12216186523438,216.58933704517506,220.12216186523438,2582,0.0,0
2006-08-30,221.20920427438926,222.29622739121675,215.50233291104507,218.4644775390625,122,0.0,0
2006-08-31,219.57866133677808,219.57866133677808,214.6870574951172,214.6870574951172,401,0.0,0
2006-09-01,219.8504311472697,221.7527216516342,214.68707120685173,219.38844299316406,8303,0.0,0
2006-09-04,210.58355201816397,221.6439985463726,210.58355201816397,214.6870574951172,286,0.0,0
2006-09-05,214.6870574951172,214.6870574951172,214.6870574951172,214.6870574951172,0,0.0,0
2006-09-06,199.95792888333415,228.24771967535304,199.95792888333415,210.33900451660156,265,0.0,0
2006-09-07,212.51301398144045,214.68706016027872,210.9096482898848,214.63270568847656,352,0.0,0
2006-09-08,199.90353951942456,222.83973334196753,199.90353951942456,216.1817169189453,306,0.0,0
2006-09-11,216.861083984375,216.861083984375,216.861083984375,216.861083984375,40,0.0,0
2006-09-12,208.16487692880298,218.1383149501636,208.16487692880298,217.92091369628906,1249,0.0,0
2006-09-13,214.44249633716495,218.4916644143325,214.44249633716495,218.41014099121094,594,0.0,0
2006-09-14,209.3062865015924,216.56216850110957,203.81681691534155,212.839111328125,1075,0.0,0
2006-09-15,216.31764485134207,219.03520320374588,212.8663424264573,217.10574340820312,724,0.0,0
2006-09-18,217.40462705771324,218.35577230109075,213.056534516559,218.2198944091797,580,0.0,0
2006-09-19,208.2192603926912,216.86108998451772,208.2192603926912,214.11636352539062,143,0.0,0
2006-09-20,210.88242837824907,214.3337291703266,210.88242837824907,210.93678283691406,152,0.0,0
2006-09-21,214.6870995397915,217.40465776181418,204.90388994050986,212.35000610351562,1125,0.0,0
2006-09-22,211.53465830375234,217.9480866374758,209.27907256673555,215.7468719482422,776,0.0,0
2006-09-25,215.7468719482422,215.7468719482422,215.7468719482422,215.7468719482422,0,0.0,0
2006-09-26,209.7954274322384,211.9694733123652,202.53954598998436,209.4149627685547,1390,0.0,0
2006-09-27,206.53439005373022,208.62691284923744,205.99087850095725,206.26263427734375,1975,0.0,0
2006-09-28,217.35021172429973,217.35021172429973,203.81678079672744,205.20272827148438,1452,0.0,0
2006-09-29,206.53433862575423,209.19754125386117,204.9309733096566,208.30075073242188,518,0.0,0
2006-10-03,209.25193780435225,209.25193780435225,207.7029266357422,207.7029266357422,276,0.0,0
2006-10-04,210.88246154785156,211.42597304668624,207.7029159623378,210.88246154785156,377,0.0,0
2006-10-05,211.96951098483873,217.40462665111664,211.96951098483873,217.18722534179688,254,0.0,0
2006-10-06,217.40458801268227,217.40458801268227,209.25191596220668,209.4149627685547,834,0.0,0
2006-10-09,209.79543125661849,217.35023751044568,209.79543125661849,215.04031372070312,355,0.0,0
2006-10-10,213.05654996187818,214.4153289794922,213.05654996187818,214.4153289794922,155,0.0,0
2006-10-11,201.64281828335706,216.58938837174605,201.64281828335706,210.33900451660156,747,0.0,0
2006-10-12,208.626924851914,219.57867995303204,208.19210563268592,217.2144012451172,1292,0.0,0
2006-10-13,211.96947293094678,218.76336629411816,207.1593931124907,214.9587860107422,1830,0.0,0
2006-10-16,212.10536146224686,216.53497684041193,211.9694835881519,213.32826232910156,1068,0.0,0
2006-10-17,214.68705138100634,217.13285323218236,204.3603324538187,207.56704711914062,1885,0.0,0
2006-10-18,209.27908848164253,218.49161469096032,209.27908848164253,217.81222534179688,1715,0.0,0
2006-10-19,212.02384334593958,223.11147483143765,211.9694888776143,213.2195587158203,2031,0.0,0
2006-10-20,220.1221829611641,221.75271764976532,211.96950951815802,212.40431213378906,282,0.0,0
2006-10-23,223.5191215373841,223.54629047980836,212.866292002101,215.5294952392578,1470,0.0,0
2006-10-26,211.0998892629613,219.57867302378537,211.0998892629613,214.08920288085938,1063,0.0,0
2006-10-27,211.75210891754554,219.00799162338524,210.47485342321087,213.5728759765625,2147,0.0,0
2006-10-30,224.4430428355189,225.2854788842613,214.33372731735074,214.79571533203125,681,0.0,0
2006-10-31,217.4045790635146,217.4045790635146,209.2519073486328,209.2519073486328,331,0.0,0
2006-11-01,215.77406365390053,217.40459813995014,207.64856016375808,216.80673217773438,657,0.0,0
2006-11-02,222.83971173474256,222.83971173474256,212.1053597670324,219.7688751220703,1088,0.0,0
2006-11-03,214.55120720249593,222.8397592223517,213.32830608481228,219.5786895751953,1328,0.0,0
2006-11-06,217.40462223323632,220.93744734452642,213.68156476016088,214.7142333984375,501,0.0,0
2006-11-07,216.31757904052733,220.66567108154297,216.31757904052733,217.40460205078125,1025,0.0,0
2006-11-08,221.20913547306557,221.20913547306557,216.58928866343155,219.143798828125,1394,0.0,0
2006-11-09,221.5896544905105,221.69834684308233,215.23056303879312,216.7252197265625,462,0.0,0
2006-11-10,217.94813333376487,217.97530227682478,214.68706400707512,215.23057556152344,164,0.0,0
2006-11-13,207.62141356379007,213.32828487902512,207.62141356379007,210.39332580566406,668,0.0,0
2006-11-14,217.40460205078125,220.04063616797794,217.40460205078125,217.40460205078125,202,0.0,0
2006-11-15,214.68706601873004,217.94813537597656,214.68706601873004,217.94813537597656,875,0.0,0
2006-11-16,217.40460205078125,217.40460205078125,217.40460205078125,217.40460205078125,500,0.0,0
2006-11-17,214.68705650074207,219.57866031974635,211.9694988235175,216.42630004882812,69,0.0,0
2006-11-20,210.0672465493956,210.0672465493956,209.79549073238476,209.87701416015625,37,0.0,0
2006-11-21,210.90968510349467,210.90968510349467,209.79549287702378,210.33900451660156,117,0.0,0
2006-11-22,207.62139678001404,208.7627742681252,207.62139678001404,208.7084197998047,205,0.0,0
2006-11-23,208.76276706314977,210.17590025743752,207.67574408087526,207.8387908935547,839,0.0,0
2006-11-24,208.87149496481186,209.2519597080348,207.97470416910886,208.2464599609375,177,0.0,0
2006-11-27,207.6214054205479,211.96949768066406,207.6214054205479,211.96949768066406,31,0.0,0
2006-11-28,207.13219953378893,207.8931121826172,207.13219953378893,207.8931121826172,172,0.0,0
2006-11-29,211.9694708265105,212.023825290207,210.88244789919509,211.72488403320312,798,0.0,0
2006-11-30,213.02939376717515,213.02939376717515,210.33900451660156,210.33900451660156,600,0.0,0
2006-12-01,217.1328413741769,219.57864309178342,212.56734815197566,216.99696350097656,5551,0.0,0
2006-12-04,217.37745442223502,222.83973894963046,217.37745442223502,218.4644775390625,1163,0.0,0
2006-12-05,223.3832488731832,236.42752617964643,223.3832488731832,228.51943969726562,2361,0.0,0
2006-12-06,241.3191648295426,241.3191648295426,218.49167626458586,222.2690887451172,183,0.0,0
2006-12-07,222.8397711975156,225.50297490181268,219.1167131662741,222.59518432617188,234,0.0,0
2006-12-08,219.68738227648194,222.81257379043657,218.2198944091797,218.2198944091797,326,0.0,0
2006-12-11,218.46447368915426,218.4916426319336,214.68706179008402,214.76858520507812,370,0.0,0
2006-12-12,212.5130136519516,214.4153040554857,209.7954559326172,209.7954559326172,269,0.0,0
2006-12-13,211.1542105767858,211.1542105767858,203.81680557604807,208.0833740234375,592,0.0,0
2006-12-14,214.68703430361663,214.68703430361663,209.25191951111998,210.5291748046875,187,0.0,0
2006-12-15,211.96949768066406,211.96949768066406,211.96949768066406,211.96949768066406,162,0.0,0
2006-12-18,221.75265299479167,221.75265299479167,203.84394558518395,207.8931121826172,109,0.0,0
2006-12-19,216.29039001464844,216.29039001464844,216.29039001464844,216.29039001464844,9,0.0,0
2006-12-20,216.86107797641975,217.35023498535156,216.86107797641975,217.35023498535156,163,0.0,0
2006-12-21,216.8610880328534,219.03513402817023,216.8610880328534,219.00796508789062,398,0.0,0
2006-12-22,218.41010380256705,222.8397192956247,213.7630704359946,214.06201171875,113,0.0,0
2006-12-26,215.80124863700686,218.43728290275158,208.27362713611961,208.817138671875,1030,0.0,0
2006-12-27,217.29590798484938,217.37744798552214,208.35515306567996,209.46934509277344,204,0.0,0
2006-12-28,209.3062832384766,217.18720003633848,209.27909771131868,210.31178283691406,373,0.0,0
2006-12-29,217.3502607138014,217.3502607138014,214.6598885528814,214.6870574951172,128,0.0,0
2007-01-02,206.56155134638516,221.75270531842483,206.56155134638516,218.87210083007812,857,0.0,0
2007-01-03,215.77408874704258,215.77408874704258,215.25774613175108,215.366455078125,50,0.0,0
2007-01-04,215.366455078125,215.366455078125,215.366455078125,215.366455078125,0,0.0,0
2007-01-05,210.882474615635,214.6870553432367,210.882474615635,211.96949768066406,208,0.0,0
2007-01-08,211.96949819283367,214.55117797851562,211.96949819283367,214.55117797851562,106,0.0,0
2007-01-09,211.9695062348337,215.23057556152344,211.9695062348337,215.23057556152344,127,0.0,0
2007-01-10,209.41498894222033,214.6870574951172,209.41498894222033,214.6870574951172,200,0.0,0
2007-01-11,211.96949768066406,211.96949768066406,211.96949768066406,211.96949768066406,1500,0.0,0
2007-01-12,220.12217287474041,220.12217287474041,214.6870574951172,214.6870574951172,375,0.0,0
2007-01-15,236.10139671363928,236.10139671363928,212.48583154743324,212.51300048828125,713,0.0,0
2007-01-16,212.513000895537,212.513000895537,210.90963530271173,211.9966583251953,3615,0.0,0
2007-01-17,211.96949828274168,215.23056748709155,207.89316177730436,212.2956085205078,406,0.0,0
2007-01-18,211.96950539888726,211.96950539888726,209.7954591896679,210.0672149658203,622,0.0,0
2007-01-19,206.53438308329748,209.22477181338695,195.66415239470288,206.23545837402344,3109,0.0,0
2007-01-22,206.5343163093131,206.5343163093131,203.81675951576952,206.2082061767578,752,0.0,0
2007-01-23,201.09923755308705,203.73527141672167,200.0122146473947,200.36549377441406,1670,0.0,0
2007-01-24,201.09924167604066,202.07755567655997,196.28916190240466,198.1914520263672,2554,0.0,0
2007-01-25,198.38172222127173,204.8766920903021,196.28919936818176,196.8055419921875,721,0.0,0
2007-01-29,196.75119947096647,201.09929227695469,194.68586202278516,195.69134521484375,112,0.0,0
2007-01-31,200.52862601735598,200.82755078440127,193.7890684185929,200.0122833251953,163,0.0,0
2007-02-01,194.6858366652494,198.38170843429458,194.65865113675824,195.39239501953125,592,0.0,0
2007-02-02,193.68032529354446,198.89803898262124,193.65313976669887,197.21315002441406,71,0.0,0
2007-02-05,199.46871783900764,199.46871783900764,194.30535865788892,199.3328399658203,126,0.0,0
2007-02-06,199.44157641300697,199.44157641300697,196.2076759503537,196.8055419921875,150,0.0,0
2007-02-07,191.45193936327007,205.5288848876953,191.45193936327007,205.5288848876953,903,0.0,0
2007-02-08,198.46321737952695,201.0992514249963,194.84886928611127,195.2021484375,978,0.0,0
2007-02-09,193.21834141754908,197.294677734375,193.21834141754908,197.294677734375,329,0.0,0
2007-02-12,195.66417451193485,198.1643311702522,193.21837233053566,193.8162384033203,795,0.0,0
2007-02-13,193.21840667725795,200.55581452576143,191.58787159981273,191.83245849609375,391,0.0,0
2007-02-14,190.25623727877522,195.6641845703125,185.33746371799046,195.6641845703125,704,0.0,0
2007-02-15,191.69655635118897,195.6641845703125,191.69655635118897,195.6641845703125,650,0.0,0
2007-02-19,195.7185307468758,195.7185307468758,194.98478676853375,195.69134521484375,935,0.0,0
2007-02-20,204.33318425983745,204.33318425983745,192.45745297040853,193.27272033691406,355,0.0,0
2007-02-21,190.55517522720885,190.55517522720885,190.22906494140625,190.22906494140625,65,0.0,0
2007-02-22,195.66412853145968,203.51787588078668,190.22901385003024,190.3377227783203,885,0.0,0
2007-02-23,190.77253612631415,195.63697067644753,190.22902462737878,191.66932678222656,1982,0.0,0
2007-02-26,191.66932678222656,191.66932678222656,191.66932678222656,191.66932678222656,0,0.0,0
2007-02-27,191.5878473917643,195.6641845703125,191.5878473917643,195.6641845703125,135,0.0,0
2007-02-28,178.27178329062951,190.7725485823505,178.27178329062951,188.62567138671875,581,0.0,0
2007-03-01,188.05497905855145,195.6641400609206,188.05497905855145,188.19085693359375,1605,0.0,0
2007-03-02,203.27330362996528,203.27330362996528,188.05498143306949,190.2018585205078,580,0.0,0
2007-03-05,187.6473388671875,187.6473388671875,187.6473388671875,187.6473388671875,12,0.0,0
2007-03-06,190.22902993594897,190.22902993594897,184.79391479492188,184.79391479492188,32,0.0,0
2007-03-07,182.61989834247467,187.5115027623624,182.61989834247467,184.46783447265625,310,0.0,0
2007-03-08,180.44580533611241,191.04427884229975,180.44580533611241,182.0763397216797,119,0.0,0
2007-03-09,179.9022979736328,179.9022979736328,179.9022979736328,179.9022979736328,12,0.0,0
2007-03-12,182.07638479494898,182.07638479494898,180.01104736328125,180.01104736328125,25,0.0,0
2007-03-13,180.5001942598586,183.7069091796875,180.17408400315503,183.7069091796875,110,0.0,0
2007-03-14,176.6412353515625,176.6412353515625,176.6412353515625,176.6412353515625,10,0.0,0
2007-03-15,175.1194098047339,176.6412353515625,175.1194098047339,176.6412353515625,274,0.0,0
2007-03-16,190.22903901984893,190.22903901984893,180.44583129882812,180.44583129882812,2,0.0,0
2007-03-19,180.98932070743496,189.14199281137346,177.72825186585953,178.35328674316406,1262,0.0,0
2007-03-20,184.79391686710312,184.79391686710312,171.23329780351682,176.0977325439453,741,0.0,0
2007-03-21,177.72827565584507,189.35941943036426,177.72827565584507,184.71240234375,2171,0.0,0
2007-03-22,187.45713806152344,187.45713806152344,182.07637681042726,187.45713806152344,1025,0.0,0
2007-03-23,180.9893406393999,190.17468223740167,179.63056180577078,181.53285217285156,3661,0.0,0
2007-03-26,190.17468688763594,190.17468688763594,176.72277610577558,179.3588104248047,11215,0.0,0
2007-03-28,176.6412353515625,176.6412353515625,176.6412353515625,176.6412353515625,40,0.0,0
2007-03-29,178.29894323267965,178.29894323267965,178.2717742919922,178.2717742919922,14,0.0,0
2007-03-30,178.29893665219905,184.5221498121909,177.18474473865754,177.72825622558594,1186,0.0,0
2007-04-02,177.48368806111702,182.07636724264617,177.1847633465751,177.29347229003906,153,0.0,0
2007-04-03,184.73956698853638,184.73956698853638,184.63087463378906,184.63087463378906,60,0.0,0
2007-04-04,179.41318713778364,190.22906494140625,179.35883265904016,190.22906494140625,219,0.0,0
2007-04-05,181.69587776446195,189.63114854283728,181.2610752231758,181.3154296875,200,0.0,0
2007-04-09,184.7939302828219,190.22904587937546,180.39148333228218,180.98934936523438,1440,0.0,0
2007-04-10,179.35879506702386,184.2503985688518,168.54291953031307,174.84765625,1539,0.0,0
2007-04-11,184.73957871241703,184.73957871241703,177.23912570597784,180.2284393310547,683,0.0,0
2007-04-12,184.71238535936962,185.33742026286654,184.68519983255828,185.28306579589844,205,0.0,0
2007-04-13,184.7938970309585,184.7938970309585,182.0763397216797,182.0763397216797,280,0.0,0
2007-04-16,182.6198978551079,188.97899021865422,179.90233985131164,184.9841766357422,429,0.0,0
2007-04-17,187.4571465005981,187.5115009776333,181.5328734102305,185.88096618652344,411,0.0,0
2007-04-18,190.17469016621013,192.9466024197119,184.82109802117697,190.52796936035156,514,0.0,0
2007-04-19,195.6641852455401,209.60525512695312,195.6641852455401,209.60525512695312,11747,0.0,0
2007-04-20,222.2961938853129,222.2961938853129,209.84978439097213,211.42596435546875,4426,0.0,0
2007-04-23,207.67577764196508,214.1435621143828,197.51210448055363,211.20860290527344,1561,0.0,0
2007-04-24,206.58875225936586,209.19760117566804,203.81683991913425,205.90936279296875,882,0.0,0
2007-04-25,193.0009484292059,211.42598605609484,193.0009484292059,208.87147521972656,461,0.0,0
2007-04-26,206.53437598749957,211.42597962930878,206.53437598749957,209.17041015625,2162,0.0,0
2007-04-27,208.30076231522995,209.2519073486328,200.01221273843345,209.2519073486328,147,0.0,0
2007-04-30,203.81681119088714,208.1649031629594,202.40367798263276,204.49620056152344,112,0.0,0
2007-05-03,201.8329894135222,207.86597009901703,201.15360007026047,203.81680297851562,869,0.0,0
2007-05-04,201.6699397042956,207.6213973897906,201.64277076338303,206.77896118164062,525,0.0,0
2007-05-07,208.16493225097656,210.88249011326084,208.16493225097656,208.16493225097656,436,0.0,0
2007-05-08,208.7084438234334,211.42600168571772,208.16493225097656,208.16493225097656,315,0.0,0
2007-05-09,208.16491306857517,210.88247068043646,208.16491306857517,209.82261657714844,32,0.0,0
2007-05-10,206.53438290976834,206.53438290976834,204.95820277857757,205.39300537109375,325,0.0,0
2007-05-11,203.87121180289375,210.7194615262987,203.81685732360913,203.9799041748047,127,0.0,0
2007-05-14,211.0727301955529,211.0727301955529,205.4473818976894,209.3606719970703,142,0.0,0
2007-05-15,206.53439066124088,210.88248309621437,204.36034444375414,205.03973388671875,270,0.0,0
2007-05-16,205.9908943047263,209.25196387155574,205.9908943047263,206.58876037597656,1120,0.0,0
2007-05-17,209.25190910473876,209.25190910473876,206.56152078158797,206.61587524414062,350,0.0,0
2007-05-18,211.42596435546875,217.35023613190302,206.53436106703887,211.42596435546875,361,0.0,0
2007-05-21,206.5343780517578,206.5343780517578,206.5343780517578,206.5343780517578,90,0.0,0
2007-05-22,214.6327086767626,214.68706314932155,201.09927434240245,211.61622619628906,2626,0.0,0
2007-05-23,209.25195353124826,213.0565345045437,207.62141882840737,210.2846221923828,986,0.0,0
2007-05-24,210.85524608262824,210.88241501691334,206.56149291992188,206.56149291992188,25,0.0,0
2007-05-25,206.5343780517578,206.5343780517578,206.5343780517578,206.5343780517578,50,0.0,0
2007-05-28,211.69777094426416,216.83396226550832,207.6214338914221,214.4153289794922,1001,0.0,0
2007-05-29,214.14355614239284,216.26324792393294,211.96950988714013,214.98599243164062,1612,0.0,0
2007-05-30,216.26323763787676,216.26323763787676,214.6870574951172,214.6870574951172,200,0.0,0
2007-05-31,214.06202254379167,214.6870574951172,209.90416259571109,214.6870574951172,429,0.0,0
2007-06-01,211.42598826734326,214.6870574951172,211.42598826734326,214.6870574951172,476,0.0,0
2007-06-04,207.64857858439325,216.86110588248448,207.64857858439325,213.60003662109375,1706,0.0,0
2007-06-05,209.79544664162137,214.14353879999695,207.18659798125813,207.7572784423828,504,0.0,0
2007-06-06,211.69775390625,211.69775390625,211.69775390625,211.69775390625,50,0.0,0
2007-06-07,209.2519373712121,214.90445392053195,201.66994495387874,204.41468811035156,365,0.0,0
2007-06-08,207.62139790514829,208.70842093082967,205.55606079101562,205.55606079101562,196,0.0,0
2007-06-11,204.74082148512875,211.42600737146591,204.7136359537807,210.63790893554688,785,0.0,0
2007-06-12,211.96946458692673,211.96946458692673,209.2519073486328,209.2519073486328,110,0.0,0
2007-06-13,222.83970828905743,222.83970828905743,209.7954326818931,213.62718200683594,333,0.0,0
2007-06-14,213.6000190420249,215.2305535385289,210.88246154785156,210.88246154785156,426,0.0,0
2007-06-15,214.68705599426647,217.40461366507998,211.96949832345297,213.84461975097656,593,0.0,0
2007-06-18,207.07788105600886,216.83391909475304,207.07788105600886,210.88246154785156,370,0.0,0
2007-06-19,213.05648803710938,214.68702238433215,210.88244224081234,213.05648803710938,155,0.0,0
2007-06-20,209.79542913790564,212.5129865101583,208.70840618900456,208.8442840576172,3765,0.0,0
2007-06-21,214.68705102883877,214.68705102883877,208.7084242913268,209.6324005126953,1130,0.0,0
2007-06-22,213.05652074569312,213.05652074569312,210.31179414115704,211.96949768066406,735,0.0,0
2007-06-25,211.96956064888866,214.65995016871187,210.0672697199884,211.3988800048828,815,0.0,0
2007-06-26,211.96946220626782,214.6870194140405,210.6106836023815,210.8552703857422,928,0.0,0
2007-06-27,214.14358062627878,214.68709225223378,211.42602249650366,213.02938842773438,99,0.0,0
2007-06-28,214.68708549691905,218.49166675888975,214.3066207360588,217.3231201171875,3190,0.0,0
2007-06-29,217.40463344110165,217.40463344110165,212.02387208076584,213.08370971679688,3139,0.0,0
2007-07-02,211.96949334314027,217.07849832690027,209.30629020564726,214.14353942871094,1770,0.0,0
2007-07-03,211.96947147058123,214.6870287971271,211.96947147058123,212.05099487304688,451,0.0,0
2007-07-04,216.31760403433807,216.86111560226354,210.33897678715786,211.1270751953125,795,0.0,0
2007-07-05,211.9694915435517,213.60002609388673,209.79544547643835,210.90963745117188,2045,0.0,0
2007-07-06,214.68705586197257,214.68705586197257,213.05652126048923,214.55117797851562,2648,0.0,0
2007-07-09,217.404569834373,227.45953118921275,211.96945558851368,214.4967803955078,2903,0.0,0
2007-07-10,217.40458945004485,219.5786353445453,214.95878781873185,217.35023498535156,880,0.0,0
2007-07-11,217.9480748675242,218.4915862761714,212.51296078105227,214.79571533203125,5738,0.0,0
2007-07-12,222.32393737094392,222.32393737094392,213.07833372693096,213.99429321289062,1602,20.0,0
2007-07-13,217.54367498669305,217.54367498669305,201.11339570332325,208.55567932128906,1585,0.0,0
2007-07-16,194.2435697420601,208.38391373374245,176.81146436412317,201.5141143798828,5152,0.0,0
2007-07-17,202.65910835573723,205.5215251404228,201.62864530157267,202.0293731689453,831,0.0,0
2007-07-18,204.29072056188016,208.09773197174073,203.66098527908326,206.0940399169922,1050,0.0,0
2007-07-19,212.39131850307274,214.6812518562056,203.94718926339533,210.3017578125,1392,0.0,0
2007-07-20,212.391339833804,212.391339833804,209.557540036378,209.6147918701172,278,0.0,0
2007-07-23,211.76161525494527,211.818867091564,207.52524140727553,211.2463836669922,434,0.0,0
2007-07-24,211.2463252385028,214.10874156964783,210.6738419722738,211.96192932128906,2223,0.0,0
2007-07-25,212.0192412528503,212.10511027296928,208.95645141601562,208.95645141601562,172,0.0,0
2007-07-26,209.52891334440017,213.53629693295426,208.985047154774,209.81515502929688,1390,0.0,0
2007-07-27,206.0939860475656,214.1087521716376,204.94901945841247,207.23895263671875,1092,0.0,0
2007-07-30,207.23897537367034,211.81884223275696,207.23897537367034,209.3857879638672,882,0.0,0
2007-07-31,207.12444898948198,207.23895263671875,207.12444898948198,207.23895263671875,361,0.0,0
2007-08-01,202.08662254553624,211.81883949532127,202.08662254553624,203.3747100830078,480,0.0,0
2007-08-02,201.51413232918506,210.38762395163496,201.51413232918506,209.7578887939453,867,0.0,0
2007-08-03,206.66647945892583,211.24634603973306,206.66647945892583,210.10137939453125,1641,0.0,0
2007-08-06,210.10139046988783,211.2463571754458,206.09400700043494,206.55198669433594,5466,0.0,0
2007-08-07,206.0940399169922,208.38397369384765,206.0940399169922,206.0940399169922,1285,0.0,0
2007-08-08,206.66651495197914,208.95644863565758,205.52154811013992,208.41258239746094,688,0.0,0
2007-08-09,208.95637910444657,210.61657697851334,206.09396295233086,208.38389587402344,2440,0.0,0
2007-08-10,204.94901945841247,207.23895263671875,202.68770345651356,207.23895263671875,1280,0.0,0
2007-08-13,203.23155697857865,207.21032261760706,201.9434696456158,202.60182189941406,305,0.0,0
2007-08-14,202.08663038988985,210.47350829859516,201.51414701768053,207.69696044921875,795,0.0,0
2007-08-16,202.43011765238083,205.235282595367,201.51414079098797,202.0866241455078,375,0.0,0
2007-08-17,201.51414284131207,207.2389764447584,200.3691761206228,201.80038452148438,350,0.0,0
2007-08-20,201.85767160733295,204.23347447355027,200.94169457663952,203.23162841796875,390,0.0,0
2007-08-21,208.9277764986858,208.9277764986858,195.21679518573595,195.331298828125,1481,0.0,0
2007-08-22,233.51592687684678,233.51592687684678,194.07183230147467,197.16323852539062,406,0.0,0
2007-08-23,198.93800255487076,203.23162850929242,198.93800255487076,200.16883850097656,1358,0.0,0
2007-08-24,200.36915588378906,200.36915588378906,197.5067393711635,200.36915588378906,435,0.0,0
2007-08-27,200.9416319748451,200.9416319748451,199.22418212890625,199.22418212890625,300,0.0,0
2007-08-28,194.7874286249934,203.05981869525755,194.701559630414,201.42823791503906,335,0.0,0
2007-08-29,208.38397369384765,208.38397369384765,206.0940399169922,206.0940399169922,2,0.0,0
2007-08-30,200.36917449058936,204.92042415662638,200.36917449058936,201.02752685546875,779,0.0,0
2007-08-31,201.22788744485936,206.63786181967882,201.22788744485936,204.805908203125,702,0.0,0
2007-09-03,206.09402183725052,206.6665052312429,200.9702884726962,204.37657165527344,773,0.0,0
2007-09-04,191.78191025828912,207.23895974179302,191.78191025828912,204.09030151367188,295,0.0,0
2007-09-05,206.09401900018224,209.7579091771353,203.23160206962416,203.83270263671875,163,0.0,0
2007-09-06,204.376584349261,208.89919994854247,204.376584349261,208.7847137451172,243,0.0,0
2007-09-07,208.38396303445614,208.92782926696242,203.2888641357422,203.2888641357422,7537,0.0,0
2007-09-10,206.09400099016202,207.52520933037147,203.88993665207846,204.0044403076172,2052,0.0,0
2007-09-11,202.7736358642578,204.4910861370636,202.43014231553514,202.7736358642578,3378,0.0,0
2007-09-12,208.3267040619684,208.3267040619684,202.14389038085938,202.14389038085938,30,0.0,0
2007-09-13,201.51410904723593,206.09397516194585,194.64430987517107,196.96286010742188,1501,0.0,0
2007-09-14,203.23156097048758,203.23156097048758,191.81051273889534,195.331298828125,1256,0.0,0
2007-09-17,200.19745920539867,200.19745920539867,194.64436303633323,194.81610107421875,6741,0.0,0
2007-09-18,195.7892884862869,200.3405377069651,194.6443218869519,195.24542236328125,332,0.0,0
2007-09-19,197.5067296492991,200.2832770240368,192.49750099877338,195.38853454589844,4669,0.0,0
2007-09-20,198.65168506397922,200.94161803301643,194.64430236816406,194.64430236816406,3165,0.0,0
2007-09-21,202.6304909090798,202.6304909090798,191.78192432110126,193.49937438964844,1607,0.0,0
2007-09-24,196.07553150779324,217.5436553955078,193.61386029032354,217.5436553955078,2149,0.0,0
2007-09-25,192.92688991534465,211.2463572070094,192.92688991534465,197.85025024414062,861,0.0,0
2007-09-26,200.25468541055167,204.9490562572814,194.98784863726203,195.78932189941406,4527,0.0,0
2007-09-27,206.40887064190107,206.40887064190107,192.8982771797071,194.15773010253906,976,0.0,0
2007-09-28,191.2380415791595,197.50674077467738,191.2380415791595,194.78744506835938,2571,0.0,0
2007-10-01,196.36176172641476,198.07921153743297,193.0699829219632,195.331298828125,580,0.0,0
2007-10-03,228.42087940009833,228.42087940009833,194.6443583860487,195.2740936279297,2443,0.0,0
2007-10-04,197.5067720915142,197.5067720915142,194.64435510468064,195.78932189941406,2688,0.0,0
2007-10-05,191.2094438390648,195.78931075736574,190.751464135557,195.21682739257812,1329,0.0,0
2007-10-08,195.2168051866194,200.36915488362695,191.00904943990247,195.24542236328125,5449,0.0,0
2007-10-09,199.73940952725664,202.65907770014817,192.92686210437836,195.331298828125,505,0.0,0
2007-10-10,197.5067185794606,197.5067185794606,193.04135627815884,194.64430236816406,2204,0.0,0
2007-10-11,197.50673259236325,197.50673259236325,194.64431617798118,195.93240356445312,110,0.0,0
2007-10-12,195.78930207975617,195.78930207975617,192.98413721078617,195.3599395751953,7245,0.0,0
2007-10-15,194.64431008169834,195.33129698795486,193.67108154296875,193.67108154296875,1376,0.0,0
2007-10-16,196.36178541917067,197.50675209799965,192.98413721078617,195.3599395751953,749,0.0,0
2007-10-17,192.78378991190598,192.78378991190598,190.35073539928356,192.7551727294922,502,0.0,0
2007-10-18,191.8391694679626,197.3063783407263,191.8391694679626,192.1826629638672,480,0.0,0
2007-10-19,191.81052943721608,197.50674546130594,186.6295623779297,186.6295623779297,550,0.0,0
2007-10-22,191.78192071501857,195.21682078752636,191.78192071501857,195.07369995117188,955,0.0,0
2007-10-23,191.81051382729703,199.79666248216913,191.78189665193887,198.68031311035156,380,0.0,0
2007-10-24,194.64432014813215,198.47996520996094,194.64432014813215,198.47996520996094,15,0.0,0
2007-10-25,199.7966875508701,200.34055371733925,194.07185409669043,195.07369995117188,1013,0.0,0
2007-10-26,194.64436100979373,195.7607106568493,191.78194393612029,192.7551727294922,642,0.0,0
2007-10-29,194.98783269539152,197.50675594370082,194.64433919089356,197.0201416015625,2390,0.0,0
2007-10-30,198.0792331107999,198.0792331107999,192.35439978389815,192.41165161132812,1542,0.0,0
2007-10-31,228.64983333852143,228.64983333852143,188.91949462890625,188.91949462890625,1351,0.0,0
2007-11-01,197.5067390359813,223.26848760589192,191.7819060204456,194.01458740234375,1008,0.0,0
2007-11-02,200.36914068417062,200.36914068417062,190.17894566055384,192.61199951171875,806,0.0,0
2007-11-05,195.7893183389963,195.7893183389963,187.77455092161048,188.83364868164062,541,0.0,0
2007-11-06,191.7818782188889,191.7818782188889,187.77449568894195,189.20570373535156,1175,0.0,0
2007-11-07,178.21405803261504,188.06077853960116,178.21405803261504,186.543701171875,1139,0.0,0
2007-11-08,191.78190043884248,191.78190043884248,181.79206012915458,187.1161651611328,730,0.0,0
2007-11-12,191.78193176551477,191.78193176551477,186.3433396706718,188.28977966308594,769,0.0,0
2007-11-13,186.34330496935746,192.92686259500294,186.34330496935746,188.74774169921875,1790,0.0,0
2007-11-14,188.91947935758674,188.91947935758674,182.04968010821995,186.68679809570312,1840,0.0,0
2007-11-15,187.20204979529748,191.18081594593536,183.82440162648518,186.0570831298828,1054,0.0,0
2007-11-16,188.34701900555254,197.5067524526311,186.62956898422533,186.77268981933594,2158,0.0,0
2007-11-19,188.91949979341948,189.63510395930365,186.0570831298828,186.0570831298828,2227,0.0,0
2007-11-20,190.6369196723489,200.25463115398443,187.2306373925852,194.64430236816406,2162,0.0,0
2007-11-21,194.64433903884324,197.93611830200015,189.49198888781504,193.78561401367188,1361,0.0,0
2007-11-22,185.77084646443376,194.6443383602696,185.77084646443376,187.48829650878906,220,0.0,0
2007-11-23,186.68682352989586,192.7837677001953,186.68682352989586,192.7837677001953,305,0.0,0
2007-11-26,197.50674014365202,197.50674014365202,187.28790965945012,189.49197387695312,633,0.0,0
2007-11-27,192.35439676810964,196.30452820757955,189.8068389892578,189.8068389892578,195,0.0,0
2007-11-28,197.50675704882795,199.3673279485633,187.91766087326891,195.61756896972656,1613,0.0,0
2007-11-29,200.36914753464032,200.94163081331072,196.50488540361513,197.22048950195312,1466,0.0,0
2007-11-30,194.64437291242075,198.36551533574644,194.64437291242075,197.5067901611328,586,0.0,0
2007-12-03,194.07186191285814,199.51045391336598,184.65450351313012,188.8050079345703,3597,0.0,0
2007-12-04,191.7819254983685,195.21682565654822,190.06447541927864,191.20944213867188,1084,0.0,0
2007-12-05,197.44951104237649,197.44951104237649,192.06817085244535,193.7570037841797,296,0.0,0
2007-12-06,198.65173346334262,198.65173346334262,194.2722390872025,196.59078979492188,1437,0.0,0
2007-12-07,189.09122875132573,208.38392312816114,189.09122875132573,198.0792236328125,1813,0.0,0
2007-12-10,211.24633863176618,217.5436549595424,199.42456192878342,200.36915588378906,7455,0.0,0
2007-12-11,200.36918788252294,206.0940218220236,195.81793791229723,203.20298767089844,15806,0.0,0
2007-12-12,201.48550510718636,203.23157218979117,191.86777515206037,199.19557189941406,546,0.0,0
2007-12-13,199.2242441956426,206.0367938794353,199.2242441956426,203.23162841796875,5539,0.0,0
2007-12-14,200.36915588378906,202.6590890938895,197.79298102242606,200.36915588378906,8660,0.0,0
2007-12-17,202.65914187515426,202.65914187515426,198.07927426215642,198.33689880371094,1190,0.0,0
2007-12-18,197.6498620003739,199.19557391961808,189.54922668988507,198.02197265625,380,0.0,0
2007-12-19,193.6997208675613,200.36914757112527,193.61385186990574,200.3405303955078,412,0.0,0
2007-12-20,200.36917199503242,200.36917199503242,195.50306353229593,200.31192016601562,131,0.0,0
2007-12-24,200.3691531017999,207.23895263671875,197.5353538053244,207.23895263671875,558,0.0,0
2007-12-26,205.52153597394096,205.52153597394096,200.9416688770286,203.6609649658203,1218,0.0,0
2007-12-27,198.10783463344237,215.79758219226255,198.10783463344237,206.52334594726562,1390,0.0,0
2007-12-28,211.21771267278393,211.21771267278393,187.9462534160942,202.57321166992188,2162,0.0,0
2007-12-31,211.5326165677484,217.4864404411231,207.35349473078142,214.6240234375,3374,0.0,0
2008-01-01,217.4005716920965,257.5602788080749,211.93336219678656,256.5298156738281,15062,0.0,0
2008-01-02,277.28227240444414,277.31088957932224,235.9203565816549,246.88340759277344,6464,0.0,0
2008-01-03,247.88529363332523,259.7643232935827,247.88529363332523,251.97854614257812,4540,0.0,0
2008-01-04,251.89270804220234,264.48734344431244,251.89270804220234,256.043212890625,12240,0.0,0
2008-01-07,257.6174714912351,257.6174714912351,243.30538974172202,245.3663330078125,3128,0.0,0
2008-01-08,248.34323813166526,253.61009125899957,233.14381414272592,252.7799835205078,5399,0.0,0
2008-01-09,249.23063063004093,257.61750823738583,246.16784120461315,255.38482666015625,6507,0.0,0
2008-01-10,247.3128392867786,251.37747509329228,234.14572052845475,235.37655639648438,2199,0.0,0
2008-01-11,226.18814691514544,237.40882267215423,220.4060623059457,225.3294219970703,3823,0.0,0
2008-01-14,228.99332751499958,231.82712693131947,220.4346949108047,225.4439239501953,506,0.0,0
2008-01-15,228.9933497157346,234.68956627823596,224.98596609570927,225.58706665039062,270,0.0,0
2008-01-16,220.40609492696458,228.42086201521784,213.59354639611047,219.69049072265625,2138,0.0,0
2008-01-17,219.26109460472372,231.2259915733274,219.26109460472372,227.7910919189453,1588,0.0,0
2008-01-18,237.5233309981787,240.299878653072,218.68863286592855,219.1752471923828,1907,0.0,0
2008-01-21,216.39873686342935,227.2759220496864,200.36920079947163,200.42645263671875,1593,0.0,0
2008-01-22,189.778215410548,197.42087101852724,160.35257705824674,191.7246551513672,458,0.0,0
2008-01-23,222.696036510828,222.696036510828,177.4698491474465,193.29901123046875,717,0.0,0
2008-01-24,195.78933403361933,217.11434190716415,184.5400380723405,186.9444580078125,703,0.0,0
2008-01-25,188.34702418400693,198.02198940932823,188.34702418400693,193.49937438964844,627,0.0,0
2008-01-28,194.64435181283005,196.93428536356924,186.05710099755814,195.13096618652344,1082,0.0,0
2008-01-29,210.64523060652112,210.64523060652112,190.63693291170142,193.8714599609375,206,0.0,0
2008-01-30,193.49935625348772,205.52150560651506,193.49935625348772,200.36915588378906,2557,0.0,0
2008-01-31,200.3691986001281,211.2463836669922,200.3691986001281,211.2463836669922,552,0.0,0
2008-02-01,210.1013695092752,210.1013695092752,192.9268706393072,195.1881866455078,67,0.0,0
2008-02-04,194.64434849230992,206.0940160506811,194.64434849230992,200.94166564941406,3462,0.0,0
2008-02-05,200.97025636311886,203.2315723964146,196.47627641493986,200.36915588378906,5615,0.0,0
2008-02-06,200.36918659073223,205.492919921875,200.36918659073223,205.492919921875,273,0.0,0
2008-02-07,201.51414219311923,204.31930715562368,192.5833983063085,194.32948303222656,945,0.0,0
2008-02-08,191.7819217666739,200.36917199503242,188.91950502388772,200.31192016601562,776,0.0,0
2008-02-11,194.6443080931943,194.6443080931943,186.05705920672986,192.61199951171875,1630,0.0,0
2008-02-12,180.33226613923617,191.78193383061625,177.58435288162752,191.23806762695312,1250,0.0,0
2008-02-13,184.33964045492957,188.91950729853028,183.22329092347965,187.0303192138672,301,0.0,0
2008-02-14,185.65630847637212,194.64430236816406,185.65630847637212,194.64430236816406,671,0.0,0
2008-02-15,209.52888954370042,209.52888954370042,186.65817453004868,189.49197387695312,1041,0.0,0
2008-02-18,188.9195189540197,202.0866369417241,184.68314535648483,190.9518280029297,286,0.0,0
2008-02-19,194.64433544272936,195.78930212180424,187.77453536828008,189.89273071289062,782,0.0,0
2008-02-20,202.65916376910909,202.65916376910909,192.35446052661203,198.6517791748047,1821,0.0,0
2008-02-21,228.36358588310623,228.36358588310623,197.5067393711635,200.36915588378906,1198,0.0,0
2008-02-22,197.50672804511015,206.03672526941955,197.50672804511015,200.8557586669922,1042,0.0,0
2008-02-25,190.7227886645274,200.19739680640015,190.69417149073527,194.64430236816406,74,0.0,0
2008-02-26,195.21682445819562,197.5067578829252,193.49937438964844,193.49937438964844,209,0.0,0
2008-02-27,200.36916368229444,203.17432847968564,192.64063879740596,200.28329467773438,1006,0.0,0
2008-02-28,201.5141597929205,211.24637773746497,195.84657754290603,201.68589782714844,3593,0.0,0
2008-02-29,200.36915588378906,200.39777306059375,186.05707332066126,200.36915588378906,1579,0.0,0
2008-03-03,191.78190634591238,200.36915588378906,189.57784213702993,200.36915588378906,36185,0.0,0
2008-03-04,197.85024673337207,200.59815979003906,192.35440314923295,200.59815979003906,175,0.0,0
2008-03-05,192.06812235023767,192.06812235023767,190.72278327478656,190.98040771484375,271,0.0,0
2008-03-07,194.64434818678112,194.64434818678112,180.90474713830247,182.87982177734375,1112,0.0,0
2008-03-10,180.904747593861,180.904747593861,173.63420169907636,178.58619689941406,2277,0.0,0
2008-03-11,178.61480875453995,185.88535443255023,172.31749177921964,177.32672119140625,2822,0.0,0
2008-03-12,178.04233353313407,187.774551121762,173.4624664326033,180.30364990234375,11941,0.0,0
2008-03-13,172.9185841366491,174.60741696115267,167.85212060474805,168.88258361816406,4943,0.0,0
2008-03-14,173.97767919055485,173.97767919055485,167.2223829354425,168.16697692871094,1265,0.0,0
2008-03-17,167.7376108925419,170.57141028331438,163.78747952268043,169.74130249023438,2313,0.0,0
2008-03-18,166.02018285436475,168.88259980012964,160.40985262898815,165.5908203125,281,0.0,0
2008-03-19,173.46245993322646,173.46245993322646,161.4975610755578,162.21316528320312,1771,0.0,0
2008-03-24,166.02016721452983,168.02385888780864,160.23808203462144,160.2953338623047,3074,0.0,0
2008-03-25,161.15406432944425,170.5427878512792,160.2953392974934,162.7283935546875,2417,0.0,0
2008-03-26,162.58525930623594,168.28147520334997,160.29532607657063,161.2685546875,4561,0.0,0
2008-03-27,163.15774754008305,166.02016416359328,160.43845174774833,164.9324493408203,1492,0.0,0
2008-03-28,163.44398327110835,172.31747448197413,163.30086244512665,170.0847930908203,1286,0.0,0
2008-03-31,166.02016850030205,176.3248686141139,166.02016850030205,176.010009765625,443,0.0,0
2008-04-01,177.46986268864973,177.46986268864973,168.93986310519554,172.2888946533203,899,0.0,0
2008-04-02,172.460602447829,177.4412143865114,172.460602447829,174.6360321044922,190,0.0,0
2008-04-03,172.34609495399184,177.2694549560547,172.34609495399184,177.2694549560547,43,0.0,0
2008-04-04,173.46245029255496,173.46245029255496,168.88258361816406,168.88258361816406,604,0.0,0
2008-04-07,174.607421875,174.607421875,174.607421875,174.607421875,66,0.0,0
2008-04-08,171.74502422935086,174.55018946426878,169.4550905729595,174.0349578857422,685,0.0,0
2008-04-09,181.47722263124015,181.47722263124015,174.60742240545187,179.7311553955078,436,0.0,0
2008-04-10,177.46985730950072,183.02295338137895,177.46985730950072,182.45046997070312,247,0.0,0
2008-04-11,183.19468688964844,184.9121370792389,183.19468688964844,183.19468688964844,405,0.0,0
2008-04-15,186.0570831298828,188.28976463328044,180.04600813645584,186.0570831298828,638,0.0,0
2008-04-16,186.20021159832294,194.6157239225263,186.20021159832294,193.49937438964844,1496,0.0,0
2008-04-17,198.50860673237733,200.36917766786465,190.3507187844714,199.33871459960938,5421,0.0,0
2008-04-21,196.50493305798577,204.9490634661585,196.50493305798577,198.10787963867188,2893,0.0,0
2008-04-22,202.8880956915711,202.8880956915711,198.42273255108762,201.3137664794922,1765,0.0,0
2008-04-23,194.6729900965845,201.51417430932972,194.6729900965845,197.5067901611328,499,0.0,0
2008-04-24,200.31189160273854,200.36914342359157,195.56028747558594,195.56028747558594,1311,0.0,0
2008-04-25,197.4495166670078,197.5067684998647,186.20022160748113,188.83364868164062,2515,0.0,0
2008-04-28,194.0718342892816,199.2241838721829,192.98411953816316,196.8769989013672,632,0.0,0
2008-04-29,192.15399677017567,195.50302723155303,190.98041311186492,194.64430236816406,388,0.0,0
2008-04-30,191.7819556637087,198.07927361087522,191.7819556637087,197.5067901611328,714,0.0,0
2008-05-02,197.50674032751536,200.3119050293106,195.50304875897535,198.0792236328125,3102,0.0,0
2008-05-05,197.5640036709976,203.17433340169327,194.6443351495927,197.59262084960938,695,0.0,0
2008-05-06,195.27409920150865,204.3765821387362,195.27409920150865,201.77178955078125,3737,0.0,0
2008-05-07,205.4928795293682,205.4928795293682,195.04505971080263,197.39222717285156,113,0.0,0
2008-05-08,186.14295439892703,198.53721520858073,186.14295439892703,197.42088317871094,336,0.0,0
2008-05-09,194.6443568103219,196.81978675105566,193.9001353755464,195.67481994628906,864,0.0,0
2008-05-12,191.78189109873267,194.07182412677724,189.7781996991937,190.72279357910156,3050,0.0,0
2008-05-13,194.64433801101475,194.64433801101475,189.5206050662262,190.60833740234375,1372,0.0,0
2008-05-14,189.00535152974754,191.20941565344643,187.20203269064965,190.63693237304688,438,0.0,0
2008-05-15,191.78189893384595,191.78189893384595,189.20572417204804,190.63693237304688,319,0.0,0
2008-05-16,187.23064986634833,191.20941565344643,187.20203269064965,190.63693237304688,193,0.0,0
2008-05-20,190.6369193510606,197.4781010728504,188.40423820417254,193.47071838378906,644,0.0,0
2008-05-21,197.5067432265099,203.2029591861469,191.2380439531729,202.91671752929688,1343,0.0,0
2008-05-22,193.4994060129359,199.997096661674,193.4994060129359,197.5067901611328,91,0.0,0
2008-05-23,197.5067317122572,197.5067317122572,192.35438218932873,192.86961364746094,227,0.0,0
2008-05-26,201.74309107801903,203.1742991836673,191.20940291460823,194.64430236816406,342,0.0,0
2008-05-27,191.78193383061625,197.85026120120895,191.20945044604724,191.23806762695312,80,0.0,0
2008-05-28,197.50673173784136,200.36914813983907,188.91948253184827,190.63693237304688,779,0.0,0
2008-05-29,199.73941754119812,199.73941754119812,190.69418849524422,192.12539672851562,198,0.0,0
2008-05-30,197.50671612514208,197.50671612514208,187.20201789252596,189.57781982421875,770,0.0,0
2008-06-02,194.47261225557122,194.47261225557122,187.88905334896728,192.2971649169922,476,0.0,0
2008-06-03,188.91951645037406,192.2971649169922,187.77454968400815,192.2971649169922,152,0.0,0
2008-06-04,190.63694747694007,190.63694747694007,185.54184937186747,189.46336364746094,29,0.0,0
2008-06-05,184.53999904742224,186.62955964126948,183.7957602596218,183.85301208496094,70,0.0,0
2008-06-06,151.9943078177316,186.3433039347331,151.9943078177316,180.3322296142578,977,0.0,0
2008-06-09,175.1799047976065,187.202055126854,174.60742144859472,185.255615234375,349,0.0,0
2008-06-10,171.8022945819016,194.07189829638048,171.8022945819016,179.7598114013672,239,0.0,0
2008-06-11,186.05706127927945,200.3691429161471,181.19095352274445,188.14662170410156,641,0.0,0
2008-06-12,188.91949462890625,191.7246593883261,183.22327863586446,188.91949462890625,211,0.0,0
2008-06-13,193.44212919898843,193.61388469422127,184.33964701744358,191.58155822753906,593,0.0,0
2008-06-16,193.72834148661687,194.07183495414776,189.49196864254546,193.41348266601562,120,0.0,0
2008-06-17,194.6443422094634,195.21682556890298,189.49199197450702,190.03585815429688,365,0.0,0
2008-06-18,194.071851269753,194.64433460683193,188.34701789896386,189.0626220703125,641,0.0,0
2008-06-19,186.0571222221579,192.64068193155734,186.0571222221579,187.08758544921875,273,0.0,0
2008-06-20,178.9583368717923,192.81242641406263,178.9583368717923,184.05343627929688,167,0.0,0
2008-06-23,188.3470194596203,188.3470194596203,177.46983596499177,180.2463836669922,1040,0.0,0
2008-06-24,182.76528350587876,190.63692844935827,176.32484673394097,180.3322296142578,944,0.0,0
2008-06-25,177.46986686094493,187.77456880770947,172.9472511673599,180.1891632080078,725,0.0,0
2008-06-26,196.07554686272846,196.07554686272846,178.78654274957597,179.07278442382812,279,0.0,0
2008-06-27,178.61480184363566,181.30548052639708,176.8973518259084,179.41627502441406,633,0.0,0
2008-06-30,176.21034789540323,180.30361735423767,172.60371019312203,174.3497772216797,825,0.0,0
2008-07-01,180.90472729580196,180.90472729580196,169.79855449395473,171.80224609375,3473,0.0,0
2008-07-02,168.08111301699884,177.4125845205782,168.08111301699884,171.6591339111328,1637,0.0,0
2008-07-03,172.31748842554506,173.46245512604702,171.74500507529407,172.54647827148438,4920,0.0,0
2008-07-04,179.18727655217992,180.90472648718486,172.9185773010903,180.44674682617188,543,0.0,0
2008-07-07,151.70807076597723,182.622168205082,151.70807076597723,180.704345703125,398,0.0,0
2008-07-08,181.47722402919464,184.2251371523555,177.46984053328183,181.84933471679688,444,0.0,0
2008-07-09,185.48461924510522,185.942598970968,180.38952054395347,183.42367553710938,710,0.0,0
2008-07-10,185.48460296003591,197.50675315189008,183.76715293262816,191.00906372070312,3511,0.0,0
2008-07-11,190.0042323366448,194.2671478057362,182.879066190086,183.8839111328125,1934,20.0,0
2008-07-14,181.1739318294645,181.1739318294645,172.891691228864,176.36293029785156,762,0.0,0
2008-07-15,172.34361119209595,180.2604555224749,171.73462316668218,178.61618041992188,1225,0.0,0
2008-07-16,182.69639768527165,182.69639768527165,177.21550575471352,178.28123474121094,2333,0.0,0
2008-07-17,168.8114747430333,181.47841723705343,168.8114747430333,172.10000610351562,1502,0.0,0
2008-07-18,168.8114485717163,176.91097998025154,168.14155818356758,171.12559509277344,1046,0.0,0
2008-07-21,173.56154087611608,176.60648018973214,170.5166015625,170.5166015625,262,0.0,0
2008-07-22,175.38854120205173,177.82449316319133,170.5166372797725,170.66888427734375,1319,0.0,0
2008-07-23,171.85641931213306,173.5615782611138,171.73461427941785,172.0391082763672,252,0.0,0
2008-07-24,177.7636136921858,177.7636136921858,173.5615997314453,173.5615997314453,2370,0.0,0
2008-07-25,175.41898557096525,175.81484263794474,172.34360361182755,173.86607360839844,820,0.0,0
2008-07-28,176.60649431105477,176.60649431105477,172.34357893113275,174.47503662109375,343,0.0,0
2008-07-29,177.7636136921858,177.7636136921858,173.5615997314453,173.5615997314453,340,0.0,0
2008-07-30,173.59200581389433,176.4846985447387,173.5615638506624,173.6529083251953,1583,0.0,0
2008-07-31,171.76501269499934,176.48466845106822,171.76501269499934,174.5663604736328,29,0.0,0
2008-08-01,176.60649431105477,176.60649431105477,171.73459101971534,174.47503662109375,401,0.0,0
2008-08-04,176.48468675142266,176.6064917658852,172.9525643500393,176.5760498046875,71,0.0,0
2008-08-05,178.37259172729114,178.37259172729114,173.5615899679544,174.1705780029297,142,0.0,0
2008-08-06,174.1705780029297,174.1705780029297,174.1705780029297,174.1705780029297,0,0.0,0
2008-08-07,174.2010115506288,177.70269258248075,174.2010115506288,176.6065216064453,1385,0.0,0
2008-08-08,177.82448888551315,180.0168493147679,176.60651293424252,177.6417999267578,435,0.0,0
2008-08-11,179.6514533528538,180.26044133032107,176.66741598023165,178.7988739013672,361,0.0,0
2008-08-12,179.65144759558981,179.65144759558981,176.6674103185967,178.4334716796875,54,0.0,0
2008-08-13,179.6210196678013,179.6210196678013,176.6065216064453,176.6065216064453,106,0.0,0
2008-08-14,176.6064995896224,176.72830460948094,173.56155994152545,174.62728881835938,430,0.0,0
2008-08-18,175.69301666844086,175.69301666844086,170.57752180650039,173.0134735107422,124,0.0,0
2008-08-19,173.59204170097058,176.60654007761102,173.5615997314453,173.5615997314453,3313,0.0,0
2008-08-20,173.62244052400476,176.60647728530688,173.5615380217671,173.59197998046875,2138,0.0,0
2008-08-21,173.62244052400476,175.3580596211893,173.5615380217671,173.59197998046875,1469,0.0,0
2008-08-22,170.57751163246357,175.7843506557857,170.51660912652272,172.4653778076172,576,0.0,0
2008-08-25,173.56154392519923,174.23143430293018,173.56154392519923,173.7137908935547,210,0.0,0
2008-08-26,175.26673420343718,175.38853923406285,171.55192237225307,175.32763671875,187,0.0,0
2008-08-27,176.60649577033095,176.60649577033095,172.46538537240943,176.54559326171875,42,0.0,0
2008-08-28,169.35952280222816,172.89164485658839,168.75053495941887,169.6640167236328,294,0.0,0
2008-08-29,173.5615997314453,175.38856393914472,173.5615997314453,173.5615997314453,836,0.0,0
2008-09-01,170.5470733642578,170.5470733642578,170.5470733642578,170.5470733642578,1,0.0,0
2008-09-02,173.56155078167313,176.60649026907092,173.56155078167313,175.69300842285156,1078,0.0,0
2008-09-04,178.37259693643472,178.4334994586788,174.17058308935884,175.26675415039062,112,0.0,0
2008-09-05,175.38851928710938,175.38851928710938,173.56155554453534,175.38851928710938,202,0.0,0
2008-09-08,176.6065216064453,176.6065216064453,176.6065216064453,176.6065216064453,225,0.0,0
2008-09-09,170.51663486668735,179.65145459168846,170.51663486668735,175.11448669433594,105,0.0,0
2008-09-10,173.561581578748,180.26044963968212,173.561581578748,176.6065216064453,167,0.0,0
2008-09-11,173.56155554453534,175.38851928710938,173.56155554453534,175.38851928710938,180,0.0,0
2008-09-12,173.5615997314453,173.5615997314453,173.5615997314453,173.5615997314453,25,0.0,0
2008-09-15,167.5630526716209,173.56158848172933,167.4717081841248,170.9429473876953,320,0.0,0
2008-09-16,167.4716966539657,170.66888359008686,167.4716966539657,168.8114776611328,781,0.0,0
2008-09-17,169.29864424693434,172.34358389166337,167.59348547982077,168.38516235351562,362,0.0,0
2008-09-18,161.38183473768746,167.44127332498215,161.38183473768746,166.9236297607422,629,0.0,0
2008-09-19,167.47168270100417,170.51662238647697,164.42674301553137,165.82740783691406,175,0.0,0
2008-09-22,164.42674240533825,164.8530413936572,163.20876653566907,164.6703338623047,1733,0.0,0
2008-09-23,164.4267171620873,165.64469284476942,164.4267171620873,164.8225555419922,308,0.0,0
2008-09-24,164.4876509541103,167.47168822737603,164.42674844142374,164.54855346679688,274,0.0,0
2008-09-25,138.57520655513898,164.48764506421674,138.14891685885377,164.42674255371094,410,0.0,0
2008-09-26,164.42674255371094,164.48764506421674,164.42674255371094,164.42674255371094,353,0.0,0
2008-09-29,164.42674255371094,170.5166219075521,164.42674255371094,164.42674255371094,1176,0.0,0
2008-09-30,162.59977160002055,165.03572323447779,161.99078369140625,161.99078369140625,315,0.0,0
2008-10-01,164.42674445300824,164.42674445300824,161.3818047409155,161.41224670410156,455,0.0,0
2008-10-03,161.38182067871094,161.9908086812721,161.38182067871094,161.38182067871094,1948,0.0,0
2008-10-06,160.77280957031252,160.77280957031252,152.24697875976562,152.24697875976562,201,0.0,0
2008-10-07,152.8559666748047,153.89124427188747,126.85218456112035,152.24697875976562,1054,0.0,0
2008-10-08,152.2470054784751,154.6829575661307,146.76611328125,146.76611328125,29342,0.0,0
2008-10-10,133.97735324435763,140.067232937283,130.93241339789498,137.0222930908203,5307,0.0,0
2008-10-13,137.02229336462483,143.11217306971926,137.02229336462483,137.600830078125,720,0.0,0
2008-10-14,152.24697889187635,152.24697889187635,140.67620849609375,140.67620849609375,110,0.0,0
2008-10-15,142.50317502392437,142.50317502392437,137.02228367685035,138.33160400390625,1603,0.0,0
2008-10-16,130.9323945412269,137.02227335709793,121.79757631742036,126.66947937011719,15067,0.0,0
2008-10-17,127.58299529665992,130.93242954072497,127.58299529665992,127.88748931884766,315,0.0,0
2008-10-20,130.3234217592843,130.3234217592843,122.46748089356593,125.51242065429688,76,0.0,0
2008-10-21,124.2335516074582,127.88747959591285,123.01557561130664,125.26882934570312,352,0.0,0
2008-10-22,124.23355235224184,129.95803585150483,123.6550156090854,126.06051635742188,522,0.0,0
2008-10-23,120.57961452494527,127.76567421875404,120.57961452494527,125.51242065429688,245,0.0,0
2008-10-24,121.79758453369139,124.84252414703369,121.79758453369139,121.7975845336914,3129,0.0,0
2008-10-27,122.46748941628869,130.9324188232422,112.72368150386136,130.9324188232422,382,0.0,0
2008-10-29,121.79758394748018,135.68251037597656,121.79758394748018,135.68251037597656,250,0.0,0
2008-10-31,126.06051061262342,133.55106455098775,121.79759479480524,124.75119018554688,458,0.0,0
2008-11-03,136.71778156446373,140.0672149658203,136.38283636584453,140.0672149658203,265,0.0,0
2008-11-04,140.0672149658203,140.0672149658203,140.0672149658203,140.0672149658203,10,0.0,0
2008-11-05,133.97736415587542,145.97442626953125,133.97736415587542,145.97442626953125,83,0.0,0
2008-11-06,142.99036560106748,145.48721049982692,135.8652087892435,136.504638671875,250,0.0,0
2008-11-07,137.69216918945312,137.69216918945312,137.69216918945312,137.69216918945312,225,0.0,0
2008-11-10,137.8139774948435,147.80137634277344,137.8139774948435,147.80137634277344,78,0.0,0
2008-11-11,144.93914269735646,144.93914269735646,130.9324188232422,130.9324188232422,184,0.0,0
2008-11-12,124.84252037862574,139.39732757409345,123.07645917316358,132.3939666748047,226,0.0,0
2008-11-14,137.5703729380662,137.5703729380662,136.29150383013723,136.41329956054688,59,0.0,0
2008-11-17,127.88746376037597,127.88746376037597,121.79758453369139,121.7975845336914,394,0.0,0
2008-11-18,116.316681294331,133.00294494628906,116.316681294331,133.00294494628906,16,0.0,0
2008-11-19,130.93240937190268,130.93240937190268,122.07163283266925,122.40657806396484,72,0.0,0
2008-11-20,121.24950430689778,131.99813788481868,121.24950430689778,121.94983673095703,1206,0.0,0
2008-11-21,122.10209319752116,122.10209319752116,116.46895423454325,117.53468322753906,816,0.0,0
2008-11-24,122.37612120174278,130.0798239989497,121.18859661102294,121.7975845336914,836,0.0,0
2008-11-25,119.97062241106404,133.27701242083216,119.97062241106404,127.21757507324219,210,0.0,0
2008-11-26,121.94984399749012,124.84253692626953,119.97063304621999,124.84253692626953,1330,0.0,0
2008-11-27,124.84253692626953,124.84253692626953,124.84253692626953,124.84253692626953,0,0.0,0
2008-11-28,118.81354742958327,121.79758453369139,118.81354742958327,121.7975845336914,23,0.0,0
2008-12-01,124.5380336582608,124.5380336582608,119.48343190068876,119.5443344116211,86,0.0,0
2008-12-02,119.97063446044922,120.00108571854233,119.3616464682642,119.97063446044922,372,0.0,0
2008-12-03,140.0672222137451,140.0672222137451,120.03152327492018,121.7975845336914,53399,0.0,0
2008-12-04,123.92903791533571,123.92903791533571,120.3360130146101,122.31522369384766,1670,0.0,0
2008-12-05,135.74342333778247,135.74342333778247,121.3408606579587,124.65984344482422,543,0.0,0
2008-12-08,131.23692356291272,131.23692356291272,127.88748931884766,127.88748931884766,10,0.0,0
2008-12-10,126.66950286155523,130.9324188232422,126.66950286155523,130.9324188232422,60,0.0,0
2008-12-11,127.27845010646773,127.88743790602021,121.88890436346176,127.03485870361328,529,0.0,0
2008-12-12,126.06049148853009,129.6839675254898,126.06049148853009,126.66947937011719,21,0.0,0
2008-12-15,130.81063160823405,130.87152483620375,127.88748718550984,128.49647521972656,132,0.0,0
2008-12-16,130.93242735659342,130.96287861678823,128.49647521972656,128.49647521972656,190,0.0,0
2008-12-17,124.84254071315564,127.88748073054968,123.01557670271922,123.28961944580078,1040,0.0,0
2008-12-18,122.4370146302008,126.06049064285241,122.4370146302008,125.75599670410156,675,0.0,0
2008-12-19,124.26399182184478,130.29296875,124.23354056616348,130.29296875,63,0.0,0
2008-12-22,130.93238863201475,140.00630394117354,130.93238863201475,131.63272094726562,252,0.0,0
2008-12-23,132.75937744707642,136.90049750115708,122.71107594305458,130.90196228027344,109,0.0,0
2008-12-24,143.11219042823427,143.11219042823427,121.797608875093,127.88748931884766,59,0.0,0
2008-12-26,122.40658689986827,133.97735879587572,122.40658689986827,130.9324188232422,18,0.0,0
2008-12-29,136.96139057692346,137.0222930908203,136.96139057692346,137.0222930908203,6,0.0,0
2009-01-02,136.71780726662288,136.71780726662288,133.977361241234,134.0078125,60,0.0,0
2009-01-05,136.41329836330442,147.98406920662043,136.41329836330442,141.52879333496094,105,0.0,0
2009-01-06,137.0222930908203,137.0222930908203,137.0222930908203,137.0222930908203,18,0.0,0
2009-01-07,133.97734673446743,133.97734673446743,128.49645527714833,128.55735778808594,250,0.0,0
2009-01-09,137.02227860551827,137.02227860551827,132.15037536621094,132.15037536621094,505,0.0,0
2009-01-12,130.9323935962897,130.9628448486328,130.9323935962897,130.9628448486328,58,0.0,0
2009-01-13,130.93240937190268,130.93240937190268,122.40657806396484,122.40657806396484,120,0.0,0
2009-01-14,130.93242015313663,133.91645763965894,130.93242015313663,132.75938415527344,50,0.0,0
2009-01-15,130.9324188232422,130.9324188232422,130.9324188232422,130.9324188232422,51,0.0,0
2009-01-16,130.6279174586964,130.9324114387866,127.88747163788459,128.0397186279297,132,0.0,0
2009-01-19,136.9918445222346,138.75791524329216,131.5414039485894,134.09915161132812,1677,0.0,0
2009-01-20,133.97735832798625,138.84926226718576,133.97735832798625,137.17454528808594,336,0.0,0
2009-01-21,137.6312656623858,138.24025356354682,131.0237432178218,131.2368927001953,648,0.0,0
2009-01-22,136.99184308439723,136.99184308439723,130.93241459310704,132.27218627929688,2698,0.0,0
2009-01-23,131.05421231499565,131.05421231499565,122.71107879161765,127.49163818359375,1295,0.0,0
2009-01-27,131.54138584254463,132.1503737399638,126.85218089090046,127.30892181396484,390,0.0,0
2009-01-28,127.30892181396484,127.30892181396484,127.30892181396484,127.30892181396484,0,0.0,0
2009-01-29,149.04978294275304,149.20202991205107,128.70959156150576,130.9628448486328,3886,0.0,0
2009-01-30,140.06725100317644,140.06725100317644,132.15040638125777,133.18568420410156,548,0.0,0
2009-02-02,133.368356195626,133.97734412345991,130.93240448429037,131.602294921875,829,0.0,0
2009-02-03,130.99330496149722,136.29149799295968,128.49645077915304,129.4403839111328,5676,0.0,0
2009-02-04,128.557374146018,130.6279296875,128.557374146018,130.6279296875,45,0.0,0
2009-02-05,130.93243494747176,133.9773752950874,127.9179458618164,127.9179458618164,5311,0.0,0
2009-02-06,128.49646684513536,133.27702631913775,128.49646684513536,130.9324188232422,583,0.0,0
2009-02-09,140.55442801704206,140.55442801704206,131.72410228351046,133.97735595703125,1193,0.0,0
2009-02-10,133.97733249944642,136.56553096818573,131.72407922043922,135.71295166015625,240,0.0,0
2009-02-11,132.45487012361224,140.06721898129112,132.45487012361224,133.06385803222656,365,0.0,0
2009-02-12,133.0638612238641,136.9613802155134,130.99330600187884,131.05419921875,398,0.0,0
2009-02-13,137.50948532473814,137.50948532473814,136.9004973554456,137.0222930908203,40,0.0,0
2009-02-16,139.4582472388309,139.4582472388309,131.08466252470896,132.82028198242188,105,0.0,0
2009-02-17,133.97736290978983,137.4485927266959,132.75938688333719,137.1136474609375,177,0.0,0
2009-02-18,132.75935219432193,135.01260539601734,130.93238863201475,131.63272094726562,52,0.0,0
2009-02-19,136.35240825756216,136.35240825756216,129.47085135334584,130.9324188232422,5190,0.0,0
2009-02-20,130.9324188232422,130.9324188232422,130.9324188232422,130.9324188232422,50,0.0,0
2009-02-24,130.9324188232422,130.9324188232422,130.9324188232422,130.9324188232422,0,0.0,0
2009-02-25,130.9324188232422,130.9324188232422,130.9324188232422,130.9324188232422,0,0.0,0
2009-02-26,128.49647521972656,128.49647521972656,128.49647521972656,128.49647521972656,9,0.0,0
2009-02-27,127.88747368755068,135.74341478281835,126.06050977772853,130.90196228027344,181,0.0,0
2009-03-02,134.28186806238875,134.28186806238875,128.55738397987187,129.77536010742188,281,0.0,0
2009-03-03,130.3234405517578,130.3234405517578,130.3234405517578,130.3234405517578,25,0.0,0
2009-03-04,136.7178043006805,136.7178043006805,126.36500842935949,127.36983489990234,301,0.0,0
2009-03-05,127.27847199576965,132.75936313434346,127.27847199576965,132.3939666748047,564,0.0,0
2009-03-06,127.94835677628845,130.93239365899146,126.1213931438374,130.84104919433594,520,0.0,0
2009-03-09,130.87152099609375,130.93242351469635,130.87152099609375,130.87152099609375,32,0.0,0
2009-03-12,124.84255425224052,130.93243494747176,124.84255425224052,127.9179458618164,782,0.0,0
2009-03-13,128.58784141101304,130.93244945543952,128.49649690743135,130.81065368652344,2025,0.0,0
2009-03-16,138.42296292016303,138.42296292016303,137.02228877640934,137.53993225097656,60,0.0,0
2009-03-17,131.54140403053978,139.70183926731855,131.54140403053978,133.97735595703125,61,0.0,0
2009-03-18,127.88746233180198,137.02228106978785,127.88746233180198,134.8908233642578,364,0.0,0
2009-03-19,135.86521547579892,137.02228886480086,132.15038526071905,132.24172973632812,1553,0.0,0
2009-03-20,131.54141235351562,131.57186361300734,130.93242433336047,131.54141235351562,625,0.0,0
2009-03-23,139.64093215911984,139.64093215911984,128.49645134511223,130.71925354003906,2700,0.0,0
2009-03-24,134.28185415705408,134.28185415705408,130.93242015313663,132.75938415527344,600,0.0,0
2009-03-25,137.0222837489356,138.81879627738243,136.62644531285045,138.20980834960938,546,0.0,0
2009-03-26,137.02229185034994,137.02229185034994,135.19532795901193,135.89566040039062,80,0.0,0
2009-03-27,137.02229793469405,150.72452772816348,137.02229793469405,143.2948760986328,968,0.0,0
2009-03-30,148.44080547565375,148.47125673013238,137.02228197752652,147.95361328125,193,0.0,0
2009-03-31,141.2852049453873,142.65542783817665,130.9324097554236,138.8188018798828,2093,0.0,0
2009-04-01,140.03678168033457,140.067232937283,137.0222930908203,137.0222930908203,451,0.0,0
2009-04-02,135.22576440632812,143.1121558151023,135.19531315299028,141.19384765625,945,0.0,0
2009-04-06,143.7211548130982,154.0130473518145,143.7211548130982,149.14114379882812,493,0.0,0
2009-04-08,144.93915066445658,155.90093516849112,144.33016263645465,149.17161560058594,3248,0.0,0
2009-04-09,166.83228227454535,166.86272424284334,150.42004703643178,154.86566162109375,1011,0.0,0
2009-04-13,153.46495870481343,182.02648896901968,153.46495870481343,157.5147247314453,11032,0.0,0
2009-04-15,150.42002247458583,181.478407681889,150.42002247458583,162.3257293701172,1314,0.0,0
2009-04-16,152.24699255992294,168.6896677563946,152.24699255992294,157.36248779296875,709,0.0,0
2009-04-17,150.4200148231595,158.33685770858895,150.4200148231595,158.2759552001953,588,0.0,0
2009-04-20,157.1798210991316,163.8177871979929,157.11891857651366,159.311279296875,689,0.0,0
2009-04-21,163.8177420018775,163.8177420018775,158.33685100553217,162.08212280273438,455,0.0,0
2009-04-22,164.42675933917525,164.42675933917525,158.33687936365024,158.61093139648438,367,0.0,0
2009-04-23,164.42672391817234,168.68963898271753,162.59976031908153,165.85784912109375,1089,0.0,0
2009-04-24,196.58129119583938,199.04770339832288,183.30536210521046,198.28646850585938,15371,0.0,0
2009-04-27,195.18063933216015,209.40051178050345,193.65816944657388,196.48995971679688,17269,0.0,0
2009-04-28,200.90512740406436,200.90512740406436,188.8776150074582,190.1869354248047,4789,0.0,0
2009-04-29,192.37929697272966,209.49186273268714,190.00424759476275,197.31210327148438,33758,0.0,0
2009-04-30,197.03807067871094,197.03807067871094,197.03807067871094,197.03807067871094,0,0.0,0
2009-05-04,197.98199965745061,210.10085696544633,197.6166031457604,198.37783813476562,31740,0.0,0
2009-05-05,197.9210864351817,200.87468174972042,195.5155765661114,198.56051635742188,2106,0.0,0
2009-05-06,197.921076182257,204.619943376118,197.921076182257,198.01242065429688,2595,0.0,0
2009-05-07,195.0283848123813,200.84421211680177,195.0283848123813,199.13905334472656,1060,0.0,0
2009-05-08,196.24636203260377,203.40197026808272,196.24636203260377,201.20960998535156,1412,0.0,0
2009-05-11,198.1037344871807,203.3714941064084,197.92104557135602,198.2559814453125,1581,0.0,0
2009-05-12,196.09413765318038,200.35705368911908,196.09413765318038,197.61660766601562,1524,0.0,0
2009-05-13,197.92107922838952,212.71947864137744,196.70310335621483,201.66635131835938,32352,0.0,0
2009-05-14,196.7031256583145,202.1535757382003,196.09413765318038,197.61660766601562,6289,0.0,0
2009-05-15,197.34252367311925,202.79297287038688,193.71905678024066,196.73353576660156,12359,0.0,0
2009-05-18,196.73353576660156,196.73353576660156,196.73353576660156,196.73353576660156,0,0.0,0
2009-05-19,195.54604395357066,209.9486059531887,195.54604395357066,200.99647521972656,21048,0.0,0
2009-05-20,200.96605153036742,208.42615495838862,200.96605153036742,203.91964721679688,4211,0.0,0
2009-05-21,208.27385457356772,228.3704545762804,204.61992730034723,213.75474548339844,163059,0.0,0
2009-05-22,213.75478366349438,222.28061549052833,207.08635776484314,210.4053497314453,10510,0.0,0
2009-05-25,204.6503900177918,219.23565863003003,204.6503900177918,208.79151916503906,6430,0.0,0
2009-05-26,204.61992163400623,215.58170315011373,201.24004643380698,202.97564697265625,5338,0.0,0
2009-05-27,205.2289111397697,214.97271700990714,199.1390324709338,208.94374084472656,4927,0.0,0
2009-05-28,208.27385004178507,215.2772104964065,206.4468864449273,208.48699951171875,6753,0.0,0
2009-05-29,211.31877956321023,218.5657311108031,208.27384037642045,209.33956909179688,21295,0.0,0
2009-06-01,210.1008240323994,212.53677561538376,208.42610731909767,209.03509521484375,4986,0.0,0
2009-06-02,212.47587126440428,212.47587126440428,204.6199311944419,206.2642059326172,3982,0.0,0
2009-06-03,210.25310472429445,210.25310472429445,204.74177081788272,205.74659729003906,6908,0.0,0
2009-06-04,203.40196888770586,209.46140623311564,203.40196888770586,205.62477111816406,5103,0.0,0
2009-06-05,209.3396123854615,209.3396123854615,204.92444965151358,207.0863494873047,4796,0.0,0
2009-06-08,207.2081496089609,209.12645793098895,206.17286266191726,206.44691467285156,7507,0.0,0
2009-06-09,205.22895299514423,214.79007188909083,205.22895299514423,212.4759063720703,3752,0.0,0
2009-06-10,215.52084889058676,218.6266913990169,206.47737339847862,214.48558044433594,5874,0.0,0
2009-06-11,217.71320628867886,217.71320628867886,209.7050179421609,212.26275634765625,1545,0.0,0
2009-06-12,210.770715529359,213.14576461813678,202.79297033668445,209.46139526367188,4169,0.0,0
2009-06-15,212.53681194443416,212.53681194443416,205.22895594634474,208.2434539794922,3737,0.0,0
2009-06-16,208.57836668762286,218.535323091722,205.28983557214303,216.9215087890625,3375,0.0,0
2009-06-17,234.4603545494928,234.4603545494928,213.2371213362921,225.5082244873047,15166,0.0,0
2009-06-18,230.80644164535113,233.6991345155765,219.23567016444963,223.89442443847656,7184,0.0,0
2009-06-19,226.5435313752741,234.39947269793285,224.16848194072682,230.25836181640625,6723,0.0,0
2009-06-22,233.79050627360766,237.44443453602875,229.04040696639635,231.0805206298828,5491,0.0,0
2009-06-23,232.63338525864643,234.3994465083024,228.6749637817323,231.141357421875,4526,0.0,0
2009-06-24,230.80648798773706,233.24244036755488,228.43143813438306,230.1061553955078,5892,0.0,0
2009-06-25,229.58845368624742,236.80496450184089,229.58845368624742,233.0596923828125,5166,0.0,0
2009-06-26,232.05487321832132,237.50532332864512,232.05487321832132,235.70880126953125,4487,0.0,0
2009-06-29,239.33226997561482,249.1978824314455,239.33226997561482,244.4782257080078,6934,0.0,0
2009-06-30,247.79720330628075,249.07608177072643,235.6783463209563,238.2056427001953,5478,0.0,0
2009-07-01,239.33223036513752,242.68166361452242,237.50526677456398,240.4893035888672,4046,0.0,0
2009-07-02,246.64010932876087,246.64010932876087,236.2873146161956,239.21044921875,3129,0.0,0
2009-07-03,240.5502870233891,241.03747004418364,237.5357886508052,239.7281494140625,5389,0.0,0
2009-07-06,241.7073495243628,274.0446181874499,241.1592640049559,246.1225128173828,81997,0.0,0
2009-07-07,245.42217511226866,263.6918159394847,241.8900519862761,245.9702606201172,41784,0.0,0
2009-07-08,245.4220958836634,252.72994985538537,241.15918106682557,242.52940368652344,19023,0.0,0
2009-07-09,247.79721069335938,247.79721069335938,247.79721069335938,247.79721069335938,20371,0.0,0
2009-07-10,256.34419075606206,256.34419075606206,221.5644873996287,230.3087158203125,27453,30.0,0
2009-07-13,233.00432502615493,233.00432502615493,217.29100098020095,220.57830810546875,11510,0.0,0
2009-07-14,222.25481703279766,223.5368747814608,220.2495677993805,222.1233367919922,2596,0.0,0
2009-07-15,222.87941444183483,224.85179864043513,189.3488830656296,223.20814514160156,2971,0.0,0
2009-07-16,230.1114895811392,235.20681542186443,220.64404945119827,225.27914428710938,4050,0.0,0
2009-07-17,239.6446727815154,247.17261360098965,232.0838669187241,244.31265258789062,25981,0.0,0
2009-07-20,202.03789185191155,246.15355835020642,202.03789185191155,241.3212127685547,5139,0.0,0
2009-07-21,239.97338970287424,244.57561909443623,239.97338970287424,243.2606964111328,2369,0.0,0
2009-07-22,240.07204182846775,255.6210009380477,240.07204182846775,243.819580078125,67495,0.0,0
2009-07-23,248.48758632319647,251.80775893096722,243.32650944455239,248.84918212890625,3652,0.0,0
2009-07-24,247.86292546179058,254.63476924583824,240.8280810901417,251.741943359375,9389,0.0,0
2009-07-27,254.30609950140527,257.0674458197513,251.1502923354092,254.0760040283203,13429,0.0,0
2009-07-28,255.75250394881147,274.81888599126785,248.52042800167283,265.5486755371094,48207,0.0,0
2009-07-29,266.9293392698065,280.078567805265,262.32710928239607,264.8912048339844,37562,0.0,0
2009-07-30,266.2718995490297,276.7912832349173,253.1226699416702,267.5868225097656,31652,0.0,0
2009-07-31,274.75311969822803,279.42109973007405,266.27187150748233,275.3777160644531,20120,0.0,0
2009-08-03,275.3777125242936,279.4210961379342,266.2718680843844,276.0022888183594,6062,0.0,0
2009-08-04,279.4210939991231,282.70840098734806,269.82215358068026,273.8326721191406,7211,0.0,0
2009-08-05,272.84648135408315,276.1337883583492,270.57823149548767,272.7807312011719,1554,0.0,0
2009-08-06,272.8465020308508,275.14761710821944,266.2718875240833,269.0332336425781,3534,0.0,0
2009-08-07,271.4000437175855,271.4000437175855,253.18837592736193,264.2994689941406,3005,0.0,0
2009-08-10,258.3823462002167,269.55919069233806,253.15551972089588,266.30474853515625,6307,0.0,0
2009-08-11,262.98457571490184,266.2718829113381,262.98457571490184,263.08319091796875,2884,0.0,0
2009-08-12,256.5743152910039,266.27187108995923,253.18839304182183,262.3928527832031,1397,0.0,0
2009-08-13,261.0121401277258,268.7044454820778,260.7162745125096,266.00885009765625,1523,0.0,0
2009-08-14,264.0364849147562,266.8635607234632,263.6748691300241,265.0555419921875,813,0.0,0
2009-08-17,266.17325452626307,266.20611957094746,257.06741003026775,263.4447937011719,2217,0.0,0
2009-08-18,262.9845875354719,269.5592022238587,259.0398187224398,267.38958740234375,4657,0.0,0
2009-08-19,260.42043362647894,265.61437405684427,260.42043362647894,264.0693359375,1789,0.0,0
2009-08-20,266.2718898567287,266.2718898567287,262.98458257454683,263.7077941894531,769,0.0,0
2009-08-21,261.66960966011357,265.2198968336313,260.354686998505,263.1817626953125,1953,0.0,0
2009-08-24,269.5591609647172,285.9956951698829,266.271854123684,279.5525817871094,10109,0.0,0
2009-08-25,277.77741533685776,281.39345269627245,273.5039166393676,277.5144348144531,6496,0.0,0
2009-08-26,279.28960545439145,279.32249056413616,272.6492611098661,274.7860107421875,1992,0.0,0
2009-08-27,280.57167415255867,280.57167415255867,271.59732936120815,274.39154052734375,2243,0.0,0
2009-08-28,270.2495322565014,279.35537773121285,269.5592057308922,277.2186279296875,53776,0.0,0
2009-08-31,271.005572655178,279.88130075439835,270.8740723613903,278.7307434082031,7420,0.0,0
2009-09-01,273.20809424549714,285.9299771632608,271.53157559375467,275.1476135253906,3420,0.0,0
2009-09-02,271.9260260786361,280.73600440546664,269.26329549720305,277.41583251953125,58328,0.0,0
2009-09-03,281.39351550977136,285.6670151612048,274.52303496758316,278.59930419921875,2064,0.0,0
2009-09-04,278.10617667333474,289.2830206531142,278.10617667333474,285.009521484375,5253,0.0,0
2009-09-07,285.99571126771673,289.28301829378245,276.1337901895196,284.84515380859375,1753,0.0,0
2009-09-08,280.0785589173783,291.05817242171616,280.0785589173783,282.7084045410156,28373,0.0,0
2009-09-09,276.92279080352336,289.2830589322482,276.13382898078237,288.7242126464844,2829,0.0,0
2009-09-10,290.4664447974092,291.9128679344482,285.9957152060472,289.5788879394531,32179,0.0,0
2009-09-11,286.91617881490447,288.29685190183307,285.9957367783293,286.6531982421875,3005,0.0,0
2009-09-14,286.65315839394754,287.31061976641075,285.9956970214844,285.9956970214844,1199,0.0,0
2009-09-15,289.9405031497612,289.9405031497612,285.9957343994243,286.6203308105469,1255,0.0,0
2009-09-16,286.16003194007294,290.9266263836468,286.16003194007294,290.1376647949219,2244,0.0,0
2009-09-17,288.625581192134,291.25542703443136,286.65319681041103,287.70513916015625,715,0.0,0
2009-09-18,290.59792029534066,302.43222474175724,287.96807486280363,290.9924011230469,3638,0.0,0
2009-09-22,292.57032377676904,298.1258806471708,292.57032377676904,295.660400390625,2293,0.0,0
2009-09-23,289.94049953008755,294.3783643188134,289.94049953008755,292.7347106933594,874,0.0,0
2009-09-24,294.54273941252836,294.54273941252836,289.3487977973213,291.3869323730469,1935,0.0,0
2009-09-25,289.28303633016316,296.1863815153148,289.28303633016316,295.7919006347656,2799,0.0,0
2009-09-29,295.85758732513295,295.85758732513295,292.57028079929813,293.6222229003906,1034,0.0,0
2009-09-30,294.54269298701485,299.1449225649369,292.57030888219106,293.4578857421875,1762,0.0,0
2009-10-01,295.8576050321536,296.712296754373,292.57029830957407,293.85235595703125,1637,0.0,0
2009-10-05,294.50984374920426,318.2113193217979,289.28301756527077,298.7504577636719,41951,0.0,0
2009-10-06,301.2488132269983,305.7195425984858,296.51508325143465,302.49798583984375,3484,0.0,0
2009-10-07,303.8129352502729,309.4671076436272,303.2540890137899,305.25933837890625,2246,0.0,0
2009-10-08,295.2001583169301,322.1560747779415,295.2001583169301,313.9706726074219,3919,0.0,0
2009-10-09,305.71956875926986,310.32179882661376,300.4598772537341,302.1692810058594,1017,0.0,0
2009-10-12,250.4927813361673,309.66430448644303,250.4927813361673,307.3631896972656,3336,0.0,0
2009-10-13,307.3631896972656,307.3631896972656,307.3631896972656,307.3631896972656,0,0.0,0
2009-10-14,307.69193354275455,321.498622868391,303.78003020817243,314.7596435546875,6597,0.0,0
2009-10-15,327.4157700391207,327.4157700391207,307.69192847049896,318.8359069824219,3343,0.0,0
2009-10-16,324.1284693104505,357.00153922023253,318.9345282775309,335.3710632324219,76476,0.0,0
2009-10-20,328.6978438176965,339.90755296427034,322.1560946856721,324.2599792480469,4648,0.0,0
2009-10-21,320.8411776283915,326.1008690649225,315.58148619186045,318.0469665527344,4636,0.0,0
2009-10-22,317.7511123631711,326.3638614144695,315.4499972765564,319.00030517578125,2905,0.0,0
2009-10-23,320.1837378471128,332.67550585346834,317.06079584552396,326.10089111328125,4001,0.0,0
2009-10-26,328.73073563231634,355.02919448290163,328.73073563231634,341.35400390625,6760,0.0,0
2009-10-27,335.23956556652143,335.3053157196846,314.2665508117828,316.14031982421875,2987,0.0,0
2009-10-28,320.51244120407813,320.51244120407813,309.00686639162404,316.6334228515625,7021,0.0,0
2009-10-29,316.6333970034553,322.1232034072107,312.35989813626446,316.9621276855469,756,0.0,0
2009-10-30,319.5591201979694,324.7201964390754,315.5814865699792,315.91021728515625,740,0.0,0
2009-11-03,316.8964099707219,320.77542840359547,304.40464277270587,306.2784118652344,6681,0.0,0
2009-11-04,309.1712338248088,309.1712338248088,284.81229615517293,303.81292724609375,8094,0.0,0
2009-11-05,302.43224843470364,322.15609072392346,302.43224843470364,311.8996887207031,1317,0.0,0
2009-11-06,322.1560980615079,332.01801943073775,316.23894523997,325.3776550292969,5375,0.0,0
2009-11-09,348.454550456115,367.520931518808,329.3881693934219,330.4072265625,2574,0.0,0
2009-11-10,330.0456300230902,335.9627827525878,326.1008615367585,334.9437255859375,1430,0.0,0
2009-11-11,335.27244008238,335.9627665084581,322.2875777760355,333.5301513671875,2479,0.0,0
2009-11-12,328.73070224994285,331.3605478679424,325.44339522744343,329.12518310546875,598,0.0,0
2009-11-13,328.73070006887394,342.53738947176663,327.1199116128846,336.5873718261719,52613,0.0,0
2009-11-16,329.45394061311407,341.68272774460996,328.79647915512106,330.0127868652344,1082,0.0,0
2009-11-17,328.7306823730469,331.623508365104,328.7306823730469,328.7306823730469,4259,0.0,0
2009-11-18,328.7307666545176,339.9076127207712,328.7307666545176,336.68603515625,3001,0.0,0
2009-11-19,339.9075936678682,339.9075936678682,329.4539598870407,332.41253662109375,712,0.0,0
2009-11-20,335.3052779347637,341.847026186789,319.5919561777052,332.9055480957031,3394,0.0,0
2009-11-23,325.18042609226615,338.55977015627826,325.18042609226615,337.3105773925781,1747,0.0,0
2009-11-24,348.45451525180346,348.45451525180346,332.70830790486787,338.92132568359375,1286,0.0,0
2009-11-25,339.74315231898674,339.74315231898674,332.67544281259273,339.0528259277344,1096,0.0,0
2009-11-26,335.30532179996516,339.25009029172946,330.0456304776128,332.5439758300781,3598,0.0,0
2009-11-27,322.1560650540895,334.6149657996898,322.1560650540895,331.7550048828125,3833,0.0,0
2009-11-30,328.7306786266219,338.5925989854206,328.7306786266219,331.7550048828125,32711,0.0,0
2009-12-01,332.0179919279074,332.7412034479029,322.15607137559334,324.6215515136719,3697,0.0,0
2009-12-02,328.73074869097667,333.9904406700323,324.12851820930297,326.7912292480469,4976,0.0,0
2009-12-03,328.7307015581641,330.3086049128174,325.4433945425825,325.7721252441406,1815,0.0,0
2009-12-04,332.0180001738238,332.0180001738238,325.4433863089956,326.199462890625,1854,0.0,0
2009-12-07,330.63729745745997,334.5492003802042,327.4157409667969,327.4157409667969,100,0.0,0
2009-12-08,327.4157596435547,331.952239047477,324.7859141845703,328.7306823730469,16555,0.0,0
2009-12-09,328.73072683704805,333.95755341940963,328.73072683704805,329.5854187011719,2987,0.0,0
2009-12-10,326.16662707174925,335.3053371498705,326.16662707174925,332.6097412109375,2758,0.0,0
2009-12-11,327.1199217802748,333.95753660553464,327.1199217802748,330.57159423828125,706,0.0,0
2009-12-14,328.73071575631565,336.55450277848985,328.73071575631565,332.2481384277344,303,0.0,0
2009-12-15,331.36051954920174,333.33290359413746,328.7306741559541,329.15802001953125,1264,0.0,0
2009-12-16,336.48871845139934,336.48871845139934,328.7306823730469,328.7306823730469,805,0.0,0
2009-12-17,328.7307480924226,331.98519052419056,325.47630566065453,328.927978515625,474,0.0,0
2009-12-18,329.3881601164359,333.9575248542818,329.0594294177169,329.749755859375,1045,0.0,0
2009-12-21,332.01800537109375,332.01800537109375,328.73069838722154,332.01800537109375,884,0.0,0
2009-12-22,325.5749303624061,333.3329677397697,325.5749303624061,329.32244873046875,23575,0.0,0
2010-01-04,346.4821685171649,353.71424414086283,343.5235921256521,345.6932067871094,1304,0.0,0
2010-01-05,348.4545425989658,352.82667696778486,343.1948513899248,351.3144836425781,8192,0.0,0
2010-01-06,351.34738863022073,357.42890658747183,349.11200381625173,351.708984375,7150,0.0,0
2010-01-07,346.7780398676482,358.9739413891929,346.7780398676482,352.85955810546875,2002,0.0,0
2010-01-08,358.217827310661,359.63138537027567,351.84048384088874,358.1192321777344,3332,0.0,0
2010-01-11,357.6590059402848,361.6037743881556,357.6590059402848,358.1849670410156,2262,0.0,0
2010-01-12,352.56372228502323,361.603817728229,352.4979921876512,355.1278381347656,2579,0.0,0
2010-01-13,361.53804457799174,361.60377466753647,335.6340490323225,339.1843566894531,8522,0.0,0
2010-01-14,340.56501579876976,355.02916704891055,335.46968979019744,345.56170654296875,11961,0.0,0
2010-01-15,351.08437959169044,351.08437959169044,342.2086508941477,342.6360168457031,1897,0.0,0
2010-01-18,347.10677096021584,347.10677096021584,335.9627916650478,337.7379455566406,3898,0.0,0
2010-01-19,338.52693914628685,339.6117265338971,333.00424654808273,333.3329772949219,3459,0.0,0
2010-01-20,337.90227933595054,341.8799126011392,330.70306930456354,336.5216064453125,4618,0.0,0
2010-01-21,341.22244773373336,341.22244773373336,334.6478340972452,337.0146789550781,914,0.0,0
2010-01-22,338.52687004315266,338.52687004315266,330.73592885646184,332.8398132324219,2438,0.0,0
2010-01-25,332.0837477494254,338.756976757638,332.0179975984613,338.1981506347656,713,0.0,0
2010-01-27,334.7793425158435,335.30530359386853,319.06599949220015,324.9502868652344,4417,0.0,0
2010-01-28,328.73070322166484,331.3276838027679,321.4986277507882,322.58343505859375,2628,0.0,0
2010-01-29,316.96217963374517,331.9522931682604,316.96217963374517,330.3743896484375,497,0.0,0
2010-02-01,331.9522525764668,337.2776938607786,328.7306957707394,334.12188720703125,798,0.0,0
2010-02-02,320.24945268425836,353.7142340078642,320.2165675757055,332.0508728027344,16116,0.0,0
2010-02-03,337.8694043652734,337.8694043652734,324.8516575756453,325.9693298339844,802,0.0,0
2010-02-04,326.8240368433865,341.81416746672903,325.7720946842546,327.77734375,1756,0.0,0
2010-02-05,324.5558332654486,328.66496723281256,319.52625730222127,323.56964111328125,2526,0.0,0
2010-02-08,326.69263455960237,328.07330780366703,322.1561539555047,325.0489807128906,1144,0.0,0
2010-02-09,326.10089741429124,326.10089741429124,317.7511285072643,320.0193786621094,2408,0.0,0
2010-02-10,316.8964201920134,324.25999648768783,316.8964201920134,320.8740539550781,185,0.0,0
2010-02-11,325.54202682115755,328.2047576819679,319.5262586798265,322.5177001953125,1255,0.0,0
2010-02-15,324.7858748561045,340.56494569931607,320.21651089877406,330.07843017578125,1927,0.0,0
2010-02-16,335.3052889187035,341.8799024269134,322.1560619022838,328.1060791015625,52306,0.0,0
2010-02-17,328.73071260855266,335.23957670537595,320.9069256612952,323.3724060058594,4750,0.0,0
2010-02-18,323.79971540111046,328.73067553412227,322.15606202343986,325.9693298339844,2189,0.0,0
2010-02-19,320.01931275440865,328.7306756593823,317.6524478768355,323.83258056640625,1503,0.0,0
2010-02-22,331.3605867370783,331.3605867370783,320.0193761791128,325.21331787109375,2428,0.0,0
2010-02-23,326.4624573764653,328.73070728236564,321.4986317221536,327.1856689453125,1322,0.0,0
2010-02-24,319.52625942279457,325.4434123750686,315.58149078794526,318.3757019042969,2422,0.0,0
2010-02-25,316.37038828203066,322.87925119467945,307.3631603696127,310.7162170410156,5752,0.0,0
2010-02-26,315.745817726037,322.15606597763275,300.7885718056469,318.8030090332031,4334,0.0,0
2010-03-02,315.58148130809275,320.1837112438358,312.29417421113345,319.7234802246094,1685,0.0,0
2010-03-03,316.23894731404556,321.6958691484902,316.23894731404556,320.0522155761719,1601,0.0,0
2010-03-04,316.3375611549197,332.01802018021743,316.3375611549197,321.1041564941406,4491,0.0,0
2010-03-05,321.49862836359154,322.4848204751363,316.23893710201946,318.3099365234375,2043,0.0,0
2010-03-08,322.0574779628499,322.81355457683316,317.81684381291967,319.5591125488281,1338,0.0,0
2010-03-09,318.2113868982102,323.40532907649055,318.2113868982102,321.9917907714844,3883,0.0,0
2010-03-10,316.896406090905,322.74780874656244,316.896406090905,322.02459716796875,1422,0.0,0
2010-03-11,315.6143712650925,322.81358240132465,315.6143712650925,321.7945251464844,4353,0.0,0
2010-03-12,320.5124182655448,328.7306854005588,319.3289958237543,320.47955322265625,1097,0.0,0
2010-03-15,320.9069417762114,322.15611453402727,316.5676921390492,319.0331726074219,899,0.0,0
2010-03-16,317.4223392556115,328.7306827684993,317.22510887160183,324.32568359375,1209,0.0,0
2010-03-17,322.1890190067854,328.56640395768056,321.56444258351524,325.0489807128906,2633,0.0,0
2010-03-18,328.7307152763902,330.7030995680485,325.4434081236263,328.7635803222656,2408,0.0,0
2010-03-19,328.73071246071265,333.9904038600841,325.4434053361055,330.99896240234375,2525,0.0,0
2010-03-22,333.99041976284406,333.99041976284406,325.44342083190514,328.7964782714844,1059,0.0,0
2010-03-23,324.1285056650342,333.85892742405184,324.1285056650342,330.3743896484375,11556,0.0,0
2010-03-25,328.7964478059756,341.87992555976376,328.7964478059756,338.2967529296875,2284,0.0,0
2010-03-26,335.3381603409917,341.87990893178005,333.00418052682033,339.15142822265625,2932,0.0,0
2010-03-29,341.51832412038794,351.74184062120304,336.22574793798395,346.6465148925781,4324,0.0,0
2010-03-30,346.4821279571859,374.7529657221935,346.0218969911742,357.856201171875,7061,0.0,0
2010-03-31,364.23361656692526,364.23361656692526,338.62548694329195,347.5669860839844,11387,0.0,0
2010-04-01,351.741833519279,351.741833519279,341.2224515822538,346.1534118652344,1196,0.0,0
2010-04-05,333.9904326734297,358.3165074941323,333.9904326734297,356.9687194824219,1950,0.0,0
2010-04-06,358.3164918148469,364.8911063435597,355.0291845504905,364.39801025390625,5643,0.0,0
2010-04-07,367.19219367242124,371.39996270403566,358.2835996850717,360.1573486328125,1801,0.0,0
2010-04-08,364.1679297839104,366.86350580031313,358.44800688287637,360.9792175292969,2276,0.0,0
2010-04-09,349.76947721276997,366.83060917389463,349.76947721276997,363.51043701171875,2428,0.0,0
2010-04-12,377.51428924081415,377.51428924081415,359.13823774605197,364.7923889160156,1829,0.0,0
2010-04-13,374.65441637270595,374.65441637270595,362.91874475397844,366.3046875,4953,0.0,0
2010-04-15,374.02984727882284,374.02984727882284,355.0291946965361,360.51898193359375,15011,0.0,0
2010-04-16,360.5189549894468,368.17839661314963,355.06203320815405,367.2579345703125,16599,0.0,0
2010-04-19,367.5209264346445,367.5209264346445,360.2888509591864,362.4584655761719,8315,0.0,0
2010-04-20,366.76483895460495,366.76483895460495,361.6037828327509,363.51043701171875,4643,0.0,0
2010-04-21,364.89104537030056,366.6333339805782,360.0587205504827,360.2559509277344,3239,0.0,0
2010-04-22,364.39802142401305,374.75303962415416,358.31650279853335,367.0935974121094,4057,0.0,0
2010-04-23,361.27507904360425,363.57619419674825,356.3441180011529,358.6452331542969,4676,0.0,0
2010-04-26,362.9186400236338,364.8910239368057,360.15729451954246,361.0448913574219,2551,0.0,0
2010-04-27,364.23357449925294,364.23357449925294,359.0725191429391,359.72998046875,883,0.0,0
2010-04-28,359.631383241014,360.880575943429,353.714230683118,355.9496154785156,5097,0.0,0
2010-04-29,352.070590686591,361.60378128408036,352.070590686591,358.9410705566406,2429,0.0,0
2010-04-30,360.2888352555867,360.2888352555867,354.3716828517541,355.16064453125,2392,0.0,0
2010-05-03,352.56363391574814,358.97388180512536,329.4538724607162,350.6241149902344,8478,0.0,0
2010-05-04,355.62090453071164,355.68663462259065,348.2244634225709,350.7228088378906,2788,0.0,0
2010-05-05,349.76946076634596,357.6589974753613,345.82469241183827,350.9857482910156,2491,0.0,0
2010-05-06,355.02911376953125,360.2888043438947,347.1395779079861,355.02911376953125,6100,0.0,0
2010-05-07,349.7695281989372,355.02922035230466,349.079201629461,351.8734130859375,2096,0.0,0
2010-05-10,357.659014712977,361.60378325760547,353.7142461683486,361.2421875,1306,0.0,0
2010-05-11,357.6589868630573,362.2612164734275,356.3440641172372,361.2750244140625,1154,0.0,0
2010-05-12,360.2888681509312,364.1021364670223,355.9496387099071,357.4617919921875,2087,0.0,0
2010-05-13,366.8634441597871,366.8634441597871,351.74183266216147,354.9634094238281,9586,0.0,0
2010-05-14,354.1086518677159,356.6727670740198,351.7418071605541,355.02911376953125,3062,0.0,0
2010-05-17,361.6037962953449,361.6037962953449,349.83522032824607,355.3907775878906,3952,0.0,0
2010-05-18,357.6589990550487,357.6589990550487,353.3526349413428,355.9496154785156,806,0.0,0
2010-05-19,357.00150959785344,357.4617405640543,349.11197347414395,351.8404541015625,1613,0.0,0
2010-05-20,350.42691912057927,357.0015329877571,349.9009580368567,355.6208801269531,729,0.0,0
2010-05-21,351.1501614132354,354.2073733552172,346.5479310401746,347.86285400390625,3939,0.0,0
2010-05-24,356.11399117310214,356.11399117310214,348.8490104411284,350.0653381347656,2479,0.0,0
2010-05-25,350.4269440865562,350.4269440865562,345.0357523057262,346.1863098144531,4813,0.0,0
2010-05-26,344.90419356656895,351.08434604640297,344.90419356656895,346.2191162109375,4655,0.0,0
2010-05-27,351.0186346637399,351.08436474815784,346.51500028992285,349.9338073730469,1310,0.0,0
2010-05-28,348.61890954522215,358.3164652562868,348.4545441941872,356.0153503417969,1681,0.0,0
2010-05-31,355.68661928410734,360.88058042292397,354.37169647714205,358.2835998535156,464,0.0,0
2010-06-01,358.7109049888989,361.7681163899762,353.0567532965329,354.2730407714844,2272,0.0,0
2010-06-02,357.59331330299426,364.8911196445803,351.2159289520218,358.5466003417969,2486,0.0,0
2010-06-03,352.95817324327226,360.94634613527637,352.3993470464629,358.2178649902344,2906,0.0,0
2010-06-04,353.05676678772386,359.3026499990523,353.05676678772386,357.7904968261719,4631,0.0,0
2010-06-07,348.4545791554765,357.59330964123683,348.4545791554765,354.07586669921875,1153,0.0,0
2010-06-08,360.2888491084858,364.2007524848594,354.568926872535,358.2835998535156,5364,0.0,0
2010-06-09,360.28887388594313,366.17316187743353,358.38221963341704,364.233642578125,3042,0.0,0
2010-06-10,366.8634408425965,368.1783635696309,363.60899906753497,367.3565368652344,2287,0.0,0
2010-06-11,368.1784351999658,374.5886847413938,367.19224296282306,372.3204345703125,3955,0.0,0
2010-06-14,379.35521727946355,382.6425241882977,372.1888721669018,381.2618713378906,4642,0.0,0
2010-06-15,384.61491995957334,386.6530342533545,374.7529989349689,383.8259582519531,5521,0.0,0
2010-06-16,384.6148841924695,414.8581058554671,384.6148841924695,394.31243896484375,9779,0.0,0
2010-06-17,391.18959475116264,394.47690227007996,387.9022872322453,388.3625183105469,2944,0.0,0
2010-06-18,393.7865406579477,393.7865406579477,384.61494547106224,385.6340026855469,2811,0.0,0
2010-06-21,394.4768403992152,394.4768403992152,384.68064947799763,388.0994567871094,3400,0.0,0
2010-06-22,387.24478098714536,392.37297209850465,385.9298581315014,389.64453125,5529,0.0,0
2010-06-23,394.4110672878691,395.0027584069703,387.2447227510219,389.54583740234375,3063,0.0,0
2010-06-24,396.4492007436778,397.07379706237475,383.29997352166527,386.4557800292969,11296,0.0,0
2010-06-25,389.2171329592763,392.37293952518644,383.9574419733401,384.9436340332031,5891,0.0,0
2010-06-28,365.5485647232638,393.6550415972198,312.2941874883998,390.46636962890625,3318,0.0,0
2010-06-29,385.99557278954666,391.1895339129722,381.9850742914905,383.95745849609375,13590,0.0,0
2010-06-30,380.67018552373355,390.2033766983348,374.9173977459569,388.2967224121094,7606,0.0,0
2010-07-01,390.5320907216869,390.5320907216869,384.61493783196437,389.28289794921875,3454,0.0,0
2010-07-02,391.1895511156684,405.58797249375124,388.0666093210475,394.0823974609375,14608,0.0,0
2010-07-05,401.05147034838205,401.05147034838205,392.50447179997394,393.655029296875,7025,0.0,0
2010-07-06,396.44924470132645,400.3940133053198,391.3539185878351,395.989013671875,15450,0.0,0
2010-07-07,397.76416975739704,401.70893838309024,394.6083628824948,396.4163818359375,17465,0.0,0
2010-07-08,399.73657102139475,401.741820465504,391.5183027026983,395.1672058105469,36322,0.0,0
2010-07-09,399.07903600047064,399.6707672616584,393.4248844906461,394.6083068847656,28566,0.0,0
2010-07-12,405.4043180760021,405.7157501274173,383.39705854258284,384.71197509765625,19338,30.0,0
2010-07-13,384.0891874225666,384.0891874225666,377.2378498862408,379.9714660644531,4716,0.0,0
2010-07-14,384.01989330968524,387.4801553065664,363.3966980166523,367.272216796875,12392,0.0,0
2010-07-15,366.78778970588337,382.49738839213535,364.78082075319077,370.1788635253906,9849,0.0,0
2010-07-16,366.78778882819626,382.2551437820268,366.78778882819626,373.3968811035156,12554,0.0,0
2010-07-19,373.01630569537986,373.01630569537986,363.39675883821997,363.70819091796875,5299,0.0,0
2010-07-20,365.4036989032468,368.1373145683267,357.7911218427625,359.55584716796875,4208,0.0,0
2010-07-21,359.1752248854516,362.6008929926697,358.48317242902493,361.078369140625,5847,0.0,0
2010-07-22,362.60093680554303,363.98504188563703,353.7772669199435,357.8603515625,5041,0.0,0
2010-07-23,359.7288450652253,361.1821805135548,353.0159491586356,355.16131591796875,3904,0.0,0
2010-07-26,357.09905319454543,357.09905319454543,349.48647647915783,352.669921875,5225,0.0,0
2010-07-27,352.9121487242197,355.0229002093324,346.7874804323281,349.4864807128906,8221,0.0,0
2010-07-28,350.870632616498,354.3308952655759,347.756396232328,350.0401611328125,14566,0.0,0
2010-07-29,352.8775334305084,352.8775334305084,348.17158530643854,349.4864807128906,1673,0.0,0
2010-07-30,352.2200962871645,352.2200962871645,348.1023758387801,349.4864807128906,4675,0.0,0
2010-08-02,349.4865113473943,363.3275613017466,349.4865113473943,361.25140380859375,7743,0.0,0
2010-08-03,362.6009728409567,362.6009728409567,357.0991461529024,360.10955810546875,3144,0.0,0
2010-08-04,359.8672880215849,363.2237256390507,357.7911305906911,359.69427490234375,3204,0.0,0
2010-08-05,357.16827894513824,364.0196156022871,357.16827894513824,360.0403137207031,4392,0.0,0
2010-08-06,357.27209105654293,362.63549775037,357.27209105654293,360.0057067871094,14385,0.0,0
2010-08-09,363.2929185780346,363.3275127503911,359.86725072419694,361.28594970703125,4673,0.0,0
2010-08-10,363.25836187514295,363.25836187514295,359.8672878438786,360.0057067871094,8743,0.0,0
2010-08-11,360.62853246562247,363.3275540486536,359.86729162914264,360.21331787109375,2604,0.0,0
2010-08-12,358.4831778971354,366.78780750093006,358.4831778971354,363.3275451660156,5738,0.0,0
2010-08-13,364.0195938110351,366.78780364990234,359.8672790527344,359.8672790527344,6080,0.0,0
2010-08-16,359.8673171143477,364.5732658902438,356.4416486285254,360.28253173828125,6385,0.0,0
2010-08-17,361.9435144146666,362.63556702349,359.9365449532629,360.10955810546875,1237,0.0,0
2010-08-18,363.9849865695477,363.9849865695477,359.86726613414555,360.14410400390625,4777,0.0,0
2010-08-19,359.93650678046873,363.32758109988146,359.86731842273974,362.6355285644531,6887,0.0,0
2010-08-20,362.63552712584584,364.01963219121166,361.25142206048,363.2237548828125,1935,0.0,0
2010-08-23,366.71866576636006,384.08916799991107,360.940001588766,364.8155212402344,7799,0.0,0
2010-08-24,372.2896460745107,372.2896460745107,359.867295410046,360.4209289550781,2033,0.0,0
2010-08-25,359.17526629228036,366.7532500116718,359.17526629228036,362.0126647949219,3415,0.0,0
2010-08-26,360.90537601093274,370.21349051319595,359.86729726881117,365.09228515625,4434,0.0,0
2010-08-27,366.7878252759843,377.1340186066756,364.08880362814045,369.4868469238281,5863,0.0,0
2010-08-30,370.178887357079,372.8432725014159,366.0957608412975,368.2065124511719,10680,0.0,0
2010-08-31,370.2134943590051,370.2134943590051,366.78782602651137,368.2411193847656,8818,0.0,0
2010-09-01,369.556046627355,369.556046627355,361.2514163660661,361.5974426269531,2971,0.0,0
2010-09-02,366.58021994116933,371.4591816481193,364.19263035365213,365.0231018066406,1309,0.0,0
2010-09-03,366.787823598167,381.32092604262266,365.4037186034569,379.5216064453125,9485,0.0,0
2010-09-06,373.708396666913,382.63589192754887,368.4141774849833,381.18255615234375,18694,0.0,0
2010-09-07,382.5319796294326,385.43860827533666,373.70831117122316,375.2308349609375,3369,0.0,0
2010-09-08,377.1340225765221,397.86100363320384,373.7775425699456,387.0303649902344,85202,0.0,0
2010-09-09,390.9750221522819,394.46987841666436,384.1582804885581,388.5874328613281,4563,0.0,0
2010-09-13,389.6256191451415,394.46998741159973,386.16535609767135,392.0823974609375,3210,0.0,0
2010-09-14,356.4416038644265,391.0096319900354,353.8118130175321,383.8815002441406,5522,0.0,0
2010-09-15,391.00969057441307,392.39379567379154,380.6980906882294,388.6221008300781,3277,0.0,0
2010-09-16,390.8712990039477,393.15506413003277,378.55277120425797,387.7916564941406,1873,0.0,0
2010-09-17,389.625581013344,400.698421681574,384.4351869501112,397.5495910644531,8551,0.0,0
2010-09-20,396.54606378352366,401.32124270395417,389.7293638760763,396.5806579589844,5009,0.0,0
2010-09-21,397.9301685443004,400.62919006154345,388.933486472864,396.89208984375,6646,0.0,0
2010-09-22,393.7778751148897,397.20354346054444,391.0096650965073,391.18267822265625,2934,0.0,0
2010-09-23,387.9991892749907,392.2898803005483,387.9991892749907,390.9750061035156,3314,0.0,0
2010-09-24,390.9404735723723,397.93018691630664,388.37987087822177,395.9232177734375,8227,0.0,0
2010-09-27,387.5494576593231,399.31435190969535,387.5494576593231,394.1931457519531,8790,0.0,0
2010-09-28,399.2451339191948,401.39047993336925,389.7985996939142,399.1759033203125,2518,0.0,0
2010-09-29,399.1758780265953,399.1758780265953,391.80554416269814,392.9128112792969,2044,0.0,0
2010-09-30,396.51154253819305,401.7365311797027,394.53916729978937,400.1794128417969,2007,0.0,0
2010-10-01,397.93018334936266,400.69839332048866,395.9232142244835,398.34539794921875,2649,0.0,0
2010-10-04,399.97170282201944,402.7053183168628,393.0857728254983,395.3695373535156,4460,0.0,0
2010-10-05,397.72252273656295,404.85065400881285,394.5736927643997,402.6360778808594,5913,0.0,0
2010-10-06,401.39051696732656,408.3110431219356,401.39051696732656,405.7850341796875,8543,0.0,0
2010-10-07,405.78499428415864,413.12077663053645,403.88184977875244,409.2106628417969,7025,0.0,0
2010-10-08,408.3109703368319,409.0030228289282,404.9198962297471,408.1033630371094,2344,0.0,0
2010-10-11,412.46325761282327,412.46325761282327,400.00631359095945,402.73992919921875,1744,0.0,0
2010-10-12,402.7399563541397,408.13795734633743,401.3904455462072,404.8507080078125,1656,0.0,0
2010-10-13,403.8818086753577,408.310961423904,403.8818086753577,405.0237121582031,1697,0.0,0
2010-10-14,411.009959971364,415.9235153871141,404.1586239368962,411.9442138671875,8262,0.0,0
2010-10-15,415.9235305411531,425.61226502963257,409.2452073729248,422.84405517578125,15725,0.0,0
2010-10-18,415.2315167682927,429.0725673272358,415.2315167682927,425.6123046875,5947,0.0,0
2010-10-19,429.0725669305573,435.30103967632346,425.61230429402053,431.8061828613281,19156,0.0,0
2010-10-20,423.53616780080614,435.92392555223245,423.53616780080614,434.6090087890625,5631,0.0,0
2010-10-21,435.9930100097465,447.06584835920034,429.0724860413378,436.8926696777344,15150,0.0,0
2010-10-22,441.114312761851,444.1939128211856,427.65388220130757,433.2594909667969,1955,0.0,0
2010-10-25,435.9930564858379,439.4533188389001,427.1347933099048,434.8165588378906,2880,0.0,0
2010-10-26,427.1347589224388,435.8200082814928,427.1347589224388,432.2905578613281,848,0.0,0
2010-10-27,429.8683426487058,435.9929891722202,426.58109392082,433.190185546875,1126,0.0,0
2010-10-28,433.9169114397253,433.9169114397253,418.6917566523665,426.33892822265625,2146,0.0,0
2010-10-29,422.9132402674075,428.2074584679137,416.16572880064035,424.9548034667969,2381,0.0,0
2010-11-01,424.95480518553194,433.6746915369551,415.3006649076667,423.74371337890625,1852,0.0,0
2010-11-02,422.87863278902944,428.89949743325514,415.3006501629968,422.6018371582031,4268,0.0,0
2010-11-03,422.9132829326924,429.0725673272358,422.9132829326924,425.6123046875,432,0.0,0
2010-11-04,427.68839240645104,435.9930213852171,424.2281303319652,432.2905578613281,4224,0.0,0
2010-11-08,426.6503639956267,438.6574579113696,426.6503639956267,435.681640625,2438,0.0,0
2010-11-09,439.4533774192303,449.31512644005556,429.4186152576889,445.4742431640625,3583,0.0,0
2010-11-10,436.3390755169322,446.3738361751329,436.3390755169322,443.53643798828125,2541,0.0,0
2010-11-11,444.95516227391516,446.37386144766407,435.3010214737685,441.28729248046875,1998,0.0,0
2010-11-12,437.3771451187689,443.60561712204253,433.0172231643832,440.7682189941406,2054,0.0,0
2010-11-15,436.02772350339137,442.7406420376851,432.5674605722645,441.3565368652344,2356,0.0,0
2010-11-16,425.61230096315484,442.9136140104376,418.69177574424174,430.9757080078125,6015,0.0,0
2010-11-18,429.0725712078494,432.46364552127363,422.2558706417321,428.44970703125,1505,0.0,0
2010-11-19,425.61229371288977,432.53281881391234,421.73681655213034,427.3078308105469,7926,0.0,0
2010-11-22,431.84075920245397,431.84075920245397,418.69176172673826,423.01708984375,5495,0.0,0
2010-11-23,431.1486683071841,431.1486683071841,411.8403884165565,425.23162841796875,5930,0.0,0
2010-11-24,429.00329718343033,429.00329718343033,420.07580437906967,424.53955078125,398,0.0,0
2010-11-25,421.4599944791425,427.5154541699348,421.4599944791425,425.5431213378906,2242,0.0,0
2010-11-26,418.76094494500757,433.9169113769531,415.23149414062505,432.5328063964844,7123,0.0,0
2010-11-29,432.2906124977972,442.9136015132792,422.49805269352646,438.8304748535156,4288,0.0,0
2010-11-30,422.2559008530185,448.38088588847603,422.2559008530185,439.62640380859375,1221,0.0,0
2010-12-01,433.43246964134903,441.5294922895497,433.43246964134903,436.30450439453125,1551,0.0,0
2010-12-02,442.7752001752738,444.29772418893714,431.18332029962784,442.0485534667969,1447,0.0,0
2010-12-03,431.1487014160156,436.6851213378906,423.7091371459961,432.5328063964844,25050,0.0,0
2010-12-06,435.9930853662429,439.45334794851465,426.7195647499411,430.1452331542969,27791,0.0,0
2010-12-07,425.6122691400315,431.84074137134905,423.5361117295924,428.9341125488281,972,0.0,0
2010-12-08,429.7646361086964,429.7646361086964,425.68150914357244,429.107177734375,525,0.0,0
2010-12-09,429.0725713347486,430.4566764035704,418.86479645218805,425.50848388671875,756,0.0,0
2010-12-10,409.0030009488305,429.0725221459812,409.0030009488305,426.4773254394531,2017,0.0,0
2010-12-13,428.38042686216295,429.0724792480469,421.4944971747126,429.0724792480469,1356,0.0,0
2010-12-14,417.5151959558799,429.0724792480469,417.5151959558799,429.0724792480469,412,0.0,0
2010-12-15,416.09658599396084,433.8477503837374,416.09658599396084,428.7611389160156,725,0.0,0
2010-12-16,423.536158320874,428.79574077675704,423.536158320874,423.6053466796875,268,0.0,0
2010-12-20,420.76795165690834,429.0725822817157,420.76795165690834,421.4945983886719,201,0.0,0
2010-12-21,422.8440949751198,429.07256773252743,419.5222512857425,424.98944091796875,274,0.0,0
2010-12-22,437.30798384066003,437.30798384066003,418.0688908924169,424.29736328125,928,0.0,0
2010-12-23,429.0033824052062,429.0725707627412,419.66067320311424,420.87176513671875,517,0.0,0
2010-12-24,422.15198484302783,422.15198484302783,417.41144256478225,419.6259765625,1344,0.0,0
2010-12-27,420.3180521094347,422.1520080566406,419.7298244038566,422.1520080566406,54,0.0,0
2010-12-28,423.5360776886604,431.66769355931683,420.76786803056456,429.03790283203125,565,0.0,0
2010-12-29,425.61230307888576,435.9930909588586,422.9825119305328,432.0829772949219,880,0.0,0
2010-12-30,428.0344183830661,430.9756411447929,422.18656703243323,429.03790283203125,1035,0.0,0
2010-12-31,429.0725227683451,439.45330960951475,425.6122604879552,435.3009948730469,3754,0.0,0
2011-01-03,435.30108290405514,441.5295562683421,432.60206088371547,434.78204345703125,1199,0.0,0
2011-01-04,440.1453655557371,440.1453655557371,427.6884212475559,436.1314697265625,1484,0.0,0
2011-01-05,429.9376502600417,442.9136356803649,429.9376502600417,442.290771484375,1374,0.0,0
2011-01-06,435.9930725097656,435.9930725097656,431.14870503743487,435.9930725097656,2395,0.0,0
2011-01-07,431.1486837136756,435.1279853691389,425.61226401911796,432.5673828125,422,0.0,0
2011-01-10,425.6123250400317,449.76497631616667,422.9479395758395,437.8616638183594,1611,0.0,0
2011-01-11,431.14869454314527,446.20083596579923,423.6745362156647,440.3183898925781,2953,0.0,0
2011-01-12,435.99312043862653,443.6056987319994,432.4982633973037,441.529541015625,1753,0.0,0
2011-01-13,442.70599009238066,448.45001736066797,439.45333491361754,445.128173828125,6042,0.0,0
2011-01-14,449.07293347498353,459.45372211527865,444.98980638065257,448.55389404296875,5578,0.0,0
2011-01-17,446.37380385563876,455.99334923764076,442.91354181024616,453.84796142578125,3293,0.0,0
2011-01-18,473.0178588059269,473.0178588059269,450.52615374200207,456.72003173828125,757,0.0,0
2011-01-19,456.72008098252434,463.6752005427588,444.9897820134237,452.49853515625,2607,0.0,0
2011-01-20,460.90684888050265,463.67505818308825,442.9480825820742,445.7855224609375,1375,0.0,0
2011-01-21,437.3771797766787,454.67849226784483,437.3771797766787,448.865234375,736,0.0,0
2011-01-24,446.0278991537503,463.67524039257205,445.7164670369222,455.5782165527344,1324,0.0,0
2011-01-25,448.4500071291832,459.86887305145405,448.4500071291832,451.7718505859375,856,0.0,0
2011-01-27,462.9830301560007,463.67508251796784,451.2873283429468,454.7822265625,664,0.0,0
2011-01-28,450.5953965945959,450.5953965945959,432.5674361876033,440.35302734375,1832,0.0,0
2011-01-31,442.221594336386,456.6855100140951,436.68517375001494,452.0833435058594,1069,0.0,0
2011-02-01,444.3323061276934,447.0659219933613,438.2768466579691,441.07965087890625,1400,0.0,0
2011-02-02,442.9136619324489,442.9136619324489,424.02063448855057,434.1591796875,3234,0.0,0
2011-02-03,449.8341370818212,454.6093163558878,434.36678018720585,443.9516906738281,6913,0.0,0
2011-02-04,439.45329103565547,448.79599879783086,430.6988109404726,433.0172119140625,1212,0.0,0
2011-02-07,435.9930705003425,435.9930705003425,426.9963880931926,434.5743713378906,513,0.0,0
2011-02-08,435.9238952139622,435.9238952139622,419.4184174208251,428.41510009765625,948,0.0,0
2011-02-09,427.6884620697924,428.2075014655082,415.231516572614,425.9237365722656,1218,0.0,0
2011-02-10,422.15204214595434,435.99309270811676,415.2315168648731,417.1000671386719,2490,0.0,0
2011-02-11,418.6571532488849,434.6089543516235,393.5356568513071,420.94091796875,7695,0.0,0
2011-02-14,417.342319402434,428.3805670166016,413.15540954589846,415.2315673828125,28876,0.0,0
2011-02-15,422.15206291489227,435.9239257976024,415.23153729333666,431.66778564453125,1106,0.0,0
2011-02-16,428.38051270113,435.7854831618027,428.3459185228089,435.6470642089844,287,0.0,0
2011-02-17,449.8340960186783,449.8340960186783,429.1071165311424,429.4185485839844,713,0.0,0
2011-02-18,435.99310826317634,442.0485681001649,425.64691415092875,440.8720703125,1039,0.0,0
2011-02-21,429.14167438521145,442.70592670700813,427.8959885188031,436.8926696777344,654,0.0,0
2011-02-22,419.0377859613594,435.99307209852424,409.6950772735339,433.6747131347656,702,0.0,0
2011-02-23,425.5084020264356,438.93423550692796,424.22812197989253,435.40478515625,428,0.0,0
2011-02-24,439.1073012095161,439.45332745160397,426.30433025226466,432.3251953125,1110,0.0,0
2011-02-25,422.9479382105479,432.53284925420667,422.9479382105479,430.5605163574219,340,0.0,0
2011-02-28,422.1520382116337,439.45335125309407,417.3422647382009,436.858154296875,2564,0.0,0
2011-03-01,438.5882342992916,449.3150471302802,432.67119437913595,445.19732666015625,980,0.0,0
2011-03-03,442.221532575905,446.37384743577263,433.7092955610825,444.470703125,3033,0.0,0
2011-03-04,442.91353024289265,447.7233028082792,442.91353024289265,446.0969543457031,1280,0.0,0
2011-03-07,442.91363790921906,453.29442629771637,433.4325093998176,449.93798828125,6148,0.0,0
2011-03-08,452.6023674104816,452.6023674104816,443.4326711288472,445.0243835449219,324,0.0,0
2011-03-09,448.8652262153175,448.8652262153175,430.11062071163644,440.24920654296875,1967,0.0,0
2011-03-10,442.04852119821015,444.98974423553676,433.5708783259157,443.2596130371094,853,0.0,0
2011-03-11,446.92748962154474,446.92748962154474,442.9135936272046,444.9205627441406,21,0.0,0
2011-03-14,433.39788450248506,449.3150922367081,433.39788450248506,444.64373779296875,474,0.0,0
2011-03-15,432.7749336020081,446.3737795971737,432.7749336020081,439.5916748046875,426,0.0,0
2011-03-16,449.48812981644807,449.48812981644807,436.7889824595573,437.1003723144531,448,0.0,0
2011-03-17,418.69175853980795,446.3738582779771,418.69175853980795,446.02783203125,387,0.0,0
2011-03-18,439.62637871609553,444.7821786184456,438.0692604915993,438.934326171875,17504,0.0,0
2011-03-21,437.37715430674257,439.4533116847809,430.3874413631588,433.467041015625,468,0.0,0
2011-03-22,433.2248478106567,444.98973984385344,430.8026641567632,434.5397644042969,2485,0.0,0
2011-03-23,425.6123008910549,439.45335132653634,425.6123008910549,433.91693115234375,350,0.0,0
2011-03-24,432.7058404236904,442.9136151477999,432.7058404236904,442.1523742675781,1698,0.0,0
2011-03-25,435.3355964579236,445.681789300301,432.982643410926,436.02764892578125,3213,0.0,0
2011-03-28,435.9930497697325,439.4879062445839,434.6435390249202,439.3494873046875,1552,0.0,0
2011-03-29,435.370242200827,439.453369140625,432.6712626002201,439.453369140625,601,0.0,0
2011-03-30,439.453369140625,440.9412990185689,433.98613710117155,439.453369140625,5028,0.0,0
2011-03-31,442.84436916617585,442.913557513726,438.7958370858099,439.418701171875,5078,0.0,0
2011-04-01,439.4532879033904,449.76488588543856,436.1660388993887,447.4810791015625,2146,0.0,0
2011-04-04,453.7096807909339,453.7096807909339,443.08668996940446,449.7650146484375,568,0.0,0
2011-04-05,449.7648356078555,449.83402394649966,444.7128197011457,449.3495788574219,1192,0.0,0
2011-04-06,449.79950313741597,459.79966959480487,446.99669913283714,450.31854248046875,14955,0.0,0
2011-04-07,457.44669622588344,462.91392779671054,453.4328002288426,459.6266784667969,3838,0.0,0
2011-04-08,463.6751765297154,480.9764890867943,463.6751765297154,480.31903076171875,66090,0.0,0
2011-04-11,478.90033892030556,498.96986179413335,478.2082864074149,481.0456848144531,5774,0.0,0
2011-04-13,488.58904311802246,570.9432869297004,483.74467583498256,551.115966796875,153063,0.0,0
2011-04-15,561.2545093230646,604.6462042500774,553.6419327477824,585.5455322265625,103358,0.0,0
2011-04-18,588.2446310018125,591.0128410300564,548.3477870739354,557.3098754882812,14205,0.0,0
2011-04-19,561.9465664699236,573.0194052180995,551.0121466540055,553.3305053710938,17458,0.0,0
2011-04-20,561.9465844306562,571.6353186449779,555.7181124357352,568.5902709960938,3911,0.0,0
2011-04-21,563.1577219775885,652.6055076188829,563.1577219775885,614.8194580078125,232919,0.0,0
2011-04-25,615.2692531679536,652.605493171088,606.3071650418228,614.4387817382812,106984,0.0,0
2011-04-26,619.0409693034858,642.5015662545121,615.9267330129707,623.4354858398438,29257,0.0,0
2011-04-27,628.0376084969672,631.8438970333124,621.4631101160072,623.0894165039062,5756,0.0,0
2011-04-28,629.7676978873959,629.7676978873959,593.6771475357303,599.455810546875,12625,0.0,0
2011-04-29,608.3141236755114,608.3141236755114,582.3967501176531,592.0162963867188,6641,0.0,0
2011-05-02,593.7810236709822,621.4631226766224,581.3240791184442,590.4937744140625,14554,0.0,0
2011-05-03,589.2826775199877,609.0061728920601,588.8674629342827,600.3209228515625,5669,0.0,0
2011-05-04,600.0095434505706,600.0095434505706,584.7843877920786,588.4176635742188,29350,0.0,0
2011-05-05,600.0093955282516,600.0093955282516,588.2445054198546,589.1441650390625,1690,0.0,0
2011-05-06,593.0888461247032,621.4629916219177,589.0057204866123,596.4799194335938,19127,0.0,0
2011-05-09,591.0128025517408,611.0131355994795,576.6873081403442,589.5595092773438,14142,0.0,0
2011-05-10,595.0958721082243,610.3902131612385,588.7635757901629,591.7739868164062,11244,0.0,0
2011-05-11,592.4661210392493,615.1654765506155,586.1684602628169,587.3103637695312,35996,0.0,0
2011-05-12,593.8502678978309,600.701604942179,586.1685015968037,588.5560913085938,7860,0.0,0
2011-05-13,590.9436905310665,610.7363766051179,588.3484934633394,607.7605590820312,10659,0.0,0
2011-05-16,608.3140872250256,619.3869261278702,598.694541532368,611.2553100585938,8340,0.0,0
2011-05-17,613.1585445167432,628.3837002496646,600.7015989170802,614.7848510742188,28577,0.0,0
2011-05-18,617.3107456448864,621.1170338747596,596.2031472792261,598.6945190429688,8189,0.0,0
2011-05-19,604.9230717865823,608.3141459236077,598.9714371978184,603.9542236328125,1393,0.0,0
2011-05-20,592.0854275587748,611.0822745530928,592.0854275587748,605.1998291015625,3458,0.0,0
2011-05-23,611.0823819261362,611.0823819261362,594.8191475260635,598.1409912109375,2147,0.0,0
2011-05-24,596.6876492890422,600.6323568239287,596.549230346856,598.7984008789062,1692,0.0,0
2011-05-25,597.2413214777098,627.6916321903624,592.7429801224315,619.8368530273438,30696,0.0,0
2011-05-26,620.8056725763155,664.2319659649448,616.6187634943221,624.5081787109375,80810,0.0,0
2011-05-27,623.539209067529,649.8372001269809,616.9993054745759,621.9129028320312,21843,0.0,0
2011-05-30,616.6188254092357,627.968504186881,593.7810911348196,600.9784545898438,23913,0.0,0
2011-05-31,608.9716316174824,617.3108561478056,599.3174903856498,603.123779296875,8612,0.0,0
2011-06-01,602.085739503374,614.5426858379266,589.1443479190148,603.5736694335938,3238,0.0,0
2011-06-02,602.0510848208385,614.5426240808823,595.8572064568015,602.9507446289062,5086,0.0,0
2011-06-03,602.0510490188902,628.9372703277827,602.0510490188902,610.1480712890625,11836,0.0,0
2011-06-06,605.5805091133036,614.3695839837312,602.0856525664276,609.040771484375,3135,0.0,0
2011-06-07,604.2656714129191,641.8441145944906,604.2656714129191,619.8368530273438,27913,0.0,0
2011-06-08,629.0757935366654,635.3042667399988,620.1137042017394,623.1587524414062,4212,0.0,0
2011-06-09,626.342126694725,639.4565304367624,626.342126694725,630.5982666015625,19437,0.0,0
2011-06-10,631.151900645098,638.0378316932445,623.8853491574076,627.0341796875,7692,0.0,0
2011-06-13,620.7710914532163,634.6813297839469,620.7710914532163,623.919921875,7108,0.0,0
2011-06-14,627.0687559065475,637.3803550943319,622.881846712412,624.43896484375,9845,0.0,0
2011-06-15,623.6084930238038,632.5013930234628,623.6084930238038,628.0030517578125,3898,0.0,0
2011-06-16,629.0065102217593,678.2114242044537,624.2313312575686,642.916748046875,89075,0.0,0
2011-06-17,647.0690359972128,663.6782946752162,640.6675508817324,643.1243286132812,17336,0.0,0
2011-06-20,643.6088260312363,647.0690885367806,598.6946018134585,637.103515625,13115,0.0,0
2011-06-21,639.9063831954695,651.913477590738,635.9962695391595,640.8406372070312,9390,0.0,0
2011-06-22,643.6779728050236,648.4531516500192,637.3803123475643,641.740234375,3846,0.0,0
2011-06-23,643.5742350965738,651.9134593290441,632.605177555014,638.2454223632812,7735,0.0,0
2011-06-24,643.5741782658912,667.8306079621011,640.1485102227394,650.529296875,15841,0.0,0
2011-06-27,647.0690618632842,661.1177186087734,647.0690618632842,655.581298828125,11043,0.0,0
2011-06-28,656.757749965237,660.91006450664,650.5292781531325,657.6574096679688,4532,0.0,0
2011-06-29,660.9101318361882,693.4365990574455,656.2733716780174,683.125,50360,0.0,0
2011-06-30,688.5576162460817,715.5822568604588,685.2011364093523,694.7168579101562,46566,0.0,0
2011-07-01,705.2013948949551,712.8139712873443,698.2808709018741,707.9696044921875,11453,0.0,0
2011-07-04,719.6653912511326,736.6206770206348,709.3537923975413,729.3541259765625,19241,0.0,0
2011-07-05,730.1154496899759,755.0293418120982,721.2225912033105,726.5859985351562,33681,0.0,0
2011-07-06,728.039134814834,736.3091273169742,723.229404360293,728.973388671875,7272,0.0,0
2011-07-07,740.4961549832304,755.029257090378,723.194842950912,746.3786010742188,17975,0.0,0
2011-07-08,755.5142911430745,761.4723208295159,721.4632311218114,739.9873046875,22394,45.0,0
2011-07-11,722.1854024387085,744.5731499143085,702.3975047804083,738.5067749023438,13226,0.0,0
2011-07-12,730.8516254112883,746.0175188239731,722.1854006040398,734.67919921875,9518,0.0,0
2011-07-13,736.6291246202588,769.1274683535056,736.6291246202588,760.20849609375,18108,0.0,0
2011-07-14,760.1001126220744,819.6442619535962,760.1001126220744,792.1651611328125,106288,0.0,0
2011-07-15,801.6978848215114,877.4551405102071,799.459128020411,857.0534057617188,188294,0.0,0
2011-07-18,865.8641807845003,937.3966824551513,865.8641807845003,916.1283569335938,139425,0.0,0
2011-07-19,930.174776432262,938.7688001503435,866.6224625145297,883.4854736328125,79927,0.0,0
2011-07-20,899.0125015437371,902.7317740844451,870.4139765722219,876.0470581054688,16907,0.0,0
2011-07-21,882.5104590824944,919.3419103207983,854.0202835346439,909.0869140625,45428,0.0,0
2011-07-22,915.7310074189493,983.6164291045812,915.7310074189493,971.5559692382812,73774,0.0,0
2011-07-25,967.7284126808576,967.7284126808576,925.8416604901936,929.4164428710938,24828,0.0,0
2011-07-26,946.0629125488042,967.6562745201388,893.0184280203832,900.7819213867188,79017,0.0,0
2011-07-27,900.4208152731422,938.7688433735685,895.5460636970524,921.5447387695312,36811,0.0,0
2011-07-28,917.1754659791184,927.9721025400866,897.8570063610543,905.40380859375,16129,0.0,0
2011-07-29,907.0648325286326,924.3972815578421,873.9887070349332,878.2135620117188,15095,0.0,0
2011-08-01,882.1856504404776,917.1754993863916,878.6107796547276,893.2711791992188,18807,0.0,0
2011-08-02,885.0381862138574,902.7678726163914,830.5853907443328,865.4669799804688,21262,0.0,0
2011-08-03,853.6232454958223,862.2894713384195,832.7160109135199,837.6629638671875,13220,0.0,0
2011-08-04,841.3822238392386,901.070782887863,812.4586602706411,821.0165405273438,56618,0.0,0
2011-08-05,765.6970487599583,888.2880169533116,765.6970487599583,872.9777221679688,72361,0.0,0
2011-08-08,863.0116438283907,901.2152731406435,842.7904505001941,885.796630859375,38399,0.0,0
2011-08-09,852.1788192187175,885.7965867144169,852.1788192187175,867.8863525390625,9940,0.0,0
2011-08-10,884.677275100557,938.8411899026319,877.6359661762873,893.5240478515625,44585,0.0,0
2011-08-11,894.0654877041944,913.5644926864345,884.6770778979306,893.7405395507812,85334,0.0,0
2011-08-12,897.6764954037837,920.6058829573398,867.4530525906556,883.73828125,10902,0.0,0
2011-08-16,902.6956863948172,909.9536855784648,863.4449240174177,869.4029541015625,11050,0.0,0
2011-08-17,880.3439421173376,884.5326524125178,857.9561962554529,866.839111328125,8601,0.0,0
2011-08-18,866.6947022211885,876.7330971595197,847.1234950313975,861.639404296875,7638,0.0,0
2011-08-19,860.1227777135556,866.5502451533054,830.5493220047499,855.645263671875,8647,0.0,0
2011-08-22,850.0121718553245,873.8081442921404,837.7350206900394,867.1279296875,11213,0.0,0
2011-08-23,866.62237869634,902.7316444753542,860.8448961716978,897.2069091796875,22905,0.0,0
2011-08-24,902.6956110429181,930.1026000366473,902.6956110429181,914.9367065429688,11517,0.0,0
2011-08-25,917.1754966887418,930.10263352552,907.823230627199,911.7229614257812,4497,0.0,0
2011-08-26,920.4252193825339,920.7863120539275,863.011484630936,869.9805908203125,8606,0.0,0
2011-08-29,889.0104049833095,902.695785784059,873.8445085538624,877.5637817382812,82226,0.0,0
2011-08-30,888.2520650946739,895.5100649973357,877.4554265901313,882.9801635742188,80530,0.0,0
2011-09-02,888.2519429890898,895.4737973592029,877.9969450464902,882.727294921875,2655,0.0,0
2011-09-05,888.2518451882826,935.5911306350508,882.5827077634236,927.3221435546875,34150,0.0,0
2011-09-06,928.0083243870714,946.0629610482985,907.2454922266603,914.214599609375,63181,0.0,0
2011-09-07,914.28666589629,934.5078559793043,914.28666589629,922.3390502929688,8469,0.0,0
2011-09-08,914.3949860650946,974.9502092053725,914.3949860650946,944.1489868164062,34355,0.0,0
2011-09-09,944.6186296383113,963.3954525516111,933.424754439998,940.9715576171875,12954,0.0,0
2011-09-12,930.4276173881461,938.8410956071837,899.3375863088279,920.136474609375,6025,0.0,0
2011-09-13,924.3974910211905,960.4706234742468,922.4476253265335,930.4638671875,10857,0.0,0
2011-09-14,935.9162282173992,957.4735351065241,935.2301872811979,947.2906494140625,7249,0.0,0
2011-09-15,947.5071587635058,996.5796169746203,935.9521934127313,979.3194580078125,32620,0.0,0
2011-09-16,982.1362579965825,1055.8353327294851,980.7641759013247,1048.3245849609375,60239,0.0,0
2011-09-19,1048.613128420024,1071.723059624873,1012.6844072499853,1036.9859619140625,28770,0.0,0
2011-09-20,1036.3361690384404,1047.1689512931978,1022.6507893862268,1031.822509765625,4714,0.0,0
2011-09-21,1039.9109240615483,1046.952232338512,1018.3176492047836,1033.4112548828125,9878,0.0,0
2011-09-22,1018.3536433697963,1031.2807800225676,971.3393901473062,982.5332641601562,9637,0.0,0
2011-09-23,989.3940309550349,1025.5033021577733,956.8956868725702,1002.0684204101562,29036,0.0,0
2011-09-26,1008.8567323750414,1008.8567323750414,960.9397547434234,993.9075317382812,9110,0.0,0
2011-09-27,995.1717352599071,1032.689241104887,995.1717352599071,1011.1320190429688,14189,0.0,0
2011-09-28,1017.5592866614763,1017.5592866614763,990.838425336796,994.4132080078125,4769,0.0,0
2011-09-29,983.6167552954947,1008.7849050076585,967.8008735370129,973.3617553710938,6010,0.0,0
2011-09-30,967.80055809103,979.24717811734,949.601522756115,951.4791870117188,6380,0.0,0
2011-10-03,917.175529232353,949.6377302205678,911.3980455836453,914.7562255859375,3141,0.0,0
2011-10-04,904.9705735428669,953.2486534455055,902.8040171838188,907.3538208007812,3166,0.0,0
2011-10-05,909.9536360403664,930.752611555678,894.0655566809314,898.6875610351562,3819,0.0,0
2011-10-07,923.5667233615512,946.0628147952214,896.7375197990481,907.8591918945312,9896,0.0,0
2011-10-10,917.1393056746953,982.1721356551119,906.7037619963183,969.064453125,12866,0.0,0
2011-10-11,974.9502007705512,989.3939074486334,946.0627874143867,949.5653686523438,12675,0.0,0
2011-10-12,958.3040554839607,970.5812095159121,931.7276808268908,961.481689453125,23362,0.0,0
2011-10-13,967.3311424977718,991.5966410521753,967.3311424977718,976.3584594726562,28339,0.0,0
2011-10-14,978.5973400284194,991.560532410596,949.6376355988868,969.6060791015625,81226,0.0,0
2011-10-17,974.9141677408908,989.3940206046707,953.2847497796827,980.4389038085938,13453,0.0,0
2011-10-18,964.1176098919289,980.3667830923546,961.228867989631,969.3534545898438,4599,0.0,0
2011-10-19,975.6724940967631,989.3940169597079,967.7284545445318,972.7837524414062,3151,0.0,0
2011-10-20,967.7285382125948,977.0808048674329,957.509596091779,966.5730590820312,1709,0.0,0
2011-10-21,966.2840438847841,974.7335776154372,962.6369724322756,967.0784301757812,2709,0.0,0
2011-10-24,967.0783628586166,985.0607953016869,947.72384880724,954.8734130859375,2431,0.0,0
2011-10-25,967.6922954252898,967.6922954252898,933.7495814864504,935.9161376953125,2128,0.0,0
2011-10-28,953.2485431937669,953.2485431937669,935.2661980194111,940.2492065429688,1447,0.0,0
2011-10-31,938.082628930901,938.8409588144386,919.5225006234492,925.4805297851562,2978,0.0,0
2011-11-01,931.5832067334737,942.4882789681125,916.4534548575386,920.67822265625,4594,0.0,0
2011-11-02,920.7862909317383,946.0266328202058,902.8038586773584,904.5009765625,4775,0.0,0
2011-11-03,917.1392400492628,917.1392400492628,901.3595079539233,902.767822265625,2647,0.0,0
2011-11-04,913.5645034027702,914.5033796573674,894.065498191802,896.737548828125,57621,0.0,0
2011-11-08,895.5098273172606,904.103850549606,892.6572304690046,895.257080078125,1466,0.0,0
2011-11-09,877.4553673446493,909.95371428334,875.2888108820699,891.1407470703125,4514,0.0,0
2011-11-11,866.8031093877707,891.9351989783269,866.8031093877707,873.772216796875,14165,0.0,0
2011-11-14,874.5304152185311,877.4553014864465,866.6947208984657,867.9946899414062,29352,0.0,0
2011-11-15,866.6946474199573,870.2333733747025,822.5691388164201,831.19921875,12120,0.0,0
2011-11-16,837.6988376091135,852.142544197709,801.6257156670517,820.5469360351562,339198,0.0,0
2011-11-17,813.1808325535675,841.3099211165036,805.2367924486924,824.0858154296875,8425,0.0,0
2011-11-18,816.0695448193038,826.9023263877017,808.8476904403719,825.0968627929688,2457,0.0,0
2011-11-21,813.9028521048447,836.2544523988064,801.6618462469681,810.9779663085938,4067,0.0,0
2011-11-22,844.9569131745209,844.9569131745209,787.3987723861896,822.0275268554688,2595,0.0,0
2011-11-23,812.5308027078293,814.7335035134388,794.4039662014401,795.2344970703125,3518,0.0,0
2011-11-24,762.8444716285311,821.0886534862954,762.8444716285311,814.76953125,1721,0.0,0
2011-11-25,823.255155791815,845.6790462082877,823.255155791815,831.5242309570312,3146,0.0,0
2011-11-28,834.1602768904496,844.956913297402,824.5913203937055,829.6104736328125,7221,0.0,0
2011-11-29,852.1786166546723,852.1786166546723,812.4584268953442,815.34716796875,1091,0.0,0
2011-11-30,818.2359691814355,820.9080196077754,788.8430618621449,794.6205444335938,2754,0.0,0
2011-12-01,834.1241170097413,834.1241170097413,790.7929940481964,805.381103515625,1632,0.0,0
2011-12-02,805.9949909545876,836.1462291608738,805.9949909545876,824.3745727539062,5842,0.0,0
2011-12-05,824.3744966037455,873.8441882527657,811.916800531547,865.9723510742188,8883,0.0,0
2011-12-07,865.9725680934117,891.1768582974878,856.6203016424738,869.8362426757812,6935,0.0,0
2011-12-08,859.4005189451244,885.3991901064895,830.5131065436077,836.037841796875,4171,0.0,0
2011-12-09,884.6771766431405,884.6771766431405,816.069558862652,829.1050415039062,1698,0.0,0
2011-12-12,834.1242152260677,834.8825452301446,819.7527067867954,826.4329223632812,2048,0.0,0
2011-12-13,819.7166195107582,837.6629100758837,817.5861195668202,825.4218139648438,2417,0.0,0
2011-12-14,830.51308189825,839.8653461227593,827.2632480995177,830.1158447265625,1048,0.0,0
2011-12-15,811.0141679417095,831.9213990740437,811.0141679417095,818.7415161132812,4424,0.0,0
2011-12-16,812.4585049454784,825.0967483557414,801.6257248795387,806.7893676757812,3087,0.0,0
2011-12-19,803.1063250434529,803.1063250434529,758.3668857438144,786.2432250976562,3322,0.0,0
2011-12-20,772.0161966632618,772.0161966632618,740.2400388960181,745.584228515625,4052,0.0,0
2011-12-21,757.9335899230389,792.9595824063808,741.7205626859773,780.6102294921875,3782,0.0,0
2011-12-22,774.9049048175244,794.4039098781705,769.1274218365922,787.2182006835938,2683,0.0,0
2011-12-23,761.9055807523152,794.4039230592861,761.9055807523152,786.6765747070312,835,0.0,0
2011-12-26,793.6455503915117,794.3677357372094,780.1045751596802,781.7294921875,445,0.0,0
2011-12-27,782.3072852725106,787.2181809461325,782.1267389338832,783.643310546875,739,0.0,0
2011-12-28,866.6224775973675,866.6224775973675,761.9055948876857,776.8547973632812,3524,0.0,0
2011-12-29,776.3493381893408,785.7377487907003,776.3493381893408,782.7406616210938,1774,0.0,0
2011-12-30,782.740605607756,794.4039171132155,780.3935031253761,782.3073120117188,2683,0.0,0
2012-01-02,794.33174579955,794.33174579955,764.3610514464499,773.966064453125,1014,0.0,0
2012-01-03,779.9602385911595,801.2647080711959,767.2136485419633,776.4937133789062,4545,0.0,0
2012-01-04,789.709741573549,789.709741573549,772.7383845301302,776.4937133789062,1354,0.0,0
2012-01-05,776.3492866137856,780.899089788992,764.361026889182,772.0161743164062,1149,0.0,0
2012-01-06,779.9602673335747,779.9602673335747,760.5334615620267,764.5416259765625,1297,0.0,0
2012-01-09,766.2748531982468,786.7126471042124,761.9055962694771,781.4046020507812,2250,0.0,0
2012-01-10,781.4047053710048,794.4040442773615,770.0302838279425,792.2374877929688,2710,0.0,0
2012-01-11,805.2366930005359,813.9029174991963,787.9403885349171,805.7421875,13064,0.0,0
2012-01-12,814.5890527424394,814.5890527424394,795.3067362613132,808.7755126953125,3908,0.0,0
2012-01-13,816.0695470860619,818.8138870206396,788.7709021949123,804.3701782226562,2101,0.0,0
2012-01-16,790.7931015162279,808.1255530563096,790.7931015162279,800.8675537109375,1880,0.0,0
2012-01-17,799.4591073414892,931.6190139751772,799.4591073414892,909.1229248046875,45923,0.0,0
2012-01-18,912.1201770700143,927.2860707505133,874.9637728157512,887.3491821289062,9315,0.0,0
2012-01-19,888.2880475259391,946.0628798853497,839.396130904747,925.0473022460938,18770,0.0,0
2012-01-20,938.8410394717238,943.8963373765715,881.7883916884421,891.646240234375,15248,0.0,0
2012-01-23,891.6462218198407,905.5482907710624,852.900957474956,862.2893676757812,4139,0.0,0
2012-01-24,859.4005910035982,868.7890008212846,852.1787372976856,856.1507568359375,3937,0.0,0
2012-01-25,859.4005964863904,883.9548992431444,839.1794059808283,850.409423828125,5592,0.0,0
2012-01-27,850.0123299502235,894.4267380147425,850.0123299502235,872.8333740234375,4313,0.0,0
2012-01-30,884.64085051207,884.64085051207,856.5117682592585,867.1640014648438,1242,0.0,0
2012-01-31,863.0116086833515,876.7331321686935,862.1088768751052,870.3056640625,1495,0.0,0
2012-02-01,873.8443312360283,899.0486192477866,863.0115502702924,877.1303100585938,3944,0.0,0
2012-02-02,881.0661896751755,894.0293823668635,873.8081911284169,887.0603637695312,3011,0.0,0
2012-02-03,881.4272373324195,911.325729052847,881.0300001190052,892.1516723632812,4644,0.0,0
2012-02-06,868.9333556892373,924.3972244172264,868.9333556892373,913.925537109375,2778,0.0,0
2012-02-07,930.1748401988636,931.6192110687376,909.9536480206274,913.5645751953125,2415,0.0,0
2012-02-08,919.3420046643752,919.3420046643752,913.5645215243005,913.7089233398438,1350,0.0,0
2012-02-09,923.6751184797268,924.2529020576063,909.9535960003564,918.2587280273438,3052,0.0,0
2012-02-10,924.3612075975215,924.3612075975215,907.1371026912287,918.8004150390625,2385,0.0,0
2012-02-13,978.2724766049438,978.2724766049438,910.6759303352526,914.1424560546875,1542,0.0,0
2012-02-14,914.286751207323,928.0082743297079,909.9536386423595,914.1784057617188,1730,0.0,0
2012-02-15,920.4252760432316,971.0143976826736,917.175441800631,938.8410034179688,7394,0.0,0
2012-02-16,956.8956603242284,966.6090187453152,935.2300982036799,940.4659423828125,2257,0.0,0
2012-02-17,946.0628032159266,961.9508808271864,934.7245285472112,938.9853515625,4634,0.0,0
2012-02-21,948.4821783171205,953.2485843299557,935.2300938466037,938.1188354492188,1714,0.0,0
2012-02-22,924.3972275563613,951.1180849154124,924.3972275563613,931.1135864257812,7226,0.0,0
2012-02-23,920.8225339120991,946.0628784991751,920.7863893789681,925.5527954101562,2660,0.0,0
2012-02-24,928.0082914715654,928.7304769123992,909.9536554507177,926.094482421875,4281,0.0,0
2012-02-27,904.8982691461974,931.5469269464669,904.8982691461974,924.3250732421875,2643,0.0,0
2012-02-28,920.7863986848934,940.249260241195,920.7863986848934,935.049560546875,5719,0.0,0
2012-02-29,931.6192226318722,937.7577989050279,916.2005810360733,921.1113891601562,1377,0.0,0
2012-03-01,930.1748567140775,930.9692430751321,917.9338486375174,923.2057495117188,6170,0.0,0
2012-03-02,927.9720063006429,928.0081508301678,917.7531543874514,924.5416259765625,2170,0.0,0
2012-03-05,924.3973838072396,927.2861256316373,859.9784763861344,924.6140747070312,2855,0.0,0
2012-03-06,903.9233175860384,934.5078497512887,903.9233175860384,925.8054809570312,3143,0.0,0
2012-03-07,937.3966141858876,937.3966141858876,909.9535700109541,916.8143310546875,773,0.0,0
2012-03-09,900.7096438526943,924.3251605918133,900.5652420279201,920.7142333984375,898,0.0,0
2012-03-12,942.4520029047204,942.4520029047204,913.5645851911657,915.2256469726562,1401,0.0,0
2012-03-13,921.4723712842672,924.3972572439725,913.5644768856447,922.266845703125,990,0.0,0
2012-03-14,924.3611725040269,931.6191710765357,913.6367368870673,917.7171020507812,2878,0.0,0
2012-03-15,913.6367792006403,919.3059172526096,902.6956521928207,911.3618774414062,3901,0.0,0
2012-03-16,902.8039878169906,1029.114237072291,902.8039878169906,994.6298828125,42567,0.0,0
2012-03-19,996.688131220986,1090.5000396835194,996.688131220986,1064.1041259765625,58171,0.0,0
2012-03-20,1060.8903466400773,1078.8366360977782,1043.5578971374484,1059.5543212890625,14971,0.0,0
2012-03-21,1073.8897506502933,1073.8897506502933,1021.8562543689372,1046.735595703125,9220,0.0,0
2012-03-22,1043.5218008018649,1068.4011417356378,1015.0316208790007,1027.236572265625,11918,0.0,0
2012-03-23,1027.2365354051456,1053.6685035375272,1021.8562012554946,1037.0220947265625,6111,0.0,0
2012-03-26,1036.335887574013,1039.5135204705252,993.1853166454086,1020.3756103515625,29984,0.0,0
2012-03-27,1032.6890394889779,1047.132748356448,1014.7066924748999,1022.0368041992188,6705,0.0,0
2012-03-28,1015.428888824815,1039.224864176599,997.0492161991049,1018.3898315429688,5992,0.0,0
2012-03-29,1011.1315829072943,1032.7249401974445,997.4462072494488,1026.3336181640625,5157,0.0,0
2012-03-30,1032.0027765406558,1061.6123733483303,1027.2002267440319,1050.887939453125,3523,0.0,0
2012-04-02,1047.1686931545883,1094.1107380201388,1025.5392785141082,1083.097412109375,3674,0.0,0
2012-04-03,1097.7218321660416,1190.8837508169754,1090.4999780070546,1164.4517822265625,54108,0.0,0
2012-04-04,1190.0171777213945,1190.0171777213945,1130.328534756628,1161.1297607421875,21603,0.0,0
2012-04-09,1169.940323533646,1175.7178066128247,1156.2188012205972,1164.6683349609375,3109,0.0,0
2012-04-10,1162.718456266244,1224.068068742303,1162.718456266244,1194.7113037109375,30284,0.0,0
2012-04-11,1206.0496224567437,1245.7698196035228,1184.3840603766826,1236.128662109375,24269,0.0,0
2012-04-12,1242.1590120456656,1321.5994139788186,1214.3910159056304,1264.1856689453125,31973,0.0,0
2012-04-13,1269.1325291797273,1283.1429439478832,1229.3762747353007,1265.7021484375,12942,0.0,0
2012-04-16,1271.046426193547,1296.3229176235322,1263.7884269628316,1284.0819091796875,25946,0.0,0
2012-04-17,1285.4901662123136,1343.2650051432042,1271.190858313955,1323.0799560546875,34543,0.0,0
2012-04-18,1343.2647745747374,1451.520378071137,1342.5425892120627,1408.983642578125,117643,0.0,0
2012-04-19,1415.5193837039826,1437.1487989580082,1378.6517875431346,1388.8707275390625,47826,0.0,0
2012-04-20,1394.5400133020096,1402.4118518268044,1325.2102146085901,1347.34521484375,15719,0.0,0
2012-04-23,1354.0614804776362,1429.927092011189,1336.0429900104543,1416.530517578125,115478,0.0,0
2012-04-24,1509.3675996341933,1689.9139632268,1390.2069996630728,1406.63671875,15754,0.0,0
2012-04-25,1421.802360824936,1444.3706522666016,1390.206752806604,1440.1097412109375,11520,0.0,0
2012-04-26,1458.8144778449405,1556.309504829627,1405.5533056958986,1412.2335205078125,4465,0.0,0
2012-04-27,1437.1490215534038,1437.1490215534038,1390.6042053394215,1408.406005859375,5654,0.0,0
2012-04-30,1433.8628788132964,1433.8628788132964,1390.2429538670474,1415.0860595703125,3434,0.0,0
2012-05-02,1419.2746587263232,1441.8429493179515,1401.0394799282874,1413.7138671875,8397,0.0,0
2012-05-03,1428.6271450708114,1428.6271450708114,1395.948255216346,1405.5172119140625,6057,0.0,0
2012-05-04,1422.7052626101336,1437.0045690404438,1381.5406940980638,1419.672119140625,38373,0.0,0
2012-05-07,1422.6691154557334,1422.7414045227686,1364.9304270962864,1400.4619140625,7244,0.0,0
2012-05-08,1437.1491917293993,1437.1491917293993,1227.7153899195873,1265.955078125,80155,0.0,0
2012-05-09,1228.5096474676109,1363.4139243627574,1228.5096474676109,1338.859619140625,60467,0.0,0
2012-05-10,1360.8862022751384,1379.374131113027,1343.264860665042,1360.2000732421875,8086,0.0,0
2012-05-11,1363.485959760834,1375.763110881562,1299.9336480770662,1320.26318359375,5651,0.0,0
2012-05-14,1332.1071654842872,1340.3400088314104,1273.2851095232304,1302.3170166015625,50042,0.0,0
2012-05-15,1306.1806758659716,1321.599316932032,1285.6344477984628,1301.0892333984375,2443,0.0,0
2012-05-16,1293.7951967193444,1317.9884086032953,1273.2129119822519,1309.97216796875,2138,0.0,0
2012-05-17,1317.988386279127,1404.650636335837,1300.6559362677851,1388.979248046875,131048,0.0,0
2012-05-18,1348.789420371984,1390.1345296306213,1348.789420371984,1367.602294921875,2883,0.0,0
2012-05-21,1372.152299768064,1372.152299768064,1351.5700152715433,1356.5169677734375,765,0.0,0
2012-05-22,1368.5414253064096,1372.2606979987493,1343.2649346015419,1347.020263671875,2236,0.0,0
2012-05-23,1343.0122386345524,1350.4868406827861,1323.0437925833496,1331.6378173828125,2936,0.0,0
2012-05-24,1335.3208619569666,1339.2206809159577,1302.8225175610426,1310.297119140625,3959,0.0,0
2012-05-25,1310.0805143380628,1346.8036258160166,1282.0958289301852,1302.136474609375,2322,0.0,0
2012-05-28,1327.3767669024169,1331.4209875161241,1307.8777610774084,1314.41357421875,2124,0.0,0
2012-05-29,1336.0431237440412,1336.0431237440412,1307.516797588425,1316.8330078125,1629,0.0,0
2012-05-30,1301.4863730224404,1325.1379437235773,1301.450228491237,1312.06640625,2041,0.0,0
2012-05-31,1285.995491971132,1372.152244479571,1281.3735759893286,1355.578125,7694,0.0,0
2012-06-01,1354.0974987979441,1370.7077614498655,1338.2816223805062,1342.65087890625,1971,0.0,0
2012-06-04,1315.1356915370511,1368.54126390786,1315.1356915370511,1342.5787353515625,1859,0.0,0
2012-06-05,1361.6806865416643,1361.6806865416643,1336.9819790415793,1343.337158203125,907,0.0,0
2012-06-06,1353.3754635529467,1353.3754635529467,1339.653940710094,1343.8426513671875,2736,0.0,0
2012-06-07,1351.2088094731814,1356.8779469215342,1341.8203997868366,1343.2647705078125,1863,0.0,0
2012-06-08,1326.1130678378695,1341.0984163239884,1325.9325214705668,1339.5096435546875,6390,0.0,0
2012-06-11,1333.5153364388734,1355.9392282934525,1317.988350393146,1322.935302734375,5660,0.0,0
2012-06-12,1327.3766274801503,1339.5815771053249,1317.9882182542299,1333.0819091796875,6569,0.0,0
2012-06-13,1339.3289129155744,1346.8757147675342,1327.6656015610415,1329.651611328125,3426,0.0,0
2012-06-14,1341.820366263155,1343.2647369480453,1307.155469825786,1316.9771728515625,11217,0.0,0
2012-06-15,1330.7566194521569,1340.492036476849,1316.4904525534996,1324.5408935546875,29682,65.0,0
2012-06-18,1324.540896986089,1330.64427288131,1304.8828433276105,1310.424560546875,39836,0.0,0
2012-06-19,1310.5370102069576,1327.7612109125346,1296.420672694461,1318.2130126953125,12357,0.0,0
2012-06-20,1310.5368716663875,1324.7280772246845,1306.7924806044834,1319.03662109375,18866,0.0,0
2012-06-21,1303.7968283271102,1329.25868482517,1303.7968283271102,1323.342529296875,3954,0.0,0
2012-06-22,1323.2678084211952,1353.222937078155,1314.6931894094596,1335.8489990234375,4457,0.0,0
2012-06-25,1329.2587527457652,1339.6681775997215,1315.0300675051062,1329.071533203125,15191,0.0,0
2012-06-26,1329.258843620395,1346.4081731818123,1315.0301574069938,1330.232421875,18042,0.0,0
2012-06-27,1329.2587986975007,1329.2587986975007,1311.997119703026,1318.3251953125,853,0.0,0
2012-06-28,1312.5214435168964,1325.5144624789395,1301.6252287420632,1305.669189453125,1380,0.0,0
2012-06-29,1318.0256909992913,1326.637790684798,1312.147015149301,1320.833984375,1677,0.0,0
2012-07-02,1340.4920780966995,1340.4920780966995,1268.7869850923648,1279.1964111328125,2798,0.0,0
2012-07-03,1300.8015010986005,1303.048135815524,1272.3441280175718,1276.8748779296875,3331,0.0,0
2012-07-04,1295.5594279027873,1295.5594279027873,1267.1020531858476,1270.546875,2198,0.0,0
2012-07-05,1276.7997408494994,1291.0659059003867,1274.590586915579,1287.920654296875,4935,0.0,0
2012-07-06,1277.3240604102855,1300.801372599783,1276.8372713198792,1294.473388671875,1012,0.0,0
2012-07-09,1297.8059855435035,1302.336735446545,1291.066081406232,1292.601318359375,2139,0.0,0
2012-07-10,1282.0796751762598,1325.5146174427452,1282.0796751762598,1318.36279296875,4838,0.0,0
2012-07-11,1334.8379938954201,1336.7476699902984,1310.5369313630376,1314.65576171875,4253,0.0,0
2012-07-12,1329.1465035283159,1364.4561302310103,1220.671510579883,1236.1358642578125,75300,0.0,0
2012-07-13,1235.5366623005534,1291.065998318829,1192.2889468696299,1271.9696044921875,21736,0.0,0
2012-07-16,1293.949131245505,1293.949131245505,1229.0962998315358,1262.945556640625,19724,0.0,0
2012-07-17,1243.999191013374,1270.0601006830552,1235.649179788009,1236.959716796875,3423,0.0,0
2012-07-18,1235.649019210084,1254.3709740466004,1229.0214654811161,1245.5716552734375,4357,0.0,0
2012-07-19,1254.3709411683346,1269.3110241699628,1248.37991577768,1261.0733642578125,2043,0.0,0
2012-07-20,1290.2797064172391,1290.2797064172391,1254.3335514718196,1269.161376953125,2539,0.0,0
2012-07-23,1259.613288945813,1265.6043152903828,1243.137966498246,1250.5518798828125,8584,0.0,0
2012-07-24,1250.73888954104,1265.6041028804718,1239.3933670220003,1259.5382080078125,12057,0.0,0
2012-07-25,1250.5890682833879,1288.07045740381,1245.0474429364938,1248.6046142578125,529,0.0,0
2012-07-26,1243.1753351168595,1256.6176627016089,1239.3934635108242,1244.9351806640625,895,0.0,0
2012-07-27,1243.1752677050436,1264.8552545967339,1235.7613553896124,1239.2061767578125,2126,0.0,0
2012-07-30,1240.2547270103826,1248.9791768707987,1237.2217335438143,1243.5123291015625,1066,0.0,0
2012-07-31,1237.5588633065786,1248.0056789583589,1237.5213828254953,1241.7525634765625,632,0.0,0
2012-08-01,1250.6265355343276,1261.4477884521255,1246.8821447093744,1254.4832763671875,1979,0.0,0
2012-08-02,1239.505743685249,1282.079450133449,1239.505743685249,1265.342041015625,4176,0.0,0
2012-08-03,1250.6641497920102,1273.0930166663707,1250.6641497920102,1271.48291015625,887,0.0,0
2012-08-06,1273.8417645301688,1314.2811856263647,1273.0928863617207,1296.0460205078125,4678,0.0,0
2012-08-07,1299.3412994518842,1307.5414800715778,1293.687231857761,1298.25537109375,3255,0.0,0
2012-08-08,1300.0525683435037,1313.2702869902937,1299.3036901359326,1307.316650390625,82289,0.0,0
2012-08-09,1317.3517018875216,1325.5144930374092,1303.8345044209993,1316.5279541015625,1903,0.0,0
2012-08-10,1317.2768112641215,1336.5604257553389,1316.527933031453,1324.5408935546875,2195,0.0,0
2012-08-13,1333.0033486047937,1344.947920695913,1310.5370000328028,1337.683837890625,24105,0.0,0
2012-08-14,1323.267800188886,1365.1674995708229,1323.267800188886,1355.31982421875,5628,0.0,0
2012-08-16,1362.2096302870193,1362.9585085884416,1284.8130761181947,1294.997802734375,9131,0.0,0
2012-08-17,1288.5574493685328,1336.7477490991128,1265.604311471989,1301.1385498046875,16245,0.0,0
2012-08-21,1299.3037744541462,1317.2393721230853,1246.8822965222785,1260.025146484375,8548,0.0,0
2012-08-22,1288.070445713288,1291.0659583777376,1254.3709282382313,1273.654541015625,4137,0.0,0
2012-08-23,1299.3038734544111,1310.5370481528641,1279.8330373104257,1299.22900390625,4815,0.0,0
2012-08-24,1283.5772857710008,1299.3037285954995,1283.5772857710008,1291.7774658203125,1534,0.0,0
2012-08-27,1292.5637763590896,1310.5368532030166,1291.8148981572592,1306.006103515625,2975,0.0,0
2012-08-28,1281.4431083564623,1299.228967801421,1281.4431083564623,1292.1146240234375,564,0.0,0
2012-08-29,1296.3082171772803,1296.3082171772803,1277.3615613766535,1288.070556640625,682,0.0,0
2012-08-30,1285.7489832744302,1289.5682437619948,1273.0929235745593,1273.8043212890625,1394,0.0,0
2012-08-31,1273.841893896658,1291.2533130813124,1244.7105119023984,1264.3311767578125,1343,0.0,0
2012-09-03,1258.1154867549328,1274.5533281256774,1248.0056301649379,1263.1329345703125,1625,0.0,0
2012-09-04,1247.7435124922524,1275.7140968011213,1247.7435124922524,1260.8114013671875,1526,0.0,0
2012-09-05,1250.6267538999273,1270.8089874040252,1239.3935794637005,1264.36865234375,5269,0.0,0
2012-09-06,1270.8464305715697,1270.8464305715697,1246.8823258112338,1248.717041015625,2788,0.0,0
2012-09-07,1269.3487293714888,1269.3487293714888,1246.6576801208253,1249.690673828125,5407,0.0,0
2012-09-10,1249.8777918685626,1269.198887170778,1239.6555855332715,1246.99462890625,3938,0.0,0
2012-09-11,1240.8912436313467,1261.1109561105538,1224.4159223519925,1240.3670654296875,2597,0.0,0
2012-09-12,1231.9046953829927,1258.8643118169064,1231.9046953829927,1251.5252685546875,1026,0.0,0
2012-09-13,1254.3710318319515,1303.010636171593,1244.8228344254694,1281.405517578125,3684,0.0,0
2012-09-14,1291.8150796217337,1291.8150796217337,1274.5908785601107,1280.843994140625,1511,0.0,0
2012-09-17,1264.1066558848438,1299.3039383650498,1264.1066558848438,1286.048828125,3663,0.0,0
2012-09-18,1301.512811446448,1302.2991701108776,1273.0929207524393,1277.06201171875,653,0.0,0
2012-09-20,1291.7774111833219,1295.5592826498607,1254.370981756368,1273.24267578125,855,0.0,0
2012-09-21,1259.3884019746306,1295.5592547278588,1259.3884019746306,1284.775390625,51462,0.0,0
2012-09-24,1306.642708474824,1306.7549670712035,1287.1343949694776,1299.416015625,1468,0.0,0
2012-09-25,1302.8607608127552,1312.0719986194774,1288.0704173576312,1288.8941650390625,1447,0.0,0
2012-09-26,1288.4824829969748,1309.7880322031997,1288.0705634016601,1291.2532958984375,750,0.0,0
2012-09-27,1314.2812508920822,1314.2812508920822,1292.7510024800324,1296.9447021484375,1690,0.0,0
2012-09-28,1294.8103905260257,1332.9283086806563,1294.8103905260257,1320.7215576171875,3537,0.0,0
2012-10-01,1385.4248012734233,1385.4248012734233,1329.2589309515279,1338.80712890625,38869,0.0,0
2012-10-03,1344.6857736552188,1357.6787930698367,1329.2963803958044,1339.9678955078125,82389,0.0,0
2012-10-04,1333.0781796636247,1362.1346928775138,1333.0781796636247,1347.906005859375,11144,0.0,0
2012-10-05,1350.3773682588574,1350.3773682588574,1318.025860965129,1325.7767333984375,22018,0.0,0
2012-10-08,1336.747572775528,1344.161485159795,1318.212837522758,1331.093505859375,1175,0.0,0
2012-10-09,1336.7851998383892,1366.7028503243735,1329.521025729648,1361.1611328125,4237,0.0,0
2012-10-10,1359.2140515166225,1359.2140515166225,1303.0481816192414,1316.7152099609375,2428,0.0,0
2012-10-11,1325.476869503025,1333.0031316158243,1303.0480050626597,1303.272705078125,226918,0.0,0
2012-10-12,1329.1091126101885,1340.978814213943,1309.7131482657621,1328.32275390625,61435,0.0,0
2012-10-15,1333.7521809305956,1346.4831113493606,1321.0587309911486,1343.1131591796875,12248,0.0,0
2012-10-16,1338.2454617871185,1346.4831227158584,1321.7701399296386,1325.47705078125,4007,0.0,0
2012-10-17,1344.236358524482,1362.2094351844194,1327.8359077891303,1342.8509521484375,9175,0.0,0
2012-10-18,1340.4919465586313,1407.1421047953452,1339.7055879007569,1380.219970703125,66870,0.0,0
2012-10-19,1359.9628470054793,1381.6803153772628,1340.5668828316577,1349.665771484375,155238,0.0,0
2012-10-22,1355.469698630018,1362.9210010147278,1335.998863180084,1346.4456787109375,1963,0.0,0
2012-10-23,1347.980807780952,1353.2229553667669,1335.2498779296875,1335.2498779296875,10964,0.0,0
2012-10-25,1333.0032117167875,1347.868425878897,1315.0301347048758,1341.7276611328125,9020,0.0,0
2012-10-29,1347.980748178806,1379.4336323029781,1318.0256204414993,1346.557861328125,4517,0.0,0
2012-10-30,1337.1968277481935,1347.6062524828726,1310.686522530946,1321.095947265625,1358,0.0,0
2012-10-31,1311.660365233942,1367.9011082576992,1310.5370477644296,1320.2349853515625,6815,0.0,0
2012-11-01,1315.8540583508077,1333.0033899086368,1312.4467168946278,1316.82763671875,25826,0.0,0
2012-11-02,1335.9987585130532,1336.7476367409195,1318.025681044268,1319.5234375,28262,0.0,0
2012-11-05,1322.6687376310238,1335.9613266594479,1318.0257290155853,1329.7830810546875,12463,0.0,0
2012-11-06,1333.7896080285223,1371.158558570661,1333.7896080285223,1355.9937744140625,4420,0.0,0
2012-11-07,1342.4392719640512,1359.214164787846,1342.4392719640512,1350.0404052734375,484,0.0,0
2012-11-08,1331.655296719101,1359.2140534883827,1331.655296719101,1340.716796875,591,0.0,0
2012-11-09,1336.747462398691,1356.2931633136318,1336.747462398691,1351.3505859375,861,0.0,0
2012-11-12,1365.055472309652,1377.4119648978487,1329.371401188455,1368.3504638671875,2233,0.0,0
2012-11-15,1344.3862225493317,1373.817174881721,1344.3488334856256,1367.0772705078125,1140,0.0,0
2012-11-16,1333.003207919761,1404.1091570792746,1326.7126127003512,1373.1805419921875,5237,0.0,0
2012-11-19,1373.4801449258716,1425.8641401906093,1357.7162217256168,1418.8995361328125,8041,0.0,0
2012-11-20,1437.8087409855025,1437.8087409855025,1384.6758663992919,1389.8056640625,627,0.0,0
2012-11-21,1377.9360293812,1398.1557428558153,1336.7852046352955,1383.29052734375,3600,0.0,0
2012-11-22,1385.4246649694696,1386.4356322526396,1365.953831840169,1374.0042724609375,1220,0.0,0
2012-11-23,1400.4023039656822,1437.4717767177149,1381.680348030312,1414.3314208984375,4724,0.0,0
2012-11-26,1430.2076688441105,1430.3574079225996,1385.424714480005,1392.5765380859375,1145,0.0,0
2012-11-27,1401.900008937083,1407.142156406399,1367.6013503572394,1374.753173828125,1684,0.0,0
2012-11-29,1370.8214946275793,1387.7087339821246,1370.784014152641,1384.7506103515625,1022,0.0,0
2012-11-30,1396.620450771889,1407.8911049603657,1372.6938273363567,1382.31689453125,1025,0.0,0
2012-12-03,1385.46216979,1385.46216979,1348.7296570016215,1376.36328125,933,0.0,0
2012-12-04,1377.935956843238,1423.0558706474799,1377.935956843238,1414.3314208984375,6133,0.0,0
2012-12-05,1414.2939474128966,1421.4082902436623,1380.2199896444927,1404.109130859375,70944,0.0,0
2012-12-06,1411.6353956107632,1411.6353956107632,1392.9134407618142,1402.0123291015625,5894,0.0,0
2012-12-07,1409.7258302297012,1409.7258302297012,1370.447202441882,1383.62744140625,866,0.0,0
2012-12-10,1393.6624271796254,1399.6534531965178,1370.8216404902225,1375.0902099609375,894,0.0,0
2012-12-11,1386.1737429372058,1404.1093417805776,1366.702907001837,1372.5067138671875,16738,0.0,0
2012-12-12,1389.1314702484424,1389.1689507217852,1366.7026065052605,1373.405029296875,1665,0.0,0
2012-12-13,1377.9360436857241,1390.779324549978,1355.46969514737,1363.5576171875,1531,0.0,0
2012-12-14,1385.2751179360032,1385.2751179360032,1356.9674815882042,1374.6409912109375,1381,0.0,0
2012-12-17,1374.191675060949,1381.6804580313083,1356.3683350251704,1378.1607666015625,956,0.0,0
2012-12-18,1358.839626002956,1378.610030688144,1356.9674303209458,1371.570556640625,486,0.0,0
2012-12-19,1363.7820473140214,1377.9358633237118,1359.2139086589875,1360.7491455078125,1843,0.0,0
2012-12-20,1362.9586105378862,1365.2052456102012,1348.7299217465566,1357.941162109375,1049,0.0,0
2012-12-21,1362.958401288924,1377.78622705608,1348.8420647015919,1363.4451904296875,624,0.0,0
2012-12-24,1364.4936579503437,1372.6938382574099,1327.761143060768,1359.13916015625,715,0.0,0
2012-12-26,1362.8834703275363,1370.4096414756657,1351.725166734491,1359.288818359375,471,0.0,0
2012-12-27,1349.9278037192219,1458.0283518989743,1349.7031951122465,1393.774658203125,4862,0.0,0
2012-12-28,1371.94487533552,1433.3154078378398,1356.2184329872416,1409.9129638671875,5706,0.0,0
2012-12-31,1409.9129555068266,1470.497220381964,1392.9134568736654,1460.3499755859375,8135,0.0,0
2013-01-01,1444.585955494285,1467.8011782108856,1437.8460521249492,1443.98681640625,854,0.0,0
2013-01-02,1449.0794653085634,1466.9028048590426,1431.8552649457226,1452.561767578125,1423,0.0,0
2013-01-03,1439.0443839378493,1449.0418899935999,1400.4022856751076,1408.00341796875,2308,0.0,0
2013-01-04,1421.3333279515962,1421.3708084275145,1400.4022190513444,1414.5185546875,1380,0.0,0
2013-01-07,1407.8911775450838,1416.8402364956037,1400.4023946858015,1408.789794921875,1381,0.0,0
2013-01-08,1407.8912277874138,1424.3665506657771,1404.1468362241494,1410.0255126953125,163,0.0,0
2013-01-09,1407.8909316783102,1422.119616626123,1400.6268501396903,1406.954833984375,452,0.0,0
2013-01-10,1401.900073500186,1429.5710880641175,1396.6579257894482,1413.769775390625,1104,0.0,0
2013-01-11,1421.3333528567584,1430.3573717948718,1400.5519826644506,1423.8046875,615,0.0,0
2013-01-14,1429.6085121502629,1429.6085121502629,1389.1690885483172,1417.8885498046875,16208,0.0,0
2013-01-15,1429.6085014942855,1429.6085014942855,1374.1915140083888,1379.8455810546875,10932,0.0,0
2013-01-16,1384.6384691194,1390.6294954021475,1377.936045031899,1379.24658203125,75410,0.0,0
2013-01-17,1385.3872088363182,1396.5829929318677,1366.815084066896,1376.36328125,2963,0.0,0
2013-01-18,1385.424695222274,1385.424695222274,1377.9359130859375,1377.9359130859375,2450,0.0,0
2013-01-21,1392.9133775240148,1392.9133775240148,1363.707129285608,1368.0506591796875,2468,0.0,0
2013-01-22,1373.8545841859752,1396.657889570008,1347.9808049469245,1356.2933349609375,4271,0.0,0
2013-01-23,1362.9208714574372,1384.638339702548,1362.9208714574372,1376.063720703125,8163,0.0,0
2013-01-24,1370.484731383503,1370.484731383503,1351.8001634684265,1362.2470703125,51497,0.0,0
2013-01-25,1365.9164037877017,1374.1915447515717,1345.135033015573,1359.5135498046875,520,0.0,0
2013-01-28,1359.8879234904996,1362.95830578631,1348.0556115223005,1357.0047607421875,358,0.0,0
2013-01-29,1355.469449763177,1370.4095322702176,1329.258714546762,1332.3665771484375,10577,0.0,0
2013-01-30,1336.710157707197,1340.8664684426633,1295.6342051475308,1302.1868896484375,2853,0.0,0
2013-01-31,1310.4994395800618,1352.249401461922,1276.9122687977258,1337.60888671875,9221,0.0,0
2013-02-01,1322.5187543525753,1322.5187543525753,1288.0703609775933,1291.40283203125,2665,0.0,0
2013-02-04,1295.559261788138,1306.0060759165858,1291.8148708581143,1294.66064453125,348,0.0,0
2013-02-05,1291.7775994610602,1292.5264777682735,1257.7411169645445,1273.9168701171875,8231,0.0,0
2013-02-06,1279.7954596359912,1310.4620790833164,1274.7405314055775,1279.4210205078125,568,0.0,0
2013-02-07,1277.586266035774,1331.5054988344702,1274.5907531025132,1313.9068603515625,2774,0.0,0
2013-02-08,1308.3278914122182,1321.7327400630006,1289.5684531322115,1295.7841796875,30838,0.0,0
2013-02-11,1288.1454924598406,1355.4696671384413,1288.1454924598406,1347.6064453125,19308,0.0,0
2013-02-12,1351.7251897643118,1356.2184590931683,1339.780618698088,1347.7935791015625,1854,0.0,0
2013-02-13,1345.097782482315,1353.9719720914563,1333.9019970007685,1344.835693359375,1921,0.0,0
2013-02-14,1333.1157182748134,1355.4697171501782,1328.5100984665282,1340.304931640625,1633,0.0,0
2013-02-15,1342.7388054920468,1352.4742234905948,1336.822648578998,1349.8531494140625,823,0.0,0
2013-02-18,1351.7251485230863,1351.7251485230863,1340.5294560199197,1340.9412841796875,1245,0.0,0
2013-02-19,1350.227310709571,1350.227310709571,1329.6331614890976,1335.77392578125,235,0.0,0
2013-02-20,1333.078190886693,1340.4546235671426,1289.7181207463698,1302.5614013671875,2367,0.0,0
2013-02-21,1303.8718400841542,1317.2392979206068,1267.1019380607056,1280.4320068359375,5108,0.0,0
2013-02-22,1279.8328922435933,1287.1719354477054,1255.11991070817,1263.8443603515625,1604,0.0,0
2013-02-25,1265.5667232034289,1273.0181164118594,1237.146831053951,1241.452880859375,1275,0.0,0
2013-02-26,1239.3933815558119,1243.1002919615196,1212.059328125729,1220.5965576171875,4697,0.0,0
2013-02-27,1228.1228650431297,1231.8298672769627,1194.460823846504,1200.86376953125,3083,0.0,0
2013-02-28,1205.6939013206204,1234.9001511041633,1186.9719463311699,1198.3548583984375,13434,0.0,0
2013-03-01,1183.9766545178156,1198.0929929314657,1168.9990877307466,1178.4349365234375,1895,0.0,0
2013-03-04,1177.9854011334414,1179.483157523948,1119.6103823797648,1130.4691162109375,2139,0.0,0
2013-03-05,1123.3549069582218,1136.7972355954157,1123.3174264776835,1128.2974853515625,3524,0.0,0
2013-03-06,1136.7597584733937,1164.5057355556894,1104.5954726332102,1126.42529296875,2057,0.0,0
2013-03-07,1123.392273387572,1320.9089168967753,1086.6223686515787,1203.7469482421875,12172,0.0,0
2013-03-08,1205.6941067286082,1238.2703139600953,1198.2801930065557,1215.50439453125,1317,0.0,0
2013-03-11,1215.429473562339,1215.429473562339,1198.205272766323,1198.5797119140625,1086,0.0,0
2013-03-12,1204.1961065874411,1213.1826446963028,1191.7272666782374,1196.3328857421875,1027,0.0,0
2013-03-13,1198.205175062492,1202.6984444689763,1168.2500456859298,1175.0648193359375,48903,0.0,0
2013-03-14,1175.7386009060606,1230.9683600250555,1168.2498200085697,1174.2408447265625,1598,0.0,0
2013-03-15,1175.851078164128,1194.4606824253394,1168.2499464473538,1168.886474609375,736,0.0,0
2013-03-18,1164.5056567686545,1197.381429606248,1164.5056567686545,1171.58251953125,46845,0.0,0
2013-03-19,1169.8602927185245,1171.9945776598547,1160.7614027941054,1161.9970703125,748,0.0,0
2013-03-20,1166.1158025304105,1175.5516503369108,1157.016913375077,1162.970458984375,909,0.0,0
2013-03-21,1160.79867042285,1231.9046177181351,1117.0641660152296,1131.25537109375,141122,0.0,0
2013-03-22,1142.7505498627297,1143.5369084682666,1107.2911885676474,1136.2728271484375,15724,0.0,0
2013-03-25,1143.499446617967,1160.7611244216498,1124.3281843945479,1153.01025390625,2113,0.0,0
2013-03-26,1153.272628152468,1160.7614114521596,1134.5506699032399,1144.623046875,14838,0.0,0
2013-03-28,1147.8430308152358,1147.880511290567,1123.3172704112567,1135.2618408203125,1478,0.0,0
2013-04-01,1130.8061619325626,1156.8671617010382,1130.8061619325626,1151.2879638671875,4100,0.0,0
2013-04-02,1142.7883043952568,1163.756897136454,1142.7883043952568,1159.6005859375,1213,0.0,0
2013-04-03,1164.3931975704647,1183.227501719603,1153.2723750937903,1158.776611328125,1721,0.0,0
2013-04-04,1161.0233298070511,1172.7058117530057,1138.294894118825,1143.1251220703125,1081,0.0,0
2013-04-05,1142.0393256193947,1157.0168905455507,1135.8610800873555,1143.05029296875,680,0.0,0
2013-04-08,1147.6557696111404,1155.4815097446196,1119.4230998059456,1135.112060546875,913,0.0,0
2013-04-09,1135.2994631621518,1156.2680548300546,1130.8061935190299,1137.883056640625,509,0.0,0
2013-04-10,1153.1975291535762,1155.5190332314137,1123.3172714498514,1136.8719482421875,62742,0.0,0
2013-04-11,1128.5595125572493,1145.7837121516864,1123.3173648545944,1129.4581298828125,1319,0.0,0
2013-04-12,1118.8990001522366,1148.0303830141652,1118.8990001522366,1129.4207763671875,681,0.0,0
2013-04-15,1123.3173465108766,1130.8061288209492,1115.8285642008043,1123.130126953125,52585,0.0,0
2013-04-16,1112.084275194904,1131.742330564511,1112.084275194904,1122.1192626953125,883,0.0,0
2013-04-17,1124.1037712488396,1138.257497513617,1116.0158493125623,1127.2490234375,2768,0.0,0
2013-04-18,1133.8016983808614,1133.8016983808614,1119.1985721467618,1125.9384765625,3656,0.0,0
2013-04-22,1151.7747818502908,1152.523660121975,1106.093207277555,1139.7552490234375,4401,0.0,0
2013-04-23,1153.1976291023013,1171.994454790542,1142.4137640785764,1168.924072265625,3841,0.0,0
2013-04-25,1219.9225770281257,1219.9225770281257,1168.474681708727,1174.1661376953125,2124,0.0,0
2013-04-26,1171.9944438799575,1183.2276174634715,1162.2590267742453,1166.00341796875,1183,0.0,0
2013-04-29,1175.7012285134833,1178.734221622093,1161.510023974502,1162.5584716796875,771,0.0,0
2013-04-30,1168.212549529739,1190.7163767381858,1157.7657348661858,1159.9375,910,0.0,0
2013-05-02,1198.2050611025095,1198.2050611025095,1157.8405098234605,1160.4241943359375,1450,0.0,0
2013-05-03,1165.965708022088,1168.2498227675296,1160.7610418523532,1161.959228515625,442,0.0,0
2013-05-06,1175.7013142558835,1175.7013142558835,1151.8495614484432,1160.76123046875,2134,0.0,0
2013-05-07,1168.2125834985275,1168.2500639771552,1153.272499054371,1156.679931640625,15478,0.0,0
2013-05-08,1165.2172140290977,1208.6521576548791,1156.642593621023,1168.06298828125,9354,0.0,0
2013-05-09,1175.7013847507983,1209.4383868448983,1168.4373022134691,1176.8621826171875,10621,0.0,0
2013-05-10,1183.1900203238104,1198.1675836250556,1179.4831099730688,1186.5225830078125,2887,0.0,0
2013-05-13,1160.836211746667,1192.214230183528,1160.836211746667,1187.1593017578125,7175,0.0,0
2013-05-14,1190.6787237545145,1190.716204226622,1182.965334010568,1184.800048828125,2209,0.0,0
2013-05-15,1188.469737027852,1205.6939361152124,1183.227589479525,1196.7073974609375,18358,0.0,0
2013-05-16,1204.907619326349,1207.9406127939812,1183.9765088823835,1184.613037109375,1823,0.0,0
2013-05-17,1183.2277367129666,1191.8398373282826,1183.2277367129666,1188.6571044921875,1708,0.0,0
2013-05-20,1183.2275413976565,1194.4232337831709,1154.0212919580943,1174.42822265625,146748,0.0,0
2013-05-21,1177.3114688032235,1188.3574228993523,1167.3514430100931,1170.7962646484375,4813,0.0,0
2013-05-22,1175.7390433199982,1179.520915662609,1160.7614758891702,1163.981689453125,2032,0.0,0
2013-05-23,1160.761254824822,1196.7074098129453,1160.761254824822,1182.29150390625,1953,0.0,0
2013-05-24,1168.3248598136438,1228.16024618855,1168.3248598136438,1203.447265625,1980,0.0,0
2013-05-27,1198.2050911170631,1213.1826547560265,1195.9584565712187,1209.6629638671875,1031,0.0,0
2013-05-28,1206.4430203776753,1206.4430203776753,1179.4833998105764,1198.392578125,2410,0.0,0
2013-05-29,1186.2231560979742,1206.4428689860079,1184.0513908749879,1189.368408203125,550,0.0,0
2013-05-30,1204.8701658148602,1204.8701658148602,1183.2275673442025,1185.324462890625,13425,0.0,0
2013-05-31,1180.2320945971771,1205.656474028049,1175.701344723552,1183.8641357421875,3753,0.0,0
2013-06-03,1198.2051284632569,1210.8985774765958,1175.7387823045708,1180.494140625,3894,0.0,0
2013-06-04,1183.227636281987,1211.947098917443,1181.7298797803642,1206.742431640625,14762,0.0,0
2013-06-05,1213.1078742776258,1213.1827438181583,1196.7074226058128,1206.2181396484375,655,0.0,0
2013-06-06,1202.1742161401767,1213.1826891606866,1190.9035626159148,1206.6300048828125,538,0.0,0
2013-06-07,1201.9494789790522,1227.2989870905606,1201.9119985037323,1211.53515625,1286,0.0,0
2013-06-10,1205.7313019007138,1213.1826029264462,1198.2050399273542,1201.5001220703125,2257,0.0,0
2013-06-11,1213.1078790630822,1217.6385375648695,1194.4607926069361,1200.6390380859375,960,0.0,0
2013-06-12,1199.1787188503329,1209.3634442623352,1178.7343070724023,1185.02490234375,921,0.0,0
2013-06-13,1184.725231712122,1190.7162569040922,1168.3247819659455,1182.553466796875,11302,0.0,0
2013-06-14,1198.1676875520307,1205.619080790196,1179.895131872215,1197.755859375,7016,0.0,0
2013-06-17,1198.205107777044,1199.7028641617655,1186.9719348916344,1189.892578125,1741,0.0,0
2013-06-18,1190.791221309667,1198.954012067238,1182.4786914766826,1194.0863037109375,2436,0.0,0
2013-06-19,1192.9629931171137,1201.2006534587888,1183.2275763496796,1185.02490234375,1082,0.0,0
2013-06-20,1196.6698405293494,1198.167596876038,1180.232001190757,1185.9609375,715,0.0,0
2013-06-21,1179.5206974098094,1197.3065554429086,1157.7657481756353,1178.547119140625,3268,0.0,0
2013-06-24,1175.7389844546326,1189.2187944674884,1175.364545287609,1180.3446044921875,2835,0.0,0
2013-06-25,1180.980923395911,1193.711852817427,1176.4876541883173,1190.9410400390625,1242,0.0,0
2013-06-26,1192.2890549493295,1196.3330158211813,1176.450261527128,1187.4962158203125,3086,0.0,0
2013-06-27,1178.7717614092487,1197.4187553638008,1178.7717614092487,1186.148193359375,693,0.0,0
2013-06-28,1194.460806393993,1198.2051976366074,1186.9720239087642,1194.7603759765625,1851,0.0,0
2013-07-01,1198.2051676316348,1213.1078626872131,1186.2231159553185,1190.8287353515625,734,0.0,0
2013-07-02,1192.2515734436608,1213.1826825421908,1192.2515734436608,1198.1302490234375,2892,0.0,0
2013-07-03,1195.2471603190477,1210.8612534548556,1189.3683929591211,1200.3394775390625,1524,0.0,0
2013-07-04,1198.2051953025762,1209.4383690085378,1186.2231433495504,1198.24267578125,10656,0.0,0
2013-07-05,1220.6339848358837,1220.6339848358837,1189.5555395533956,1198.3548583984375,3305,0.0,0
2013-07-08,1205.6564556378335,1210.8986031861605,1187.0094610628519,1196.7073974609375,3401,0.0,0
2013-07-09,1219.6984386282609,1219.6984386282609,1184.6272375175442,1193.9405517578125,29610,62.5,0
2013-07-10,1211.593182570744,1219.6985465721154,1188.5241428258632,1189.2255859375,3302,0.0,0
2013-07-11,1173.1318490891972,1228.1157449437537,1173.0928430275576,1220.3221435546875,6313,0.0,0
2013-07-12,1209.566774577579,1226.6736892947827,1209.566774577579,1221.9586181640625,2052,0.0,0
2013-07-15,1194.096428012901,1220.5167507080384,1194.096428012901,1210.0343017578125,972,0.0,0
2013-07-16,1214.9054141882498,1223.59529791095,1200.3703299978222,1219.19189453125,1778,0.0,0
2013-07-17,1215.840901031734,1262.5635063124903,1215.8018949675832,1247.171142578125,8465,0.0,0
2013-07-18,1239.2603660316968,1262.6801730135123,1236.4936950042027,1260.0693359375,2669,0.0,0
2013-07-19,1240.0008583610404,1278.150495146233,1240.0008583610404,1265.9534912109375,4343,0.0,0
2013-07-22,1254.8475495170087,1281.267873229561,1253.2109125019065,1264.4337158203125,1918,0.0,0
2013-07-23,1267.863075348269,1275.773504419931,1256.3285075714557,1262.9140625,1156,0.0,0
2013-07-24,1261.0046167599628,1273.3964611312415,1260.809776738832,1266.927734375,27937,0.0,0
2013-07-25,1266.4601330098424,1274.2537338283646,1262.5633326005814,1268.4864501953125,1415,0.0,0
2013-07-26,1264.1220746829185,1268.7982352551119,1258.6665540153597,1262.5633544921875,2998,0.0,0
2013-07-29,1270.279061314157,1270.317972237587,1262.5633772038977,1263.420654296875,1264,0.0,0
2013-07-30,1247.1319004029444,1309.324869771794,1246.196706407797,1268.525390625,6901,0.0,0
2013-07-31,1262.6023282803326,1268.8372088838976,1223.5953184495893,1239.6112060546875,108566,0.0,0
2013-08-01,1215.8796366892796,1246.976122778412,1209.6837621339157,1236.610595703125,1090,0.0,0
2013-08-02,1265.6807598518558,1265.6807598518558,1208.008114390626,1218.5684814453125,6360,0.0,0
2013-08-05,1196.7072237731536,1238.909584817635,1196.3565498443174,1206.760986328125,5539,0.0,0
2013-08-06,1208.0081275159246,1208.0081275159246,1193.5899659939603,1195.46044921875,1665,0.0,0
2013-08-07,1183.8480103670004,1207.9302568600087,1165.2602907193943,1173.833251953125,2603,0.0,0
2013-08-08,1166.039724941508,1185.1340489029403,1165.9228018899066,1174.4178466796875,1600,0.0,0
2013-08-12,1215.684795634648,1215.7238016931428,1173.0927484499296,1173.3656005859375,991,0.0,0
2013-08-13,1169.0400575958133,1183.8478983253603,1169.0400575958133,1171.4560546875,1625,0.0,0
2013-08-14,1196.2006979002583,1196.239703955628,1164.3638603706147,1166.6240234375,1427,0.0,0
2013-08-16,1188.524241882009,1188.524241882009,1153.453034744507,1161.7142333984375,1687,0.0,0
2013-08-19,1183.8479253231055,1183.8479253231055,1132.0983985660341,1137.6318359375,2456,0.0,0
2013-08-20,1152.8683447683306,1165.104259401059,1114.4848626119403,1151.7772216796875,2249,0.0,0
2013-08-21,1142.541822399524,1188.5240649108282,1138.6450221867017,1182.2891845703125,6544,0.0,0
2013-08-22,1184.5881589022981,1196.3175646100012,1155.9466797495832,1191.056884765625,4486,0.0,0
2013-08-23,1170.2871097647323,1204.1113572081522,1170.2871097647323,1201.11083984375,665,0.0,0
2013-08-26,1178.4315728719532,1231.350051846119,1166.702164360593,1177.0286865234375,2987,0.0,0
2013-08-27,1179.9510873934073,1179.9510873934073,1157.3496464856078,1162.181640625,829,0.0,0
2013-08-28,1153.491962561059,1178.3924798848861,1115.2643113196243,1166.4293212890625,1554,0.0,0
2013-08-29,1144.607175868206,1178.3924155812354,1141.7624926101255,1146.90625,594,0.0,0
2013-08-30,1156.5703932733052,1157.349753376589,1145.6983578871873,1149.55615234375,2567,0.0,0
2013-09-02,1141.1000380176447,1161.2074702570246,1131.435954355201,1134.709228515625,1827,0.0,0
2013-09-03,1139.3464859220596,1149.5560836375291,1108.6786867181256,1128.5523681640625,1200,0.0,0
2013-09-04,1106.8471102707736,1137.7877614863962,1106.8471102707736,1130.111083984375,1300,0.0,0
2013-09-05,1156.5703656823675,1156.5703656823675,1134.0079292852367,1146.5166015625,1688,0.0,0
2013-09-06,1149.1275295000685,1157.3498170971027,1130.072211980336,1150.6473388671875,15565,0.0,0
2013-09-10,1157.3108384005493,1157.3498444634758,1122.3176431184183,1146.2049560546875,1284,0.0,0
2013-09-11,1137.9437236455792,1157.3498101974492,1137.9437236455792,1149.59521484375,337,0.0,0
2013-09-12,1152.43981012139,1161.2466178280695,1148.3481693538752,1150.6473388671875,264,0.0,0
2013-09-13,1134.2026978089746,1155.7519266829026,1114.718696919909,1133.8519287109375,2242,0.0,0
2013-09-16,1137.8656518808325,1149.5560524138546,1114.484850814788,1121.031494140625,1718,0.0,0
2013-09-17,1126.253274739113,1145.6593604848767,1122.2785572096752,1144.5682373046875,836,0.0,0
2013-09-18,1149.5170884098939,1161.2464954284762,1137.8656935070974,1155.55712890625,858,0.0,0
2013-09-19,1165.8836414429038,1180.6525716333183,1141.0610426073536,1177.1064453125,2874,0.0,0
2013-09-20,1155.1285220211985,1196.1228417972652,1155.1285220211985,1185.8353271484375,935,0.0,0
2013-09-23,1173.0148727523745,1188.4851517795278,1156.5703935958445,1180.3798828125,428,0.0,0
2013-09-24,1172.7421123217573,1193.9796750802006,1172.2355092286132,1192.4599609375,1621,0.0,0
2013-09-25,1187.7447310108553,1193.1612453712078,1165.1822953366977,1174.807373046875,1066,0.0,0
2013-09-26,1180.6136741006267,1183.887043729215,1169.0401951955378,1171.2613525390625,984,0.0,0
2013-09-27,1169.0400588347325,1179.873182407279,1164.3638985993935,1165.416015625,1061,0.0,0
2013-09-30,1169.0010964048538,1176.7946970879402,1157.427618417816,1170.1312255859375,693,0.0,0
2013-10-01,1158.2460306138632,1188.5241514446311,1158.2460306138632,1184.2376708984375,822,0.0,0
2013-10-03,1176.6000722150413,1197.0582777489756,1176.6000722150413,1185.5238037109375,1876,0.0,0
2013-10-04,1184.6273594914662,1192.381954480813,1172.9369579175373,1177.3792724609375,1330,0.0,0
2013-10-07,1172.2356994086565,1182.0946253160107,1169.0403415025655,1176.60009765625,3585,0.0,0
2013-10-08,1181.4710554970416,1190.8623839487166,1176.0155341046063,1188.0177001953125,3083,0.0,0
2013-10-09,1176.9894618476728,1196.3176283605646,1176.9894618476728,1192.1480712890625,764,0.0,0
2013-10-10,1182.1335428324853,1194.759139520274,1182.1335428324853,1191.2130126953125,1975,0.0,0
2013-10-11,1188.523996171226,1204.0332791486073,1188.523996171226,1200.4482421875,2594,0.0,0
2013-10-14,1192.498843024386,1204.111327279214,1192.4209260434934,1197.3309326171875,551,0.0,0
2013-10-15,1192.6158560810138,1204.1114181638075,1184.588408571894,1193.979736328125,3879,0.0,0
2013-10-17,1192.693675572588,1204.8906798127864,1184.8221578171983,1190.6673583984375,7242,0.0,0
2013-10-18,1194.0187063523051,1218.8413070731906,1169.040176525843,1195.9281005859375,18051,0.0,0
2013-10-21,1200.2146378723035,1200.2146378723035,1180.73063401074,1192.2261962890625,4199,0.0,0
2013-10-22,1194.7590482968117,1203.3320095044207,1180.730566320724,1185.913330078125,4574,0.0,0
2013-10-23,1182.6009908440258,1188.5241083566873,1163.5845860829734,1166.7020263671875,3330,0.0,0
2013-10-24,1165.143348376756,1184.6273508579725,1157.3497473842692,1159.025390625,3141,0.0,0
2013-10-25,1159.0253025991635,1167.481340006445,1155.0115793655216,1159.3759765625,7373,0.0,0
2013-10-28,1157.349649154175,1165.571935558074,1144.1005285914673,1151.9720458984375,3062,0.0,0
2013-10-29,1155.050594970218,1176.0543101687072,1142.5418281692012,1148.3480224609375,7090,0.0,0
2013-10-30,1150.3745817824058,1157.3498170357718,1141.7626141127312,1145.035888671875,2015,0.0,0
2013-10-31,1142.5418215446873,1153.3749451555732,1130.0720608729855,1136.345947265625,1805,0.0,0
2013-11-01,1136.307041060674,1150.3355230490774,1136.307041060674,1140.398681640625,685,0.0,0
2013-11-05,1155.7909009027717,1155.7909009027717,1116.3553032169127,1136.112060546875,25192,0.0,0
2013-11-06,1136.3070746425067,1153.4529975794992,1130.0721935745094,1137.7099609375,22317,0.0,0
2013-11-07,1136.3070623872486,1169.0401876412022,1134.0079880729145,1157.8173828125,5986,0.0,0
2013-11-08,1137.9435650140606,1163.5455230675736,1133.968847873601,1150.1015625,972,0.0,0
2013-11-11,1149.5561310778714,1177.6910112586008,1137.8657297448763,1140.788330078125,3129,0.0,0
2013-11-12,1149.5170539997719,1168.2607010336876,1137.9825824792053,1151.4654541015625,550,0.0,0
2013-11-13,1150.3354299411992,1165.1432708415264,1141.7624694199574,1142.3079833984375,595,0.0,0
2013-11-14,1161.1296077236973,1176.7168094789217,1138.7620112596423,1146.828369140625,1197,0.0,0
2013-11-18,1145.659141070948,1172.9367396678754,1145.659141070948,1169.897216796875,10926,0.0,0
2013-11-19,1171.3783299180534,1193.979774740158,1170.0534556900739,1184.120849609375,1438,0.0,0
2013-11-20,1176.8728035833055,1200.1366844606168,1173.794273984568,1190.43359375,2323,0.0,0
2013-11-21,1196.3177690184666,1197.8374831784877,1164.364004503967,1190.8232421875,1754,0.0,0
2013-11-22,1177.0286627148096,1219.6986307887285,1177.0286627148096,1213.7755126953125,8247,0.0,0
2013-11-25,1219.6594258563778,1285.8661166706352,1208.124954636622,1277.254150390625,5419,0.0,0
2013-11-26,1284.3853892072286,1284.3853892072286,1238.3252283182226,1248.4569091796875,62276,0.0,0
2013-11-27,1258.5885167630352,1262.5632338422313,1231.4667499813654,1258.3936767578125,2027,0.0,0
2013-11-28,1248.9245553421395,1276.4749157415295,1224.374712288612,1265.1741943359375,4242,0.0,0
2013-11-29,1262.5633592593076,1298.3749177218779,1255.8608814412032,1289.9578857421875,3057,0.0,0
2013-12-02,1289.8020605921597,1293.7378674605152,1273.552420260139,1281.9305419921875,4031,0.0,0
2013-12-03,1293.7377987322327,1293.7377987322327,1271.1363552604046,1279.358642578125,979,0.0,0
2013-12-04,1268.0189353211524,1293.6988136271418,1268.0189353211524,1286.2559814453125,1454,0.0,0
2013-12-05,1289.0616048585587,1359.9833739287697,1286.4507675520015,1339.953857421875,9249,0.0,0
2013-12-06,1328.8089080233779,1363.0228338320874,1305.4281061226732,1312.520263671875,1683,0.0,0
2013-12-09,1330.3286268542129,1339.758959763968,1321.911595221866,1331.263916015625,18317,0.0,0
2013-12-10,1332.666724210652,1340.49933103096,1306.4023276980506,1323.1585693359375,2682,0.0,0
2013-12-11,1331.8872666078958,1340.499232873779,1324.912032491526,1336.4075927734375,20734,0.0,0
2013-12-12,1336.4077163355446,1344.3961572700478,1321.0932715166875,1328.4971923828125,591,0.0,0
2013-12-13,1324.9901385177852,1328.809022183666,1303.9085040748594,1308.857421875,567,0.0,0
2013-12-16,1314.8973243851026,1329.042728287677,1295.4522340999288,1309.0521240234375,792,0.0,0
2013-12-17,1324.4055065276648,1324.4055065276648,1287.6586604606168,1293.6597900390625,252,0.0,0
2013-12-18,1280.5665133915868,1333.4850812298662,1280.5665133915868,1322.5350341796875,1886,0.0,0
2013-12-19,1309.3640323451825,1343.42203217656,1309.325026283754,1320.430908203125,656,0.0,0
2013-12-20,1322.5350071185517,1344.3960947133635,1321.0152930661745,1323.2364501953125,1764,0.0,0
2013-12-23,1347.5135140421398,1347.5135140421398,1301.5312715155428,1308.4285888671875,1062,0.0,0
2013-12-24,1317.001603289075,1328.6920044103263,1311.0005687681908,1322.418212890625,838,0.0,0
2013-12-26,1324.0936329277647,1349.9294359352539,1324.0936329277647,1347.0068359375,1841,0.0,0
2013-12-27,1332.705746714877,1352.1897488598315,1332.705746714877,1348.176025390625,884,0.0,0
2013-12-30,1359.9443625928138,1371.673770102072,1348.2929672026048,1356.2034912109375,7094,0.0,0
2013-12-31,1363.8412335561445,1363.8412335561445,1344.396236194575,1354.6058349609375,541,0.0,0
2014-01-01,1356.0866307484646,1370.3878701545855,1324.9122254439021,1339.2913818359375,730,0.0,0
2014-01-02,1339.680820319551,1363.8409800738204,1310.10414667506,1321.1710205078125,2676,0.0,0
2014-01-03,1323.353379502827,1347.4356243409127,1321.0152993270272,1335.9400634765625,1255,0.0,0
2014-01-06,1325.0290964449896,1336.5635688725713,1297.6735758920875,1307.5714111328125,1247,0.0,0
2014-01-07,1305.428209838129,1324.9122129700415,1300.4013750847894,1316.884765625,26125,0.0,0
2014-01-08,1313.2998225699255,1330.7575096595722,1289.8411001385603,1328.107666015625,29555,0.0,0
2014-01-09,1318.4434967880682,1353.6706318241747,1305.5451436900253,1309.5977783203125,12810,0.0,0
2014-01-10,1320.0020884169185,1320.0020884169185,1285.9440920340994,1287.8145751953125,1449,0.0,0
2014-01-13,1278.1504601539343,1309.3248616211033,1278.1504601539343,1301.024658203125,235,0.0,0
2014-01-14,1305.2722762401343,1317.0405942062212,1296.192712446333,1309.091064453125,218,0.0,0
2014-01-15,1301.5704751344745,1313.221871488535,1271.292256765541,1281.9305419921875,1335,0.0,0
2014-01-16,1273.513330050294,1285.944084815487,1271.1362438388237,1284.8919677734375,516,0.0,0
2014-01-17,1291.2439415856406,1292.1791357160237,1274.2538521686965,1280.566650390625,656,0.0,0
2014-01-20,1283.6058319106712,1283.6058319106712,1262.5631133547586,1280.9949951171875,638,0.0,0
2014-01-21,1296.8551403750419,1321.0153022450095,1296.8551403750419,1309.1690673828125,2010,0.0,0
2014-01-22,1324.912299499604,1324.912299499604,1281.2681296337346,1291.0101318359375,1362,0.0,0
2014-01-23,1298.8034294529489,1304.6486294054823,1285.943989557375,1293.971435546875,5820,0.0,0
2014-01-24,1289.8409918351206,1296.8552328783326,1285.9441912555583,1286.9573974609375,413,0.0,0
2014-01-27,1300.7520859255153,1300.7520859255153,1278.1506416523937,1282.9437255859375,623,0.0,0
2014-01-28,1292.1398591678078,1292.1398591678078,1248.5737117754252,1255.2371826171875,1398,0.0,0
2014-01-29,1261.7061171633436,1266.4211888068103,1247.1320258388284,1248.534912109375,940,0.0,0
2014-01-30,1208.9045059807972,1246.9762299748704,1208.9045059807972,1240.5465087890625,1395,0.0,0
2014-01-31,1246.9762640388856,1269.5387027616437,1246.9762640388856,1248.379150390625,646,0.0,0
2014-02-03,1248.924563203465,1259.445924578346,1239.3383958961033,1253.4058837890625,1440,0.0,0
2014-02-04,1240.000961245764,1254.769797515869,1237.6238748168944,1246.9761962890625,909,0.0,0
2014-02-05,1241.09198930813,1246.9761962890625,1240.741315307617,1246.9761962890625,1177,0.0,0
2014-02-06,1246.976066953798,1270.3568682091816,1243.0792667445673,1244.053466796875,401,0.0,0
2014-02-07,1247.0541197610955,1274.955250352897,1217.5163519304976,1243.118408203125,993,0.0,0
2014-02-10,1243.0793241287008,1246.976124517819,1231.3889229613462,1232.4410400390625,599,0.0,0
2014-02-11,1244.0535422980126,1247.287905695311,1212.3725356469147,1231.817626953125,439,0.0,0
2014-02-12,1242.7677137759024,1246.976277740625,1236.0652353103947,1238.091552734375,521,0.0,0
2014-02-13,1243.001368962129,1266.3042536005155,1234.8180883963787,1252.0809326171875,493,0.0,0
2014-02-14,1245.2615704828736,1257.8871656897525,1234.9739603728908,1252.743408203125,814,0.0,0
2014-02-17,1261.6669366919366,1281.267860025634,1241.5204994044009,1244.637939453125,2077,0.0,0
2014-02-18,1244.637985072831,1250.9118714555334,1229.0897903146194,1233.5321044921875,3182,0.0,0
2014-02-19,1239.1433732247142,1247.0149852024622,1234.4672133029076,1246.2745361328125,443,0.0,0
2014-02-20,1246.7812805026854,1247.0151265799743,1231.388919014998,1237.74072265625,1002,0.0,0
2014-02-21,1243.2740979719222,1246.976058144539,1239.1434517246291,1245.3004150390625,336,0.0,0
2014-02-24,1246.040853768901,1246.9760477500245,1227.56996397957,1237.896484375,1411,0.0,0
2014-02-25,1243.0403165238135,1246.9761229666183,1231.583761448749,1238.4810791015625,1279,0.0,0
2014-02-26,1242.29997737705,1246.9761378941532,1219.6985348777184,1229.6353759765625,211201,0.0,0
2014-02-28,1238.3642288787476,1251.5354339793976,1231.3889938354491,1246.9761962890625,70779,0.0,0
2014-03-03,1250.0934802679647,1274.2536410462108,1241.5205199918128,1246.6253662109375,22000,0.0,0
2014-03-04,1248.1060728968985,1248.1450789528033,1232.246115429276,1239.1434326171875,2283,0.0,0
2014-03-05,1244.5989741565918,1246.976060326278,1229.8301394967916,1231.349853515625,2165,0.0,0
2014-03-06,1244.560089459736,1244.560089459736,1223.5952849764253,1238.5589599609375,1685,0.0,0
2014-03-07,1235.9481684338919,1239.1825318052577,1216.269326340758,1224.4136962890625,1545,0.0,0
2014-03-10,1214.2430384252948,1266.4601652381925,1214.2430384252948,1249.6649169921875,1845,0.0,0
2014-03-11,1268.2915333051055,1268.2915333051055,1223.673171323336,1242.6895751953125,1067,0.0,0
2014-03-12,1242.2999827300719,1246.9761432673242,1234.5842988162594,1236.7275390625,370,0.0,0
2014-03-13,1238.6758368728363,1246.9760401675458,1235.285639790975,1246.6253662109375,2196,0.0,0
2014-03-14,1244.6380136750631,1246.976093851034,1235.6363669428856,1241.4815673828125,1364,0.0,0
2014-03-18,1219.0359405809536,1270.3567766086273,1219.0359405809536,1247.4046630859375,6884,0.0,0
2014-03-19,1250.872824825986,1277.3710653518947,1250.872824825986,1259.640625,898,0.0,0
2014-03-20,1266.4209836612258,1301.5701954851686,1254.9254237545767,1293.971435546875,2631,0.0,0
2014-03-21,1297.595477980169,1313.1437680691386,1282.0472830279248,1303.75244140625,18113,0.0,0
2014-03-24,1296.933238914534,1344.3962922599283,1296.933238914534,1317.4693603515625,2511,0.0,0
2014-03-25,1320.7037171649777,1324.13292091984,1301.5314761248576,1305.8958740234375,896,0.0,0
2014-03-26,1316.4169095457187,1317.1183525477913,1289.8407535305294,1294.04931640625,14631,0.0,0
2014-03-27,1293.77672033616,1322.5740368251877,1271.9156323504458,1280.02099609375,1472,0.0,0
2014-03-28,1287.5028840644586,1317.1185678383383,1285.8662468832483,1307.2596435546875,3418,0.0,0
2014-03-31,1289.8409666927773,1332.6278552496906,1274.253764678363,1282.7877197265625,2821,0.0,0
2014-04-01,1292.9583419212386,1297.5954962320884,1261.7839394638247,1273.045654296875,2673,0.0,0
2014-04-02,1281.2289399287495,1302.3106677273204,1273.0456592518274,1293.6597900390625,1685,0.0,0
2014-04-03,1287.5419680205207,1309.3250460594943,1279.709360493863,1306.2855224609375,1110,0.0,0
2014-04-04,1301.5312073936423,1317.1184074821888,1301.5312073936423,1313.37744140625,2292,0.0,0
2014-04-07,1317.0793989035244,1362.3212851285273,1309.402721901969,1333.3680419921875,1296,0.0,0
2014-04-09,1314.273826882804,1340.499312103334,1314.273826882804,1335.4334716796875,12533,0.0,0
2014-04-10,1340.4215362679406,1356.0866562001465,1333.4852119301443,1352.1119384765625,3194,0.0,0
2014-04-11,1351.2155627779641,1358.4246436464261,1348.292962425885,1352.1507568359375,3127,0.0,0
2014-04-15,1359.0870863710022,1380.2467320357111,1352.9691286357959,1364.8543701171875,20418,0.0,0
2014-04-16,1365.4387593590395,1379.4672397634133,1352.1896389771312,1355.1512451171875,2297,0.0,0
2014-04-17,1378.6487788194677,1378.6487788194677,1342.8372263060949,1344.2401123046875,2796,0.0,0
2014-04-21,1363.8411299339389,1379.467337546716,1350.6310146714457,1364.503662109375,21926,0.0,0
2014-04-22,1370.8553175277632,1408.381522843118,1348.7215682876208,1387.3778076171875,5195,0.0,0
2014-04-23,1430.0867032183587,1504.1649149333687,1430.0867032183587,1473.3411865234375,159484,0.0,0
2014-04-24,1473.3411865234375,1473.3411865234375,1473.3411865234375,1473.3411865234375,0,0.0,0
2014-04-25,1480.784346819309,1550.1474030650554,1469.0939440812617,1488.1103515625,51521,0.0,0
2014-04-28,1480.7843514656743,1500.2683560902226,1472.9907496158548,1477.9007568359375,4179,0.0,0
2014-04-29,1473.2633629330762,1558.720217907184,1465.197004832753,1512.7769775390625,10830,0.0,0
2014-04-30,1529.1044807292994,1563.39632433383,1515.9722823762738,1527.7406005859375,44545,0.0,0
2014-05-02,1540.6780322485236,1550.8876307802805,1485.2655468138653,1500.5020751953125,2469,0.0,0
2014-05-05,1519.7131218870559,1534.3261231172967,1484.797848029637,1491.2664794921875,3196,0.0,0
2014-05-06,1502.411518651366,1510.3609540710554,1480.7842746401739,1483.356201171875,1441,0.0,0
2014-05-07,1480.784194017425,1502.4504429108988,1476.1080334047383,1490.370361328125,1619,0.0,0
2014-05-08,1495.5919901587467,1518.1155154474723,1484.6809490632686,1504.515625,16796,0.0,0
2014-05-09,1511.6858124647276,1535.3393720885942,1488.5777668473172,1500.1512451171875,13101,0.0,0
2014-05-12,1492.5135146816212,1535.3393117438468,1476.1079474329167,1514.062744140625,2187,0.0,0
2014-05-13,1503.502378624854,1527.5456158469376,1492.4744154831048,1506.1522216796875,4384,0.0,0
2014-05-14,1496.64403602572,1509.620399738478,1478.7966720556744,1482.771484375,9986,0.0,0
2014-05-15,1469.8730837728024,1486.2396451509726,1469.8730837728024,1474.705078125,1396,0.0,0
2014-05-16,1476.926497154542,1480.2387778073871,1412.7072014696776,1441.8162841796875,21432,0.0,0
2014-05-19,1430.1257765203393,1502.5672594070998,1430.1257765203393,1464.963134765625,9654,0.0,0
2014-05-20,1445.8689167935333,1472.9906881539193,1441.8941990433225,1445.98583984375,18055,0.0,0
2014-05-21,1446.4923784506418,1453.6624534787857,1422.332214801951,1429.46337890625,5681,0.0,0
2014-05-22,1441.738369328493,1472.9127755191228,1428.5671636856043,1435.7762451171875,95484,0.0,0
2014-05-23,1448.2459520565917,1472.912719036362,1441.1537939475386,1460.5208740234375,1235,0.0,0
2014-05-26,1460.5206949227475,1474.471258474701,1423.8907735452826,1432.9703369140625,3253,0.0,0
2014-05-27,1426.2288920222886,1438.3479788589166,1426.2288920222886,1433.6328125,514,0.0,0
2014-05-28,1433.9835026144515,1441.816109262704,1402.848106309658,1420.6175537109375,11985,0.0,0
2014-05-29,1422.3320946734661,1434.061501508888,1397.0418990447843,1423.4232177734375,13714,0.0,0
2014-05-30,1410.6808699865671,1429.3465074241342,1399.068384786581,1414.9283447265625,1468,0.0,0
2014-06-02,1426.228987870237,1426.228987870237,1395.0545837637837,1397.4705810546875,10146,0.0,0
2014-06-03,1402.925902713503,1444.38791137412,1395.093391875143,1429.6968994140625,2475,0.0,0
2014-06-04,1426.2289051582122,1447.1937097313255,1404.9134266139304,1416.13623046875,3718,0.0,0
2014-06-05,1416.0973051738538,1448.752512471307,1410.6417844604707,1434.3343505859375,3291,0.0,0
2014-06-06,1435.581318292603,1458.1827614144736,1413.7592352783834,1425.1768798828125,7500,0.0,0
2014-06-09,1422.3321422232457,1444.115218346713,1415.707581560836,1424.709228515625,48533,0.0,0
2014-06-10,1418.435433803473,1430.8272788733887,1414.5386331611558,1419.0589599609375,3181,0.0,0
2014-06-11,1422.3320914711303,1432.4637721227054,1407.524250518828,1417.0714111328125,3366,0.0,0
2014-06-12,1425.4497567847088,1434.0227186899203,1412.239639903647,1418.8251953125,24502,0.0,0
2014-06-13,1426.189917812503,1453.389603202189,1423.8129266880883,1436.984130859375,3029,0.0,0
2014-06-16,1437.919321561573,1449.6097225498786,1424.0466743340933,1445.3232421875,4315,0.0,0
2014-06-17,1470.6134353483424,1470.6134353483424,1429.9308780445772,1457.4033203125,26506,0.0,0
2014-06-18,1458.1438622056899,1488.577914694319,1458.1438622056899,1484.0186767578125,11740,0.0,0
2014-06-19,1484.018574794489,1488.4998954339667,1458.104851096641,1480.39453125,3157,0.0,0
2014-06-20,1470.8864432949927,1492.4746813093682,1466.1712763515661,1481.7974853515625,17895,0.0,0
2014-06-23,1481.563544832677,1484.6809852215938,1356.9438462583846,1390.066650390625,24727,0.0,0
2014-06-24,1395.0544992281168,1426.189895388043,1382.5847383411615,1420.734375,8257,0.0,0
2014-06-25,1425.4105791817988,1426.1120222806132,1377.557946415422,1388.5858154296875,4683,0.0,0
2014-06-26,1388.8195323747395,1402.8480124997368,1366.2180921733548,1387.5335693359375,7347,0.0,0
2014-06-27,1401.2504156516968,1401.2504156516968,1376.3498991882318,1379.9349365234375,20786,0.0,0
2014-06-30,1395.0155779522634,1402.8481850400965,1381.143025204461,1401.2115478515625,1782,0.0,0
2014-07-01,1400.5102291357632,1413.0189979515212,1387.2611062112735,1389.5601806640625,2615,0.0,0
2014-07-02,1398.912276627908,1414.5384836061812,1394.2751224085168,1399.4578857421875,3380,0.0,0
2014-07-03,1402.8092740164436,1407.4854349500401,1391.1578777449276,1394.43115234375,3186,0.0,0
2014-07-04,1402.848089410887,1402.848089410887,1387.2608884174326,1396.76904296875,4904,0.0,0
2014-07-07,1398.9123019649865,1398.9123019649865,1379.4673065181917,1386.3646240234375,3480,0.0,0
2014-07-08,1384.143525198451,1387.2609655705196,1356.0865618498337,1360.061279296875,3692,0.0,0
2014-07-09,1360.061243203926,1383.364128394079,1345.2534018295669,1378.571044921875,5160,0.0,0
2014-07-10,1375.5706018062824,1418.4354080948635,1104.4702050612123,1126.01953125,153734,0.0,0
2014-07-11,1184.6272805262772,1238.4031241817463,1161.6751650207707,1167.4034423828125,151858,0.0,0
2014-07-14,1184.5883269950962,1184.5883269950962,1157.3497299904175,1165.26025390625,78115,0.0,0
2014-07-15,1176.794752382241,1184.6273594914662,1174.4956781273945,1177.3792724609375,39769,0.0,0
2014-07-16,1184.5104404011945,1217.984014101621,1180.7305629070233,1199.8638916015625,21836,0.0,0
2014-07-17,1221.9976148791943,1231.3889420169903,1206.449419140697,1220.1661376953125,30109,0.0,0
2014-07-18,1238.4032979410154,1255.6271385011419,1225.15417518142,1252.977294921875,9915,0.0,0
2014-07-21,1282.0082337170938,1299.2710772799833,1258.7833620786191,1286.216796875,68976,0.0,0
2014-07-22,1285.9441455026413,1305.4281477072268,1270.4738667795464,1281.5018310546875,13429,0.0,0
2014-07-23,1285.9441890473963,1293.7377901931382,1270.3569867559127,1285.5155029296875,6723,0.0,0
2014-07-24,1299.9335536793797,1299.9335536793797,1268.7981578243143,1275.9293212890625,9880,0.0,0
2014-07-25,1282.0473762351758,1289.801971246465,1262.5633735568297,1273.6302490234375,15161,0.0,0
2014-07-28,1270.2103935917723,1282.4239550686161,1249.8544577970322,1254.332763671875,113892,70.0,0
2014-07-30,1270.1695442229918,1270.1695442229918,1244.9689374059767,1251.238525390625,34573,0.0,0
2014-07-31,1252.2972620079684,1261.2538744150474,1231.737765346264,1245.905517578125,7293,0.0,0
2014-08-01,1244.4396632371975,1262.0679221577918,1223.7987658084912,1251.238525390625,5413,0.0,0
2014-08-04,1257.9562351910906,1288.9380130385598,1238.536689933506,1278.3936767578125,65830,0.0,0
2014-08-05,1302.7797646785486,1302.7797646785486,1271.024507914509,1278.271240234375,35589,0.0,0
2014-08-06,1284.0116451677895,1291.3805334930114,1275.2179407679225,1279.126220703125,11369,0.0,0
2014-08-07,1272.4088172680943,1282.4239776128538,1254.7399044453382,1261.82373046875,2455,0.0,0
2014-08-08,1255.7577535811529,1270.2104688517418,1241.7121570505808,1250.4652099609375,4010,0.0,0
2014-08-11,1253.9256788099026,1263.6965282551746,1242.6485099539952,1256.2869873046875,41278,0.0,0
2014-08-12,1262.027426651164,1269.355564460564,1245.7834275980192,1259.09619140625,2551,0.0,0
2014-08-13,1306.8510221674373,1310.9222091523827,1230.434862338857,1243.0555419921875,7696,0.0,0
2014-08-14,1236.2975135506351,1282.1391254966097,1236.2975135506351,1253.4779052734375,49927,0.0,0
2014-08-18,1242.648467891152,1262.0680106274472,1241.630671108388,1255.7169189453125,7289,0.0,0
2014-08-19,1262.0274872604855,1270.210614631672,1245.7834874272166,1255.6357421875,13219,0.0,0
2014-08-20,1253.9256230101173,1258.729643652441,1237.6408746593365,1240.4093017578125,3297,0.0,0
2014-08-21,1253.0301780695431,1257.9970072159508,1237.6410685878611,1247.615478515625,5069,0.0,0
2014-08-22,1252.2972644580611,1252.7043832046338,1238.4959787069317,1248.714599609375,3002,0.0,0
2014-08-25,1253.070826118875,1262.068190720088,1245.8648437474806,1254.088623046875,6262,0.0,0
2014-08-26,1254.0884606055577,1266.139214429844,1254.007056740708,1261.70166015625,2135,0.0,0
2014-08-27,1261.6609906321514,1270.2104842763188,1237.6409846794902,1243.6256103515625,4123,0.0,0
2014-08-28,1244.1957095476466,1252.6637004264348,1244.1549579130594,1246.1905517578125,1718,0.0,0
2014-09-01,1257.956191710543,1310.9631327221423,1244.1549057791262,1288.3680419921875,12641,0.0,0
2014-09-02,1291.177118126127,1310.108140037798,1267.3606712049923,1274.5260009765625,10202,0.0,0
2014-09-03,1282.2609699225484,1306.8508972025725,1271.0652067845201,1291.4617919921875,15426,0.0,0
2014-09-04,1286.4950988776661,1337.792055351902,1274.362941673964,1319.1053466796875,13948,0.0,0
2014-09-05,1323.1357560557556,1343.4916907643055,1315.0341337994375,1340.2347412109375,8478,0.0,0
2014-09-08,1343.4103662219989,1395.6029660174363,1343.4103662219989,1381.06884765625,15876,0.0,0
2014-09-09,1381.0688423565105,1388.2748237622982,1358.1480387305064,1375.9798583984375,5797,0.0,0
2014-09-10,1371.9901281878217,1371.9901281878217,1326.3928301590277,1331.9703369140625,8030,0.0,0
2014-09-11,1311.2480584327404,1339.4206553782653,1284.0117550743807,1288.245849609375,34113,0.0,0
2014-09-12,1294.596974249598,1352.6521522812748,1265.6508885054914,1345.9346923828125,35719,0.0,0
2014-09-15,1327.2478718863645,1350.8200076693784,1315.848546927129,1320.61181640625,5566,0.0,0
2014-09-16,1310.9629050387039,1336.977749008686,1310.9629050387039,1328.0618896484375,34573,0.0,0
2014-09-17,1345.1202681525517,1345.1202681525517,1323.135856990252,1339.6649169921875,4103,0.0,0
2014-09-18,1342.67760730744,1351.634219606034,1329.9347708401406,1337.588623046875,47376,0.0,0
2014-09-19,1342.6367912215762,1342.677542851394,1317.9247047174365,1324.886474609375,2729,0.0,0
2014-09-22,1319.1053409583892,1340.2347617520188,1315.8483913551038,1320.97802734375,4310,0.0,0
2014-09-23,1318.291167042171,1333.7209267730977,1299.5637059214255,1306.9324951171875,2396,0.0,0
2014-09-24,1307.5026952497155,1319.0240770465805,1281.1213787972351,1302.006591796875,9342,0.0,0
2014-09-25,1314.952690931313,1318.2503922632222,1302.7798811742778,1310.51513671875,3617,0.0,0
2014-09-26,1302.8612502525948,1347.5629036107302,1299.5228967750606,1334.820068359375,79303,0.0,0
2014-09-29,1337.5478383075533,1361.4050356882476,1312.7543473614696,1328.6727294921875,9081,0.0,0
2014-09-30,1331.0746478234937,1335.349394360318,1319.0646456486068,1325.7821044921875,2467,0.0,0
2014-10-01,1323.1358893272316,1355.746139772647,1323.1358893272316,1350.9013671875,24691,0.0,0
2014-10-07,1351.6340890655042,1380.1323981723071,1351.6340890655042,1376.2647705078125,34442,0.0,0
2014-10-08,1376.264773587622,1383.3485992523365,1364.661890568173,1369.7916259765625,9757,0.0,0
2014-10-09,1379.725327894594,1382.9822776211083,1365.1504579895993,1375.4913330078125,17015,0.0,0
2014-10-10,1379.7253481826722,1382.9822979570781,1348.377206604016,1371.420166015625,1865,0.0,0
2014-10-13,1378.5040720194552,1378.5040720194552,1358.1481347480517,1370.8502197265625,3570,0.0,0
2014-10-14,1375.2063747386076,1384.2037387984878,1369.1810968027473,1380.0511474609375,2126,0.0,0
2014-10-15,1380.0511474609375,1380.0511474609375,1380.0511474609375,1380.0511474609375,0,0.0,0
2014-10-16,1368.8553745358834,1382.5752563469357,1360.63159577568,1372.6822509765625,18075,0.0,0
2014-10-17,1358.9621611138925,1381.760807315923,1348.3770753772355,1365.8831787109375,5430,0.0,0
2014-10-20,1354.1991124842314,1384.2037443580896,1354.1991124842314,1381.0281982421875,7252,0.0,0
2014-10-21,1370.3617598874605,1424.834270399979,1367.1862136488041,1398.697265625,4996,0.0,0
2014-10-22,1392.3868396447701,1404.5596501887162,1371.9901510539055,1401.6690673828125,3056,0.0,0
2014-10-27,1413.4348798397414,1416.7732336724234,1400.4884838600967,1412.7427978515625,3283,0.0,0
2014-10-28,1404.5595987766912,1416.7731605051843,1385.0179000111025,1403.745361328125,2220,0.0,0
2014-10-29,1405.3738920189296,1441.973827027318,1405.3738920189296,1432.9765625,7418,0.0,0
2014-10-30,1437.0882906662882,1445.2306648435963,1412.7019197629372,1441.363037109375,2893,0.0,0
2014-10-31,1433.0579523159536,1485.0877467135422,1426.829015769372,1478.1259765625,11911,0.0,0
2014-11-03,1481.871482918948,1531.5807215334246,1441.2817638459371,1480.0802001953125,8555,0.0,0
2014-11-05,1495.7542606303346,1498.1969730864537,1469.698661098396,1478.6552734375,2770,0.0,0
2014-11-07,1477.8409807279206,1501.7795817821923,1465.7088227703734,1491.8458251953125,14162,0.0,0
2014-11-10,1498.1560602517468,1498.2375635068936,1472.263370639491,1482.6448974609375,4114,0.0,0
2014-11-11,1473.8106893499948,1500.6397763590035,1470.8387024696783,1485.41357421875,7855,0.0,0
2014-11-12,1494.125769553461,1502.2681443194197,1473.8919881388977,1492.45654296875,9947,0.0,0
2014-11-13,1492.3343764319018,1492.3343764319018,1477.8409106633028,1486.919677734375,4956,0.0,0
2014-11-14,1504.7109143248238,1504.7109143248238,1480.2837890922779,1490.2989501953125,8653,0.0,0
2014-11-17,1483.622144611776,1502.2682034384484,1483.622144611776,1497.7491455078125,2395,0.0,0
2014-11-18,1486.7977003596898,1520.9956759429904,1486.7977003596898,1507.39794921875,12683,0.0,0
2014-11-19,1513.6675739903606,1546.237075313445,1506.2986845583205,1514.4818115234375,3646,0.0,0
2014-11-20,1494.1664388471381,1533.9825697431827,1494.1664388471381,1530.3592529296875,1759,0.0,0
2014-11-21,1533.9826456477304,1542.9800094712014,1510.4105105905428,1538.0538330078125,1884,0.0,0
2014-11-24,1534.7559870801867,1546.2367137330123,1507.1533212847846,1533.4124755859375,857,0.0,0
2014-11-25,1533.4126192466924,1533.6569302300654,1449.2612018765535,1503.082275390625,21469,0.0,0
2014-11-26,1470.065071338693,1503.0824420969425,1457.525893211446,1490.7874755859375,4853,0.0,0
2014-11-27,1498.1562885067215,1498.3191956476219,1468.8844893551461,1473.851318359375,1820,0.0,0
2014-11-28,1474.6246310035453,1514.4001067114405,1469.6984551496532,1502.7158203125,25229,0.0,0
2014-12-01,1492.293845978259,1527.4688678199452,1486.0242567008768,1506.1766357421875,2277,0.0,0
2014-12-02,1495.7949290302206,1518.2678624971877,1495.6320219056763,1512.446044921875,2597,0.0,0
2014-12-03,1507.2757102546243,1518.3493199515087,1486.1461883026375,1517.290771484375,6389,0.0,0
2014-12-04,1597.5338063436686,1618.7039791086715,1547.1324905358383,1570.3382568359375,15088,0.0,0
2014-12-05,1595.864733933415,1595.9054855657369,1554.5015289440626,1562.5625,3485,0.0,0
2014-12-08,1569.2390224821727,1575.3865545837368,1558.491128605527,1559.6309814453125,5942,0.0,0
2014-12-09,1571.2747592308074,1571.2747592308074,1547.8654319459852,1557.351318359375,4824,0.0,0
2014-12-10,1550.1860587132646,1576.3638144571921,1547.9062533288916,1562.2774658203125,3438,0.0,0
2014-12-11,1567.4070228060161,1571.437458249831,1547.8653248593437,1555.1527099609375,2839,0.0,0
2014-12-12,1570.664118936124,1579.6207313302648,1538.9088568114435,1553.361572265625,4949,0.0,0
2014-12-15,1522.6241914936845,1563.3360682715906,1522.6241914936845,1562.4810791015625,1821,0.0,0
2014-12-16,1566.5929347414742,1568.1806580933194,1499.0112228997161,1531.21435546875,4453,0.0,0
2014-12-17,1534.145528354413,1534.145528354413,1499.0111621174121,1527.7537841796875,2648,0.0,0
2014-12-18,1520.1813117418792,1553.5650470291941,1520.1813117418792,1547.0511474609375,26338,0.0,0
2014-12-19,1555.152675691655,1571.4781752492092,1523.4381688555804,1561.42236328125,4222,0.0,0
2014-12-22,1562.9694341529132,1578.765560129073,1544.8119004539326,1563.742919921875,27278,0.0,0
2014-12-23,1573.9210363576822,1573.9210363576822,1553.646503387629,1560.64892578125,1488,0.0,0
2014-12-24,1551.1223388897256,1571.3968712296478,1551.1223388897256,1563.2137451171875,2735,0.0,0
2014-12-26,1567.3663798877944,1571.396915005377,1547.9468360852215,1555.03076171875,1940,0.0,0
2014-12-29,1547.0918836430437,1563.3358807714976,1531.5806206933266,1562.643798828125,1855,0.0,0
2014-12-30,1556.8628211583305,1565.778681851119,1547.0512197176943,1558.369140625,1001,0.0,0
2014-12-31,1556.6185885646012,1563.3360481464806,1540.1302786818062,1548.5576171875,1935,0.0,0
2015-01-01,1552.832252548163,1587.7630597413165,1529.219366018677,1578.521484375,2358,0.0,0
2015-01-02,1575.549486319818,1583.6104570589032,1569.8498240954052,1579.4171142578125,2514,0.0,0
2015-01-05,1579.6206267625976,1603.233512420389,1579.6206267625976,1597.656005859375,4064,0.0,0
2015-01-06,1604.006947123863,1604.006947123863,1580.4348138465882,1593.8289794921875,5219,0.0,0
2015-01-07,1593.4627670337068,1602.3786277865017,1575.5087906316155,1584.22119140625,4278,0.0,0
2015-01-08,1602.4193656117654,1602.4193656117654,1498.1969678483986,1538.0946044921875,14282,0.0,0
2015-01-09,1555.0308805894492,1560.0791135373584,1541.514458023585,1556.8629150390625,990,0.0,0
2015-01-12,1557.0663910201886,1571.3969509573872,1551.0002620865216,1564.4351806640625,2021,0.0,0
2015-01-13,1563.335922330097,1575.549484223301,1563.335922330097,1572.49609375,27418,0.0,0
2015-01-14,1548.7205093181597,1563.3360329939271,1537.3618363169012,1553.07666015625,2655,0.0,0
2015-01-15,1547.0510026706472,1555.1933763689137,1539.7636179683827,1548.3131103515625,2337,0.0,0
2015-01-16,1550.186108904034,1555.1936896159364,1533.2092762025175,1550.430419921875,1230,0.0,0
2015-01-19,1554.338670683278,1567.4072226086937,1542.9800970615452,1557.6771240234375,2571,0.0,0
2015-01-20,1553.1170512317417,1557.6361084499056,1543.7940729853744,1553.524169921875,1836,0.0,0
2015-01-21,1557.1069233548806,1558.2876272603412,1533.0055153990086,1539.96728515625,2063,0.0,0
2015-01-22,1528.4864213954083,1562.6843925058015,1528.4864213954083,1537.5245361328125,1550,0.0,0
2015-01-23,1522.6239011915766,1555.1933964042307,1494.1255928805044,1542.4505615234375,17003,0.0,0
2015-01-27,1522.6241168371237,1551.1224291843425,1518.5936809914215,1543.224365234375,61887,0.0,0
2015-01-28,1546.2370166983937,1551.122441711659,1501.4539540767973,1536.4254150390625,10445,0.0,0
2015-01-29,1545.178481611411,1546.2370301311717,1498.278420955472,1524.4561767578125,2845,0.0,0
2015-01-30,1514.522239738282,1548.6387055734092,1514.4814881126385,1526.654296875,5568,0.0,0
2015-02-02,1515.336565340882,1515.336565340882,1498.196828173924,1504.3443603515625,1478,0.0,0
2015-02-03,1507.1943011006788,1520.954834759822,1490.0545626847852,1513.9931640625,2634,0.0,0
2015-02-04,1503.4894774991376,1507.1127944567868,1487.4490392136458,1493.7186279296875,1814,0.0,0
2015-02-05,1482.848537311702,1482.848537311702,1465.6273955353183,1471.0013427734375,4532,0.0,0
2015-02-06,1466.4822686510208,1466.4822686510208,1437.1697230580835,1456.2635498046875,1802,0.0,0
2015-02-09,1441.2408876917618,1481.9120043162745,1441.2408876917618,1479.6728515625,19853,0.0,0
2015-02-10,1452.029490274614,1477.840774232171,1452.029490274614,1461.0675048828125,1477,0.0,0
2015-02-11,1438.7576276616721,1458.2179233193024,1402.6054636582217,1419.623046875,2531,0.0,0
2015-02-12,1409.4449643570085,1449.342597663475,1409.4449643570085,1445.027099609375,11584,0.0,0
2015-02-13,1441.9736299853487,1465.6272653307315,1418.401497892297,1452.029541015625,1544,0.0,0
2015-02-16,1446.0857419286563,1474.5840532842321,1445.271504461354,1467.947998046875,2429,0.0,0
2015-02-18,1474.5841293815145,1485.9427028788607,1465.6275167789763,1473.322021484375,2110,0.0,0
2015-02-19,1474.9504885643391,1474.9504885643391,1447.714283781815,1469.535888671875,1881,0.0,0
2015-02-20,1457.403502012144,1473.7289017961282,1451.0524107093229,1456.2635498046875,1350,0.0,0
2015-02-23,1449.3426920572917,1469.6172248755893,1449.3426920572917,1465.62744140625,3483,0.0,0
2015-02-24,1457.484989270633,1457.484989270633,1422.147065182658,1440.4674072265625,1903,0.0,0
2015-02-25,1433.1393946168205,1452.599690620003,1433.0579907461913,1440.9560546875,1143,0.0,0
2015-02-26,1441.2410963807486,1441.2410963807486,1385.8321959111022,1406.7174072265625,2340,0.0,0
2015-02-27,1401.3025886435355,1424.9562252635662,1363.0334302087615,1420.5999755859375,2158,0.0,0
2015-03-02,1352.4485471736627,1367.9598119907516,1335.3495589192094,1360.5501708984375,3870,0.0,0
2015-03-03,1361.852964203261,1421.6586685492014,1361.852964203261,1385.14013671875,5178,0.0,0
2015-03-04,1392.3051989336873,1397.0685672272941,1367.9188286216008,1377.1197509765625,2431,0.0,0
2015-03-05,1371.7865516350662,1394.7887597274778,1365.9647339558417,1384.8551025390625,1373,0.0,0
2015-03-09,1344.3062344543885,1383.3896380000037,1344.3062344543885,1379.6441650390625,1243,0.0,0
2015-03-10,1383.3893832749236,1383.3893832749236,1342.6775120778982,1356.6009521484375,2184,0.0,0
2015-03-11,1356.9675487403767,1361.4051033686667,1340.3163321876393,1341.8634033203125,1903,0.0,0
2015-03-12,1330.463993620107,1355.6646029459823,1330.463993620107,1344.3060302734375,2708,0.0,0
2015-03-13,1344.3468450972,1348.3365292753267,1311.7365939262597,1319.2275390625,3073,0.0,0
2015-03-16,1323.1357845761634,1323.1357845761634,1247.411705828112,1258.3631591796875,5938,0.0,0
2015-03-17,1285.6808624004796,1302.7798479042224,1268.8261878759045,1295.166748046875,3695,0.0,0
2015-03-18,1299.4415744216558,1324.7643393954224,1288.9378913724363,1320.8153076171875,13387,0.0,0
2015-03-19,1319.105324519318,1334.5350833149078,1284.8666024837855,1294.637451171875,2551,0.0,0
2015-03-20,1302.2913606196291,1302.8206348260212,1271.024623544058,1280.14404296875,1292,0.0,0
2015-03-23,1266.139217412521,1277.4977899267979,1226.322986773888,1260.3988037109375,3633,0.0,0
2015-03-24,1260.4395013192714,1282.423911226003,1257.3047071928952,1261.986572265625,3388,0.0,0
2015-03-25,1262.1089010715655,1282.4240873322487,1262.068149438086,1277.3758544921875,1486,0.0,0
2015-03-26,1262.9231329075053,1282.4240815647192,1250.9131296039627,1261.25390625,3531,0.0,0
2015-03-27,1274.2815255662397,1279.9404357144235,1254.7805796770808,1266.994140625,1918,0.0,0
2015-03-30,1259.7881525280072,1278.3528062878374,1249.8544953196372,1274.7701416015625,2575,0.0,0
2015-03-31,1278.3119719096073,1293.7824825766213,1256.8161839718646,1279.49267578125,6565,0.0,0
2015-04-01,1282.2206016210675,1282.2206016210675,1261.2539843854793,1267.116455078125,4090,0.0,0
2015-04-06,1270.1695385678004,1275.0957143868125,1259.5844528161856,1265.447021484375,7522,0.0,0
2015-04-07,1270.1290595960393,1272.6531758945926,1264.5108011287923,1269.8033447265625,4679,0.0,0
2015-04-08,1271.7981971189358,1363.8477843518342,1271.7981971189358,1340.397705078125,2315,0.0,0
2015-04-09,1351.6341221298276,1406.1880294688024,1343.4509962712946,1382.860107421875,2577,0.0,0
2015-04-10,1382.8600672652813,1407.8164634334444,1367.9188308665045,1395.1143798828125,1524,0.0,0
2015-04-13,1396.41716672516,1398.0456415551603,1356.5195333901554,1369.873046875,8153,0.0,0
2015-04-15,1378.5038922307804,1381.7608417694237,1351.6340585369733,1365.516845703125,1389,0.0,0
2015-04-16,1371.9901772384135,1400.4884895252646,1358.1481398419428,1393.4046630859375,1541,0.0,0
2015-04-17,1420.8443707152414,1429.0274969632958,1367.9189357029259,1378.05615234375,2051,0.0,0
2015-04-20,1386.890565915511,1392.345916591254,1298.2200955590151,1307.461669921875,2970,0.0,0
2015-04-21,1288.1237343392243,1319.0240079305686,1237.6410089732117,1302.7392578125,5271,0.0,0
2015-04-22,1294.637498329577,1433.0171081574954,1278.3527499229158,1410.9512939453125,28736,0.0,0
2015-04-23,1433.0579960030313,1434.727222631066,1376.264930536434,1387.94921875,4355,0.0,0
2015-04-24,1376.3462135015177,1404.9666789113573,1367.9188760191714,1385.6285400390625,2304,0.0,0
2015-04-27,1376.0613397145837,1385.0179519849153,1345.9345529871046,1348.1737060546875,1701,0.0,0
2015-04-28,1345.9344868747821,1363.8884621651912,1307.1768046512425,1359.41015625,1822,0.0,0
2015-04-29,1362.178537893007,1383.3894637786739,1332.0925030852916,1337.5072021484375,1841,0.0,0
2015-04-30,1315.929891477229,1341.0490972512077,1303.5941740735784,1319.9603271484375,2038,0.0,0
2015-05-04,1307.6653871107267,1331.2782739265492,1290.5664001061655,1294.23046875,4128,0.0,0
2015-05-05,1290.5665076322528,1330.4641473003792,1290.5665076322528,1321.3447265625,1903,0.0,0
2015-05-06,1327.1256923346696,1331.278283615727,1302.779971734045,1308.5203857421875,2037,0.0,0
2015-05-07,1323.950031648423,1323.950031648423,1278.4341404478414,1303.024169921875,11738,0.0,0
2015-05-08,1310.8814793925328,1357.3337634233455,1310.8814793925328,1347.318603515625,1896,0.0,0
2015-05-11,1330.9525010454554,1363.8477135373798,1329.690492648564,1357.578125,1296,0.0,0
2015-05-12,1363.8475680216584,1363.8475680216584,1331.2780738599472,1354.7281494140625,1036,0.0,0
2015-05-13,1343.491908482143,1354.1177478796476,1341.7006256951915,1347.97021484375,742,0.0,0
2015-05-14,1339.990401914914,1370.3614956158367,1333.8022177731498,1363.1961669921875,584,0.0,0
2015-05-15,1351.6750250290415,1367.919023677521,1336.1637606278641,1358.107421875,888,0.0,0
2015-05-18,1363.806870564621,1377.6896577601372,1341.8632127592825,1364.2139892578125,558,0.0,0
2015-05-19,1375.9798212977914,1390.717498564154,1368.7738400862993,1379.9696044921875,1529,0.0,0
2015-05-20,1379.3181831442662,1389.6997102015798,1363.847672235328,1383.2265625,952,0.0,0
2015-05-21,1384.2036447206056,1384.2036447206056,1362.21923389269,1381.557373046875,1173,0.0,0
2015-05-22,1371.9493070204112,1383.2672270863318,1365.4761592610287,1367.674560546875,412,0.0,0
2015-05-25,1363.2371405703511,1375.2471437499316,1353.0591717740963,1359.8173828125,902,0.0,0
2015-05-26,1364.7027609625688,1367.8375553653023,1344.3060724377292,1347.725830078125,707,0.0,0
2015-05-27,1339.4611932463824,1363.033324786531,1339.4204416211728,1347.8477783203125,949,0.0,0
2015-05-28,1344.3467917824876,1359.7765518193967,1335.3494281340181,1358.595947265625,1143,0.0,0
2015-05-29,1345.2422362571162,1359.7356012197713,1345.2014846325822,1356.071533203125,863,0.0,0
2015-06-01,1359.7358249242552,1363.8477639104503,1336.1636898967458,1342.1483154296875,1748,0.0,0
2015-06-02,1337.0593984309996,1357.333932356441,1336.1637570467424,1346.0567626953125,1400,0.0,0
2015-06-03,1341.8632135001324,1351.593310515097,1311.736430187326,1320.44873046875,764,0.0,0
2015-06-04,1321.5482439271989,1339.379966063837,1314.993592146733,1334.128173828125,398,0.0,0
2015-06-05,1323.2172636202743,1351.6341705793714,1317.680508582144,1340.1534423828125,686,0.0,0
2015-06-08,1331.278198398827,1340.2348101311738,1319.0646369456267,1328.9576416015625,3266,0.0,0
2015-06-09,1331.2783125714268,1331.2783125714268,1298.7088125696794,1308.2353515625,3663,0.0,0
2015-06-10,1298.708681030159,1314.9526777530693,1286.4951197665525,1291.0955810546875,3841,0.0,0
2015-06-11,1288.9378494720654,1303.349812200579,1278.3527629002797,1284.7445068359375,2351,0.0,0
2015-06-12,1290.5664279112223,1306.8511777902283,1287.309477935421,1297.5281982421875,3051,0.0,0
2015-06-15,1302.739170239239,1304.3676451415758,1290.566360101959,1298.2608642578125,24903,0.0,0
2015-06-16,1301.965770577117,1319.0647581831954,1294.7190369033144,1310.963134765625,1024,0.0,0
2015-06-17,1319.0647931878782,1327.20716845447,1310.9224179212865,1322.158935546875,2518,0.0,0
2015-06-18,1317.4363133467016,1327.2071636311023,1314.9936007756014,1317.59912109375,1715,0.0,0
2015-06-19,1319.0646605765887,1363.8477200406087,1311.7365235733853,1316.6219482421875,1461,0.0,0
2015-06-22,1319.0646481048173,1343.4103673530028,1300.3371870514773,1330.382568359375,3241,0.0,0
2015-06-23,1327.2071952411363,1351.634321533918,1310.9224443792818,1343.98046875,11620,0.0,0
2015-06-24,1346.667337390179,1347.562978705641,1327.2070424714168,1328.6319580078125,518,0.0,0
2015-06-25,1327.2069205339878,1351.5526379121957,1316.2147159774179,1330.952392578125,1092,0.0,0
2015-06-26,1321.548081000914,1343.4917396576354,1314.1791926105598,1330.708251953125,1847,0.0,0
2015-06-29,1319.0646654023071,1367.9189122690593,1319.0646654023071,1325.8228759765625,25069,0.0,0
2015-06-30,1320.7339058789755,1343.451051396603,1317.436204422948,1327.736328125,1887,0.0,0
2015-07-01,1335.2272093821487,1343.2067758323726,1329.731106813309,1341.7818603515625,319,0.0,0
2015-07-02,1331.278231070303,1356.519592026376,1331.278231070303,1344.3060302734375,71399,0.0,0
2015-07-03,1351.5121005812562,1363.8478186406421,1332.3368670064565,1360.3465576171875,1263,0.0,0
2015-07-06,1346.7487046435122,1373.618539742204,1328.8354812443845,1359.369384765625,2674,0.0,0
2015-07-07,1363.847880622339,1380.94686897641,1355.7055052156386,1363.2779541015625,1402,0.0,0
2015-07-08,1363.8070210818735,1383.389472143298,1358.2295142484274,1363.39990234375,4717,0.0,0
2015-07-09,1356.5196091778146,1388.2748701369592,1356.5196091778146,1371.1351318359375,1311,0.0,0
2015-07-10,1376.8755193457791,1384.2036563499848,1359.735781372699,1378.870361328125,1015,0.0,0
2015-07-13,1376.5496911062276,1385.0177797146598,1360.7128138648231,1382.127197265625,724,0.0,0
2015-07-14,1383.3893308774868,1393.9744169877913,1361.4049212637774,1367.4302978515625,1170,0.0,0
2015-07-15,1375.247061695687,1383.3894362468752,1363.0334998689048,1376.10205078125,758,0.0,0
2015-07-16,1380.1324542055504,1398.0456777999586,1378.8296941866188,1388.030517578125,1537,0.0,0
2015-07-17,1387.0534240692768,1402.931053520026,1385.0585821780226,1390.5953369140625,1855,0.0,0
2015-07-20,1396.4172582354843,1402.1169205139965,1373.6186091214356,1378.951904296875,2233,0.0,0
2015-07-21,1384.1629435206935,1393.1603072968687,1371.9901331357241,1388.234130859375,1917,0.0,0
2015-07-22,1391.3689870706655,1412.7019683918634,1384.2444094202742,1394.54443359375,5054,0.0,0
2015-07-23,1400.4070728954653,1416.7732264950982,1392.346101900355,1403.0533447265625,1765,0.0,0
2015-07-24,1409.4449519393056,1416.7730886045015,1403.745290088598,1410.4219970703125,1787,0.0,0
2015-07-27,1416.7730863939576,1419.1343947501236,1371.582910362426,1394.7479248046875,1651,0.0,0
2015-07-28,1399.6742346984618,1424.101359213269,1399.6742346984618,1415.958984375,1240,0.0,0
2015-07-29,1407.0430287481727,1415.958888836813,1399.6741402590462,1401.7911376953125,2936,0.0,0
2015-07-30,1407.8165964784434,1414.3304962886389,1393.1603219055044,1407.613037109375,3726,0.0,0
2015-07-31,1392.4274424762054,1427.3582489377238,1392.4274424762054,1417.098876953125,2008,0.0,0
2015-08-03,1427.35836714564,1429.801079696374,1401.302766604476,1427.68408203125,7800,0.0,0
2015-08-04,1441.719887384049,1441.8047797549077,1344.7401887696994,1371.6248779296875,125416,70.0,0
2015-08-05,1386.636216162314,1464.6610063072271,1371.3704963513528,1453.4661865234375,20768,0.0,0
2015-08-06,1441.7623182810314,1446.0027956877404,1390.8765894005244,1409.3651123046875,3107,0.0,0
2015-08-07,1418.8637035807512,1418.8637035807512,1390.8765534204615,1405.845458984375,9113,0.0,0
2015-08-10,1391.0038821358614,1424.7580215772323,1387.4842650368207,1397.703857421875,1047,0.0,0
2015-08-11,1406.9902518988383,1413.7750150183022,1379.0031040310494,1388.3321533203125,1269,0.0,0
2015-08-12,1398.339824300117,1412.9270246806268,1360.0058477086222,1369.8013916015625,1310,0.0,0
2015-08-13,1374.7626984245114,1376.458889292401,1335.8350973009904,1342.4078369140625,2379,0.0,0
2015-08-14,1344.2313335611086,1374.7627707902568,1337.446569732409,1345.969970703125,1694,0.0,0
2015-08-17,1356.9528058190213,1367.1299518626638,1335.750418228099,1344.316162109375,874,0.0,0
2015-08-18,1352.712278543307,1356.9527559055118,1337.44656003937,1346.3515625,50767,0.0,0
2015-08-19,1348.471764623979,1352.669795687841,1335.7503328822434,1342.8319091796875,885,0.0,0
2015-08-20,1343.0864854551332,1345.0794892135173,1263.8743435059546,1270.743896484375,8337,0.0,0
2015-08-21,1225.6251241658974,1284.8645688977413,1225.4978891466906,1272.8216552734375,4008,0.0,0
2015-08-24,1261.9662460803784,1272.1433932261878,1212.7767015422992,1231.81640625,5049,0.0,0
2015-08-25,1231.4345814209394,1272.1431626249373,1177.1140269659443,1267.4786376953125,3973,0.0,0
2015-08-26,1268.750922764068,1268.750922764068,1225.5828392453145,1237.4561767578125,2073,0.0,0
2015-08-27,1264.510460665148,1272.1433205886801,1242.459976441611,1266.7579345703125,1255,0.0,0
2015-08-28,1263.6622464411957,1272.1432011152979,1233.9789050818388,1269.4716796875,23766,0.0,0
2015-08-31,1263.6623675685964,1272.0585342062213,1246.785245443934,1267.3515625,492,0.0,0
2015-09-01,1268.750847997314,1271.2951344572018,1229.73845561237,1243.3079833984375,1870,0.0,0
2015-09-02,1243.3079339965732,1271.29508394329,1240.7636476377807,1245.3433837890625,1260,0.0,0
2015-09-03,1243.3079707263903,1263.7470510403791,1235.675111424523,1245.9794921875,1073,0.0,0
2015-09-04,1238.2192579560535,1257.7254517457723,1233.9787810452453,1251.746337890625,433,0.0,0
2015-09-07,1239.0675188021503,1289.020364187584,1239.0675188021503,1255.6478271484375,2428,0.0,0
2015-09-08,1250.9408801557306,1259.4218352754303,1246.7004025958806,1256.0718994140625,771,0.0,0
2015-09-09,1250.0928019776534,1280.5394519850086,1248.396610930194,1269.5989990234375,2184,0.0,0
2015-09-10,1259.464221416253,1331.4251014706726,1259.4217752317645,1287.79052734375,2709,0.0,0
2015-09-11,1273.8819783513839,1302.6323350370794,1261.9661943127167,1294.3634033203125,2308,0.0,0
2015-09-14,1272.2279976082807,1272.2279976082807,1259.4217766788206,1265.6129150390625,713,0.0,0
2015-09-15,1271.2101435837128,1283.1682673392536,1217.0168298954586,1237.795166015625,2113,0.0,0
2015-09-16,1255.1389974799788,1272.9490044509635,1242.502456308113,1259.6763916015625,254,0.0,0
2015-09-18,1271.2527188662366,1309.4594628692882,1255.1813504187478,1262.0509033203125,707,0.0,0
2015-09-21,1261.9660392992423,1272.143184777462,1255.1812756470958,1259.4217529296875,1849,0.0,0
2015-09-22,1270.4468001701105,1284.8644207327886,1263.6620375523796,1269.513916015625,76024,0.0,0
2015-09-23,1270.4895484376486,1306.0246682755574,1251.068140121022,1295.635498046875,3022,0.0,0
2015-09-24,1312.0036856814065,1323.8770222034102,1272.1431987861083,1313.1910400390625,2875,0.0,0
2015-09-28,1297.628562374787,1348.1325873296885,1287.8330179298991,1330.23779296875,3321,0.0,0
2015-09-29,1310.3076281103133,1331.5100169146874,1301.8266725885637,1316.2867431640625,530,0.0,0
2015-09-30,1328.9231879704369,1373.9146951707369,1314.5480108115075,1360.85400390625,2126,0.0,0
2015-10-01,1365.4336359281406,1371.3703039104369,1339.9907731468709,1345.079345703125,350,0.0,0
2015-10-05,1365.391220500236,1365.4336666834038,1334.0541352130397,1356.6982421875,1185,0.0,0
2015-10-06,1365.3912238998153,1365.3912238998153,1339.9908066653911,1343.0015869140625,857,0.0,0
2015-10-07,1339.990892243605,1349.5319666345802,1324.8099620627304,1334.478271484375,617,0.0,0
2015-10-08,1339.9482984265444,1373.914560927038,1323.028836448259,1326.166748046875,1089,0.0,0
2015-10-09,1323.0288841049687,1338.718649717752,1314.5479297196805,1322.7744140625,678,0.0,0
2015-10-12,1335.7503102022058,1356.9526960784312,1314.5479243259804,1351.652099609375,3310,0.0,0
2015-10-13,1365.4337135314943,1372.2184773254396,1349.319899520874,1356.9527587890625,3932,0.0,0
2015-10-14,1346.775575623898,1361.1931982848594,1318.4916130503502,1357.0799560546875,3815,0.0,0
2015-10-15,1348.5143476133974,1360.7692866902821,1348.471901425708,1358.6490478515625,779,0.0,0
2015-10-16,1356.9529362233825,1433.2815388859476,1340.8391201057298,1420.8145751953125,6545,0.0,0
2015-10-19,1433.2814107441184,1458.7242760236,1396.0076545205918,1447.4022216796875,8154,0.0,0
2015-10-20,1481.1988430130316,1481.3260780479775,1429.0409679226786,1434.5535888671875,929,0.0,0
2015-10-21,1441.7623800899235,1441.7623800899235,1399.3576042049256,1401.1810302734375,1067,0.0,0
2015-10-23,1415.47126460466,1418.8636463053303,1374.8474730336793,1381.6746826171875,1213,0.0,0
2015-10-26,1414.6232686106266,1414.6232686106266,1375.6108763108132,1384.13427734375,1020,0.0,0
2015-10-27,1374.8051899628308,1380.6994120122915,1366.2817891595832,1373.4906005859375,676,0.0,0
2015-10-28,1367.1722662013658,1369.1652697372544,1345.927434473158,1361.8292236328125,301,0.0,0
2015-10-29,1376.4589167468698,1396.813207567526,1349.8286988843895,1391.3853759765625,973,0.0,0
2015-10-30,1377.307176945766,1399.357661305735,1356.9528836904099,1359.666748046875,1052,0.0,0
2015-11-02,1373.0242303389816,1376.4590586800596,1358.394582303103,1369.8438720703125,243,0.0,0
2015-11-03,1378.1550864116273,1378.1550864116273,1366.3665391208667,1369.3773193359375,159,0.0,0
2015-11-04,1382.395604633345,1393.4208456518934,1363.7375044481098,1387.7386474609375,1231,0.0,0
2015-11-05,1378.1550850723097,1381.54746682018,1352.7122219632824,1365.1368408203125,719,0.0,0
2015-11-06,1358.649044960935,1380.6570826491065,1335.750465551481,1355.9351806640625,1135,0.0,0
2015-11-09,1333.2060625177285,1380.2753605264652,1326.972581595,1368.656494140625,1405,0.0,0
2015-11-10,1355.2566532119874,1388.3323787910033,1355.2566532119874,1368.444580078125,504,0.0,0
2015-11-13,1373.9147238462417,1386.6361564744477,1359.9211479552152,1378.239990234375,438,0.0,0
2015-11-16,1381.5475938848115,1428.192847208117,1356.9528239507051,1364.96728515625,3097,0.0,0
2015-11-17,1364.967237300641,1567.2804567143748,1356.952776376082,1468.35009765625,48135,0.0,0
2015-11-18,1453.6358017513483,1485.863433295427,1424.8005524750672,1429.8466796875,6822,0.0,0
2015-11-19,1434.1294751242858,1476.534249669652,1399.3575599970854,1419.4150390625,1991,0.0,0
2015-11-20,1429.0409912954328,1467.0780557292037,1405.3367622572634,1435.740966796875,6164,0.0,0
2015-11-23,1441.7622564663689,1474.0746722146598,1424.8427937499239,1447.6141357421875,2400,0.0,0
2015-11-24,1448.5470288257168,1453.6356015265096,1433.1965218837802,1440.1085205078125,754,0.0,0
2015-11-26,1435.0624381254665,1469.7495663104967,1403.5981143934632,1424.758056640625,3779,0.0,0
2015-11-27,1417.2099662071316,1444.3065748648833,1402.7498971382954,1423.4010009765625,1445,0.0,0
2015-11-30,1409.5346000481693,1441.6774374454565,1409.5346000481693,1433.1116943359375,1252,0.0,0
2015-12-01,1433.238963137679,1441.7623644087737,1430.82191164398,1436.0377197265625,1519,0.0,0
2015-12-02,1428.235272255149,1463.8128371706014,1413.7752025280374,1439.3028564453125,5604,0.0,0
2015-12-03,1416.4043033657051,1458.7242904032087,1416.4043033657051,1446.087646484375,3715,0.0,0
2015-12-04,1446.8508239148975,1462.9646373113706,1420.5598652153888,1430.6522216796875,1110,0.0,0
2015-12-07,1430.737138524784,1430.737138524784,1368.8261657255491,1391.1734619140625,4660,0.0,0
2015-12-08,1373.999223211926,1407.7958014016697,1340.0754100172496,1356.4012451171875,2038,0.0,0
2015-12-09,1364.5855174314538,1369.6740899016768,1351.0584370256865,1356.7830810546875,2283,0.0,0
2015-12-10,1356.9526257671482,1378.1550105447598,1346.7754810738945,1366.7481689453125,1244,0.0,0
2015-12-11,1373.0664779642834,1394.2688633559494,1353.8147534395598,1365.0943603515625,492,0.0,0
2015-12-14,1342.5775436177905,1373.9146290863494,1339.9908110842173,1357.84326171875,1506,0.0,0
2015-12-15,1356.9951853670054,1377.3070302707397,1319.297279965211,1365.603271484375,2659,0.0,0
2015-12-16,1357.9704221870484,1362.889417313216,1350.9312919177903,1357.3343505859375,2192,0.0,0
2015-12-17,1363.6526296937784,1390.9612604698366,1349.4470315840983,1382.013916015625,1665,0.0,0
2015-12-18,1390.028394027552,1390.028394027552,1356.9526726321433,1358.35205078125,778,0.0,0
2015-12-21,1356.952717974257,1399.2727015715343,1356.952717974257,1383.667724609375,2190,0.0,0
2015-12-22,1400.2057552159013,1400.2057552159013,1362.0839015953482,1370.4376220703125,599,0.0,0
2015-12-23,1390.7068518251538,1411.5699775620653,1349.6590145420384,1397.3643798828125,4220,0.0,0
2015-12-24,1403.5556033184232,1416.319481977094,1376.1197346574372,1409.6195068359375,993,0.0,0
2015-12-28,1412.0790280816782,1507.6593509138906,1412.0790280816782,1475.7286376953125,9763,0.0,0
2015-12-29,1454.4837732586097,1462.9222820190805,1430.7370994094895,1439.8541259765625,2725,0.0,0
2015-12-30,1441.7623222100794,1450.2432770466094,1413.011864608787,1424.206787109375,1712,0.0,0
2015-12-31,1436.673583001844,1448.504472218372,1433.4932253062968,1440.3204345703125,2864,0.0,0
2016-01-01,1438.3699594348657,1458.6818051280006,1435.8256729500163,1446.9781494140625,339,0.0,0
2016-01-04,1456.1799523925781,1456.1799523925781,1440.0661381261489,1441.7623291015625,725,0.0,0
2016-01-05,1433.323854491583,1449.3952229548618,1425.6485487344194,1441.8048095703125,3024,0.0,0
2016-01-06,1448.5470795609604,1450.2432705206338,1421.5352592336199,1437.309814453125,2092,0.0,0
2016-01-07,1433.2813986064214,1454.398997315014,1423.9523480829475,1447.190185546875,5086,0.0,0
2016-01-08,1449.352665042251,1468.901306402689,1435.1895125634817,1462.0740966796875,2395,0.0,0
2016-01-11,1461.2686655226169,1474.8806408172466,1454.4839009699872,1467.4173583984375,2092,0.0,0
2016-01-12,1463.8128662109375,1471.4457258841117,1462.964770691696,1463.8128662109375,1488,0.0,0
2016-01-13,1458.7241650132273,1459.699495480174,1409.4498403772475,1442.6103515625,1514,0.0,0
2016-01-14,1421.1536030735522,1455.7559412529602,1421.111260414471,1445.281982421875,1850,0.0,0
2016-01-15,1457.8761620189296,1457.8761620189296,1424.8004375752191,1426.7510986328125,395,0.0,0
2016-01-18,1426.7509075456758,1433.281200599036,1371.3702374962375,1392.9542236328125,1234,0.0,0
2016-01-19,1391.7246164804014,1424.8003386271018,1369.6741350492675,1382.862060546875,1224,0.0,0
2016-01-20,1382.8621560167203,1391.7247125620986,1365.4337521175983,1368.953369140625,998,0.0,0
2016-01-21,1365.4338156600027,1381.547630875866,1357.2073303554505,1370.607177734375,643,0.0,0
2016-01-22,1408.6866770503707,1526.571955864339,1408.6866770503707,1438.03076171875,9921,0.0,0
2016-01-25,1487.5595300220566,1487.5595300220566,1419.245395028887,1427.1751708984375,1127,0.0,0
2016-01-27,1437.521858233947,1445.5787654039896,1423.1042348770281,1428.6593017578125,741,0.0,0
2016-01-28,1424.842753330101,1456.0526027036487,1424.842753330101,1434.256591796875,1301,0.0,0
2016-01-29,1429.2104958034502,1458.72426062705,1425.733324957412,1439.4725341796875,1550,0.0,0
2016-02-01,1440.06612168798,1445.918001191815,1429.0408804736435,1434.595947265625,880,0.0,0
2016-02-02,1444.2641651251893,1450.6673274494271,1428.1927970913976,1429.80419921875,740,0.0,0
2016-02-03,1416.4467668439001,1445.9604291029545,1416.4467668439001,1424.7156982421875,611,0.0,0
2016-02-04,1420.6445607852563,1441.7621566080875,1407.8383411584853,1407.965576171875,696,0.0,0
2016-02-05,1415.4714002261217,1433.281405861082,1415.4714002261217,1431.20361328125,280,0.0,0
2016-02-08,1454.441327598757,1454.441327598757,1438.539537069044,1441.974365234375,1700,0.0,0
2016-02-09,1429.04088958815,1436.631302753982,1395.1170702507459,1409.1954345703125,1499,0.0,0
2016-02-10,1414.877752676533,1415.0473303642555,1370.1407154114959,1380.699462890625,839,0.0,0
2016-02-11,1370.9464174669743,1429.040960984752,1350.1680770847033,1395.6259765625,2004,0.0,0
2016-02-12,1390.9612799484905,1399.3574453259005,1356.9526742554187,1359.708984375,954,0.0,0
2016-02-15,1373.0666841000414,1386.5514239390322,1356.9528687832403,1363.8648681640625,855,0.0,0
2016-02-16,1373.066671047531,1486.626683879773,1334.4358780206712,1342.28076171875,1465,0.0,0
2016-02-17,1356.868132027228,1399.3576996568036,1346.7757739727297,1395.15966796875,509,0.0,0
2016-02-18,1375.0594275926694,1408.6439840313276,1375.0594275926694,1388.1201171875,954,0.0,0
2016-02-19,1388.120233313404,1388.120233313404,1367.9779662957205,1371.921630859375,673,0.0,0
2016-02-22,1376.4589996373822,1396.4740327775462,1350.2528279221935,1384.388671875,1199,0.0,0
2016-02-23,1388.9259523288792,1388.9259523288792,1348.4718385823223,1354.1116943359375,2601,0.0,0
2016-02-24,1348.4716601259136,1356.9526139631835,1323.0287986141038,1332.06103515625,1026,0.0,0
2016-02-25,1335.7503516038116,1347.623688062512,1273.4577813796116,1292.751953125,1424,0.0,0
2016-02-26,1301.7417306926639,1314.547951319417,1255.1812696469271,1288.2994384765625,1358,0.0,0
2016-02-29,1280.6666387648079,1314.5480122502815,1242.502341634961,1282.9989013671875,6153,0.0,0
2016-03-01,1289.9531410079535,1363.5254191029173,1287.4513009159218,1338.7186279296875,4783,0.0,0
2016-03-02,1363.7374821899864,1395.117013807542,1346.4363143224193,1385.7879638671875,2354,0.0,0
2016-03-03,1390.0283619873946,1406.9478238233737,1361.1083295239835,1397.6187744140625,1368,0.0,0
2016-03-04,1400.2056516027785,1406.9479693258709,1369.6742140148317,1394.5657958984375,1176,0.0,0
2016-03-08,1377.0951071463533,1423.104289325069,1377.0951071463533,1392.912109375,853,0.0,0
2016-03-09,1398.5095338191734,1412.927157879165,1375.3141416987032,1410.849365234375,527,0.0,0
2016-03-10,1411.569980575769,1436.6735832854565,1408.7288817393064,1431.6697998046875,1471,0.0,0
2016-03-11,1441.7198357570921,1456.6039524903942,1431.585136421418,1439.3875732421875,912,0.0,0
2016-03-14,1441.7622397868001,1441.7622397868001,1389.7739482000484,1394.608154296875,1385,0.0,0
2016-03-15,1392.5728290848008,1399.951218619708,1348.4718625120786,1352.41552734375,1759,0.0,0
2016-03-16,1362.8895958113044,1362.8895958113044,1340.8391107515072,1352.9669189453125,539,0.0,0
2016-03-17,1357.8008629093513,1385.7880137375892,1348.683836503183,1352.3306884765625,1183,0.0,0
2016-03-18,1364.5856987218292,1392.5728510262545,1355.2142017665544,1390.028564453125,588,0.0,0
2016-03-21,1392.5726961766384,1393.4207916067096,1357.0374769512073,1361.2779541015625,1091,0.0,0
2016-03-22,1361.277980904757,1375.610814660622,1357.800810278456,1373.0665283203125,555,0.0,0
2016-03-23,1361.1931920299467,1384.0917690921326,1356.9527147962085,1365.17919921875,583,0.0,0
2016-03-28,1365.433762365108,1365.433762365108,1348.471852273616,1355.6806640625,2441,0.0,0
2016-03-29,1364.5857422391107,1365.4338377905333,1351.27068349269,1358.309814453125,1158,0.0,0
2016-03-30,1364.5009555658162,1364.5009555658162,1351.8643111240049,1363.9072265625,406,0.0,0
2016-03-31,1356.9528311633378,1423.9523772020275,1340.839016293273,1403.8948974609375,3726,0.0,0
2016-04-01,1402.7498039597403,1403.8947120543742,1354.4083657338,1365.6456298828125,1778,0.0,0
2016-04-04,1356.952839973316,1364.4584646639612,1335.7504518487328,1342.2384033203125,3002,0.0,0
2016-04-05,1335.7503623324924,1365.3064686919809,1335.7503623324924,1357.3343505859375,1442,0.0,0
2016-04-06,1365.433765811507,1382.3956759458117,1352.712333210779,1375.526123046875,626,0.0,0
2016-04-07,1367.2146779771697,1396.8132304015162,1365.4336982067036,1385.44873046875,1377,0.0,0
2016-04-08,1373.957073776442,1395.9651092704946,1373.8721814097075,1393.67529296875,561,0.0,0
2016-04-11,1393.6753822462513,1397.6613897015986,1375.6109066116462,1389.986083984375,788,0.0,0
2016-04-12,1393.7601314226627,1407.8384956739462,1382.4804201367726,1396.6436767578125,1664,0.0,0
2016-04-13,1411.0612760935855,1441.804736700177,1411.0612760935855,1434.7655029296875,3875,0.0,0
2016-04-18,1448.377461100165,1448.5045925967372,1395.117025054938,1416.06494140625,1544,0.0,0
2016-04-20,1416.404097064202,1462.8797660745215,1416.404097064202,1444.0096435546875,5214,0.0,0
2016-04-21,1484.1672837616115,1568.9768428337038,1435.3169984415454,1455.9256591796875,17300,0.0,0
2016-04-22,1450.6248111312675,1454.526132996436,1375.8228343632074,1403.3011474609375,7407,0.0,0
2016-04-25,1412.0789364796037,1440.0660865719922,1389.1803591312857,1398.1278076171875,3619,0.0,0
2016-04-26,1356.9527017931173,1425.9876912022971,1344.612871750276,1416.5738525390625,12992,0.0,0
2016-04-27,1407.8385607729062,1415.4714204397471,1403.5980831802167,1407.541748046875,461,0.0,0
2016-04-28,1407.8384629552666,1433.2813267436147,1399.4422971996562,1402.9619140625,1462,0.0,0
2016-04-29,1388.3324481983848,1415.4290602510837,1376.5015564068779,1385.53369140625,2496,0.0,0
2016-05-02,1390.0285185739644,1482.4709276798594,1371.1159475936802,1442.5679931640625,5384,0.0,0
2016-05-03,1457.8337146915342,1475.6861663330858,1436.461749555554,1453.169189453125,3465,0.0,0
2016-05-04,1457.876098736372,1458.7241941981151,1428.2775464160825,1449.98876953125,1223,0.0,0
2016-05-05,1435.1048647320436,1462.9647820499729,1424.8004833877997,1459.784423828125,1589,0.0,0
2016-05-06,1462.0742280645852,1467.1204585172648,1442.610477321166,1459.5723876953125,993,0.0,0
2016-05-09,1444.391376448298,1471.403196503424,1444.391376448298,1465.04248046875,2345,0.0,0
2016-05-10,1466.3146795307034,1472.5482643039575,1446.8509291340974,1457.7913818359375,1081,0.0,0
2016-05-11,1451.0913343376783,1467.2051481029712,1441.974308128368,1455.755859375,1245,0.0,0
2016-05-12,1458.681928902501,1459.572470658677,1441.9744876452153,1444.0947265625,1268,0.0,0
2016-05-13,1445.9603512492533,1467.2051844934376,1441.9743438930448,1449.2679443359375,504,0.0,0
2016-05-16,1437.6912699817203,1451.0912186130172,1437.6912699817203,1441.889404296875,1245,0.0,0
2016-05-17,1457.8762422813195,1457.8762422813195,1433.2814714691274,1436.3345947265625,16693,0.0,0
2016-05-18,1444.985180071015,1462.116668065509,1433.3238667381258,1437.0130615234375,753,0.0,0
2016-05-19,1422.2984071199833,1443.458345569212,1416.3192932435863,1429.549560546875,781,0.0,0
2016-05-20,1437.5218128263875,1441.7622901503594,1433.281335502416,1437.6490478515625,390,0.0,0
2016-05-23,1441.7622263016656,1446.0027034378468,1420.5173944384874,1422.3408203125,1242,0.0,0
2016-05-24,1429.0409508796938,1433.2814284787435,1399.3576076863471,1401.0113525390625,1505,0.0,0
2016-05-25,1406.990310120068,1425.6059632885049,1406.990310120068,1414.6231689453125,259,0.0,0
2016-05-26,1422.25615251978,1446.0028265034139,1413.7751975256251,1418.1004638671875,1264,0.0,0
2016-05-27,1426.496555342726,1429.0408417077842,1404.44607351222,1414.7080078125,655,0.0,0
2016-05-30,1424.8005095643214,1424.8005095643214,1395.965261156472,1414.53857421875,2814,0.0,0
2016-05-31,1413.8176755895124,1415.7258905062226,1401.0537966246031,1407.541748046875,1426,0.0,0
2016-06-01,1378.1976528370083,1412.0790271219025,1378.1976528370083,1401.5626220703125,3885,0.0,0
2016-06-02,1406.990281453092,1420.5598079770518,1395.1169457446272,1398.5941162109375,1127,0.0,0
2016-06-03,1390.8766237075897,1417.1675842776722,1390.8766237075897,1401.520263671875,1353,0.0,0
2016-06-06,1406.947988498011,1406.947988498011,1386.59369649535,1386.6785888671875,5729,0.0,0
2016-06-07,1393.9295610976778,1432.7723713371226,1386.9327741362056,1412.036376953125,2847,0.0,0
2016-06-08,1411.2309700642088,1417.9309454953316,1390.02858169185,1403.5556640625,2563,0.0,0
2016-06-09,1403.5981322854898,1416.1075416215688,1388.332412417732,1403.3861083984375,621,0.0,0
2016-06-10,1405.294107984461,1423.9097610034005,1398.5941334750976,1413.6478271484375,72193,0.0,0
2016-06-13,1403.9373533016253,1423.8675981463819,1390.3678248966846,1408.51708984375,27141,0.0,0
2016-06-14,1415.4713372535455,1458.7242061570391,1407.838478035282,1421.6624755859375,68766,0.0,0
2016-06-15,1424.8852430591626,1446.8509374337484,1424.8852430591626,1441.04150390625,11619,0.0,0
2016-06-16,1441.7622991464561,1441.7622991464561,1411.2308622233547,1430.1434326171875,1520,0.0,0
2016-06-17,1417.1676940472062,1451.9396123332237,1417.1676940472062,1440.4478759765625,79032,0.0,0
2016-06-20,1425.6484053175504,1447.6988863040206,1417.2946861108232,1431.9666748046875,1973,0.0,0
2016-06-21,1440.914172291051,1458.554599095519,1418.8636905491044,1448.5894775390625,632,0.0,0
2016-06-22,1454.4836275392809,1454.4836275392809,1429.0407652499641,1442.9071044921875,2187,0.0,0
2016-06-23,1441.762233440526,1450.243187754882,1431.6275344457802,1440.65966796875,2104,0.0,0
2016-06-24,1434.9776229114336,1440.0661960423254,1409.5347572569756,1432.984619140625,4978,0.0,0
2016-06-27,1408.6867123870468,1453.466198959935,1408.6867123870468,1441.5504150390625,1612,0.0,0
2016-06-28,1440.9141983884294,1446.8508666572457,1422.2560981150066,1442.483154296875,3046,0.0,0
2016-06-29,1441.762364924251,1441.8048111106034,1424.8004547486714,1433.1541748046875,1428,0.0,0
2016-06-30,1441.7621692823666,1449.3525816450335,1438.4122338881773,1441.889404296875,1375,0.0,0
2016-07-01,1441.7624396791134,1466.3572107089337,1437.5219619153513,1445.7908935546875,2838,0.0,0
2016-07-04,1457.8761527904533,1479.0785401201574,1450.2432933517598,1469.9190673828125,2902,0.0,0
2016-07-05,1483.2340237376425,1483.2340237376425,1446.0026160271498,1449.5645751953125,1637,0.0,0
2016-07-07,1454.4837300146,1484.1670714434695,1451.1337943213964,1470.2159423828125,1757,0.0,0
2016-07-08,1483.3190811484023,1484.1671766779325,1462.9647884396763,1479.460205078125,2180,0.0,0
2016-07-11,1482.4711414380045,1488.4078107687058,1458.724464115199,1471.0218505859375,3242,0.0,0
2016-07-12,1470.6399775992463,1482.3860790449446,1460.4203858691,1465.0001220703125,4006,0.0,0
2016-07-13,1464.6607855153245,1488.4074571971016,1442.61030466796,1481.0714111328125,3834,0.0,0
2016-07-14,1491.7999724064869,1618.166200882079,1471.8697283180545,1587.0411376953125,26840,0.0,0
2016-07-15,1587.0411547273084,1653.7862293416185,1563.8881061056127,1639.1141357421875,15424,0.0,0
2016-07-18,1638.5205313715953,1653.7862506079766,1597.006297414683,1634.7041015625,5103,0.0,0
2016-07-19,1628.3433205053839,1628.3433205053839,1590.179023931039,1610.9149169921875,2806,0.0,0
2016-07-20,1610.533379020915,1636.8243399212035,1594.4195642755767,1627.580078125,1402,0.0,0
2016-07-21,1627.4952285245145,1649.5457110370926,1615.6218917869726,1628.64013671875,1304,0.0,0
2016-07-22,1628.3432507372547,1628.6400634368817,1586.786574025731,1600.1865234375,4457,0.0,0
2016-07-25,1648.6975247644966,1648.6975247644966,1598.659894126068,1611.5509033203125,14240,0.0,0
2016-07-26,1623.4667814508236,1647.001431149275,1611.2966319518555,1615.537109375,1559,0.0,0
2016-07-27,1630.0394159462164,1642.676058554688,1607.140839343434,1635.594482421875,1350,0.0,0
2016-07-28,1653.7014802025788,1665.6596063656325,1628.3009571846542,1657.4754638671875,3234,0.0,0
2016-07-29,1666.5076221522493,1754.667106096414,1666.5076221522493,1727.8673095703125,8983,0.0,0
2016-08-01,1728.5458274263356,1772.5195574646802,1728.5458274263356,1761.409423828125,7565,0.0,0
2016-08-02,1755.3535244096702,1772.907059653767,1668.9901095810592,1756.231201171875,10819,70.0,0
2016-08-03,1757.1089563159521,1757.1089563159521,1699.1822874264153,1751.8428955078125,3771,0.0,0
2016-08-04,1737.7999405426722,1746.5767079191503,1724.6787161701468,1734.903564453125,11712,0.0,0
2016-08-05,1734.2893418088747,1825.567728219868,1729.0232810543944,1766.587890625,8618,0.0,0
2016-08-08,1781.6839165568294,1814.1579583856978,1771.151794882602,1789.5830078125,2306,0.0,0
2016-08-09,1746.5767682235612,1788.7052530852352,1729.0232328645304,1732.9727783203125,4241,0.0,0
2016-08-10,1738.7216814959716,1754.2565181257498,1729.0233099225652,1730.2958984375,1648,0.0,0
2016-08-11,1833.4668353334637,1843.7795377342143,1784.9312654346181,1803.055419921875,20863,0.0,0
2016-08-12,1806.302770496495,1825.392240784484,1800.2905987411475,1808.10205078125,4377,0.0,0
2016-08-16,1823.7244092178037,1823.7244092178037,1765.007921122796,1802.616455078125,3689,0.0,0
2016-08-17,1777.3832692949218,1799.2374430799887,1760.224752108518,1778.5242919921875,3452,0.0,0
2016-08-18,1778.5243023197625,1786.5550665277992,1772.8194030768693,1775.5841064453125,3005,0.0,0
2016-08-19,1775.5400926135744,1775.5400926135744,1742.1883755995775,1762.5943603515625,2380,0.0,0
2016-08-22,1777.2955246972283,1777.2955246972283,1743.1978023547674,1760.3125,2281,0.0,0
2016-08-23,1767.641220451606,1793.0499230441915,1750.394848486771,1780.3236083984375,2788,0.0,0
2016-08-24,1793.9712604338142,1834.344390560994,1786.0282430643529,1820.9158935546875,3658,0.0,0
2016-08-25,1799.2373450300506,1843.1211827137104,1799.2373450300506,1836.1876220703125,3962,0.0,0
2016-08-26,1851.8982086665706,2101.6412066290304,1834.476236964454,2005.40380859375,24713,0.0,0
2016-08-29,2018.6564568982812,2062.4524395351527,1996.7145388885174,2018.568603515625,6643,0.0,0
2016-08-30,1993.248072717452,2080.0941550266457,1987.9380848672374,2063.681640625,4484,0.0,0
2016-08-31,2063.418117755521,2066.0511481056983,2013.9609453007363,2035.5518798828125,5243,0.0,0
2016-09-01,2018.7004992262662,2041.476168569745,1976.5280875404408,1983.7689208984375,1278,0.0,0
2016-09-02,1963.670386558859,2009.8799870125124,1963.670386558859,1987.7625732421875,2358,0.0,0
2016-09-06,1987.93803025947,2062.5405611963597,1927.729313698599,1939.3148193359375,3623,0.0,0
2016-09-07,1973.8950582318178,1986.9723564107705,1930.8888964473094,1965.55712890625,2068,0.0,0
2016-09-08,1980.0386874653548,1987.060101250693,1940.6748007206854,1979.1610107421875,2539,0.0,0
2016-09-09,1979.160902418059,2017.1204186174298,1935.277068661561,1952.12841796875,1631,0.0,0
2016-09-12,1930.8887435328766,1930.8887435328766,1895.7816754686426,1913.7740478515625,3152,0.0,0
2016-09-14,1901.0478045838586,2216.1337518809987,1901.0038778918786,2050.779541015625,15204,0.0,0
2016-09-15,2062.5405810761376,2071.273422808784,2018.6567389255817,2039.018798828125,2379,0.0,0
2016-09-16,2051.877054538759,2064.340023834502,1995.968863820119,2013.7418212890625,1947,0.0,0
2016-09-19,2023.0888956954589,2092.381434316354,1968.1901704926274,2046.083984375,3021,0.0,0
2016-09-20,2053.763649794847,2053.763649794847,1983.5495079215189,1994.7838134765625,1684,0.0,0
2016-09-21,2017.778868316392,2060.7850294940795,1995.7490959616903,2043.8458251953125,1896,0.0,0
2016-09-22,2052.6668848667337,2052.6668848667337,1978.2837663237276,1992.107177734375,6337,0.0,0
2016-09-23,2071.7559926882914,2071.7559926882914,1961.607559270634,2003.9993896484375,4280,0.0,0
2016-09-26,2051.130677258378,2051.130677258378,1974.7727958200044,1985.6998291015625,944,0.0,0
2016-09-27,2014.2682253729909,2014.2682253729909,1982.6718610534144,1985.5682373046875,1102,0.0,0
2016-09-28,2031.2073463945326,2038.843091268035,1975.6503652364818,2034.015869140625,2132,0.0,0
2016-09-29,2053.763645519015,2083.4730899479355,1735.6497425117761,1963.845703125,4230,0.0,0
2016-09-30,1995.2667364268964,1996.7148175069867,1923.9115662470465,1991.580322265625,1447,0.0,0
2016-10-03,1996.7147589999558,2035.3325389542408,1979.1612226570992,2018.8760986328125,762,0.0,0
2016-10-04,2053.7637048991805,2053.7637048991805,1994.213248514449,2005.623046875,1802,0.0,0
2016-10-05,2044.9870452980708,2046.742398985022,2009.8799715590483,2034.805908203125,1064,0.0,0
2016-10-06,2061.662660314997,2097.6474066210485,2034.4546814006655,2066.094970703125,1102,0.0,0
2016-10-07,2040.5984950386146,2062.540414340105,2034.4547576341974,2049.419189453125,567,0.0,0
2016-10-10,2062.5403317171404,2062.5403317171404,1998.469929923374,2002.9461669921875,971,0.0,0
2016-10-13,2044.9869929772356,2053.7637611874384,1998.4701214631611,2022.2552490234375,1141,0.0,0
2016-10-14,2044.9870576302992,2087.115546371181,2028.9694551402765,2075.486328125,1125,0.0,0
2016-10-17,2035.332351126566,2096.769722656906,2018.6125664476424,2052.57861328125,1276,0.0,0
2016-10-18,2029.1888559693164,2066.1391366783487,2029.1888559693164,2033.0068359375,599,0.0,0
2016-10-19,2070.439679419681,2071.317356265556,2027.4774406694028,2033.5333251953125,459,0.0,0
2016-10-20,2036.2980607340287,2060.7851581203176,1993.3795359874744,2052.359375,1748,0.0,0
2016-10-21,2060.873007568208,2075.7056599775055,2053.7637396817604,2066.70947265625,6420,0.0,0
2016-10-24,2053.7639108698954,2080.0942174195093,2036.2103731701527,2063.111083984375,551,0.0,0
2016-10-25,2042.8368088832303,2071.2734533048438,2042.8368088832303,2054.378173828125,2956,0.0,0
2016-10-26,2032.699384619851,2102.0358489484206,2032.699384619851,2081.5859375,1181,0.0,0
2016-10-27,2045.996214617538,2093.259196655158,2045.864648806362,2091.284423828125,897,0.0,0
2016-10-28,2063.593554098254,2088.8706876273745,2063.4619882949487,2082.419677734375,262,0.0,0
2016-11-01,2080.7083179941537,2172.2500498175336,2080.7083179941537,2161.366943359375,4597,0.0,0
2016-11-02,2081.849252404838,2150.351965643874,2065.7877250136894,2099.227294921875,5144,0.0,0
2016-11-03,2086.237751615941,2105.063876102724,1986.7969274151988,2020.850830078125,2640,0.0,0
2016-11-04,2060.784935226432,2172.249878486124,2030.6805809238208,2079.4794921875,7147,0.0,0
2016-11-07,2087.115478109567,2140.653764133404,2053.763758947177,2060.0390625,1517,0.0,0
2016-11-08,2033.5770398429322,2062.5403727366815,1996.7146161599787,2000.181396484375,2326,0.0,0
2016-11-09,1930.8453654931377,2106.4246823956446,1843.121597096189,2060.2587890625,2035,0.0,0
2016-11-10,2036.210288709188,2080.0941311382653,2001.9808916145078,2010.187255859375,1466,0.0,0
2016-11-11,2002.0246530619884,2040.5985045178859,1983.5495140689989,2005.7987060546875,2143,0.0,0
2016-11-15,1966.8737470178478,2031.8218314798382,1950.1978874938231,2016.3746337890625,2208,0.0,0
2016-11-16,2053.76388458212,2106.4244970073028,1813.8508254310939,1965.9522705078125,16100,0.0,0
2016-11-17,1962.3975577455428,2102.036028479597,1962.3975577455428,2064.427490234375,1959,0.0,0
2016-11-18,2058.1522200981112,2088.870909950322,2023.9228228342195,2072.151123046875,1552,0.0,0
2016-11-21,2053.763582547722,2092.9517634869976,2002.858331356368,2018.700439453125,2073,0.0,0
2016-11-22,2048.4098224276913,2048.4098224276913,2009.8798961552536,2023.48388671875,1183,0.0,0
2016-11-23,2026.555972718902,2027.433649623501,1961.6078817785822,1975.4752197265625,821,0.0,0
2016-11-24,1940.5431808867584,1991.4484294129602,1903.6807595401986,1916.758056640625,1360,0.0,0
2016-11-25,1917.7677537999143,1957.1753568018637,1908.947059016731,1931.1083984375,2594,0.0,0
2016-11-28,1954.586317826372,1970.384500907142,1908.9471222597033,1951.68994140625,732,0.0,0
2016-11-29,1948.39846659363,1948.39846659363,1924.92061343128,1929.3968505859375,688,0.0,0
2016-11-30,1908.9472893396346,1964.2409349618863,1908.9472893396346,1957.307373046875,551,0.0,0
2016-12-01,1957.219032501435,1957.219032501435,1922.1119646538757,1944.668212890625,32123,0.0,0
2016-12-02,1965.9960150855732,1965.9960150855732,1915.1786145134051,1931.810546875,1496,0.0,0
2016-12-05,1909.824772646931,1939.6657847195393,1905.085403498968,1931.1962890625,2283,0.0,0
2016-12-06,1910.7024461331844,1944.1420188432028,1910.7024461331844,1926.5445556640625,4255,0.0,0
2016-12-07,1935.36525051435,1977.0109729621684,1926.5006288804004,1948.6180419921875,2113,0.0,0
2016-12-08,1987.9378365181587,1987.9378365181587,1922.1560070348214,1948.4423828125,990,0.0,0
2016-12-09,1948.4423966318402,1979.5120680567004,1948.4423966318402,1959.544921875,218,0.0,0
2016-12-12,1944.0981191986693,1988.7717844579408,1926.5006557746617,1961.8271484375,2152,0.0,0
2016-12-13,1935.4086723369048,2018.656392313128,1935.4086723369048,2008.5631103515625,168,0.0,0
2016-12-14,1984.427076017042,2018.656468305704,1974.7726320381887,1975.386962890625,650,0.0,0
2016-12-15,1976.5720357192188,2016.8133875257495,1974.7727554644841,1976.1771240234375,2123,0.0,0
2016-12-16,2016.8574747966156,2016.9014014944348,1965.9961441895273,2000.050048828125,2285,0.0,0
2016-12-19,1974.7727438010402,2009.8798148019475,1970.3843599259267,1982.9351806640625,2593,0.0,0
2016-12-20,1969.5069065846515,1999.303993621737,1969.5069065846515,1974.81689453125,2092,0.0,0
2016-12-21,1980.0828705455212,1980.0828705455212,1957.2193460912488,1957.6142578125,2286,0.0,0
2016-12-22,1931.8543075568189,2008.0804018646124,1930.8887774574732,1957.1312255859375,470,0.0,0
2016-12-23,1950.241772309682,1974.7727959642364,1944.0541080270148,1949.62744140625,27,0.0,0
2016-12-26,1930.8890411153552,1973.8952061220155,1930.8890411153552,1945.3267822265625,347,0.0,0
2016-12-27,1931.0644387771217,2211.745520277126,1931.0644387771217,2089.3974609375,37994,0.0,0
2016-12-28,2071.317150679656,2097.51588763934,2018.6565451539022,2029.846923828125,6007,0.0,0
2016-12-29,2002.9023474228634,2102.035897302551,2002.9023474228634,2076.627197265625,1766,0.0,0
2016-12-30,2076.6270786945083,2128.366079292516,2049.463026640909,2110.988037109375,2542,0.0,0
2017-01-02,2119.5893687085263,2132.7545200669647,2072.458169700629,2106.906982421875,4545,0.0,0
2017-01-03,2106.4244242132745,2121.432783946423,2081.0157224515165,2106.8193359375,2632,0.0,0
2017-01-04,2081.8490894097904,2138.0203970498524,2081.8490894097904,2107.126220703125,2149,0.0,0
2017-01-05,2084.613864222322,2125.733106009131,2084.613864222322,2106.906982421875,2482,0.0,0
2017-01-06,2107.9601556193657,2137.0989811585855,2102.0797641902377,2118.84326171875,2601,0.0,0
2017-01-09,2102.913637916366,2148.157920352058,2102.913637916366,2127.7080078125,5983,0.0,0
2017-01-10,2115.2010970037068,2150.3081691531456,2106.863167368215,2124.2412109375,1225,0.0,0
2017-01-11,2124.2410762510963,2156.4517700505917,2124.2410762510963,2153.423828125,1528,0.0,0
2017-01-12,2148.640470573073,2154.6963542491435,2141.5751300999614,2151.492919921875,443,0.0,0
2017-01-13,2149.386800528294,2154.6967886264583,2141.5316351317956,2152.151611328125,1368,0.0,0
2017-01-16,2152.063702089785,2153.8190558435285,2150.308348336041,2152.019775390625,439,0.0,0
2017-01-17,2150.3082856294495,2176.6385911677694,2150.3082856294495,2172.162353515625,573,0.0,0
2017-01-18,2176.6382713567277,2189.803422191547,2137.142818852271,2146.489990234375,656,0.0,0
2017-01-19,2117.131746728038,2176.6382713567277,2117.131746728038,2146.489990234375,629,0.0,0
2017-01-20,2118.8433252396835,2167.8616594027953,2115.2010522917963,2121.564208984375,864,0.0,0
2017-01-23,2172.205912245594,2191.8659989497664,2117.6144641991555,2159.87451171875,880,0.0,0
2017-01-24,2143.1109991594167,2211.7452739316714,2143.1109991594167,2158.9091796875,1684,0.0,0
2017-01-25,2138.0203704338423,2179.183320590778,2132.8421637858505,2144.339599609375,1171,0.0,0
2017-01-27,2128.980707715643,2150.3082981814932,2106.4244553614626,2117.9658203125,1064,0.0,0
2017-01-30,2139.161633836344,2141.487391565635,2112.2169998594563,2121.476318359375,1626,0.0,0
2017-01-31,2095.93594198991,2128.4099807529096,2093.3905509263436,2109.14501953125,1431,0.0,0
2017-02-01,2074.038130063722,2202.968766165746,2073.994203368446,2158.07568359375,3058,0.0,0
2017-02-02,2137.1868746848163,2202.9687061424024,2137.1868746848163,2198.580322265625,3612,0.0,0
2017-02-03,2211.745250742505,2243.648884018393,2194.2356436961004,2216.484619140625,1757,0.0,0
2017-02-06,2216.484784170154,2411.8557149094668,2194.1918803761523,2308.50927734375,6152,0.0,0
2017-02-07,2308.2898367189964,2368.63011286897,2281.959534399008,2322.8154296875,1847,0.0,0
2017-02-08,2367.3577697808187,2431.16483282677,2295.256489223281,2330.451416015625,3048,0.0,0
2017-02-09,2301.7511977521644,2377.626309742647,2301.7072710594653,2349.9794921875,631,0.0,0
2017-02-10,2378.5041787430505,2420.457173533389,2369.7274105558067,2397.286376953125,2723,0.0,0
2017-02-13,2413.611149976492,2437.308423085352,2353.095378726029,2379.908447265625,2258,0.0,0
2017-02-14,2387.324619326262,2395.004290672054,2369.7271581300247,2374.3349609375,445,0.0,0
2017-02-15,2413.6112077207567,2421.5102989460247,2353.1830741368317,2395.3994140625,2898,0.0,0
2017-02-16,2394.3903156328797,2433.797920741321,2387.2810473914146,2420.457275390625,2861,0.0,0
2017-02-17,2432.042530036399,2447.796786500519,2389.914041605599,2395.79443359375,937,0.0,0
2017-02-20,2365.426940419218,2474.609853753429,2365.426940419218,2450.86865234375,3593,0.0,0
2017-02-21,2418.4381775071056,2439.1514336002906,2391.669037817769,2416.594970703125,2800,0.0,0
2017-02-22,2387.412380184921,2414.0499558648203,2387.412380184921,2392.546875,397,0.0,0
2017-02-23,2393.424391720507,2413.6109560804525,2369.727120515354,2378.4599609375,387,0.0,0
2017-02-27,2396.0137254533147,2402.508662307126,2369.727348278647,2370.780517578125,681,0.0,0
2017-02-28,2380.127851948144,2394.302246177317,2358.844190119038,2361.301513671875,1508,0.0,0
2017-03-01,2369.727120535714,2425.371738322122,2361.081919218699,2419.096435546875,1102,0.0,0
2017-03-02,2428.8388936804085,2428.8388936804085,2369.727277546542,2400.97265625,1562,0.0,0
2017-03-03,2385.3937128187167,2422.387700137373,2378.942703341431,2396.18896484375,771,0.0,0
2017-03-06,2419.403475371187,2422.3874901919753,2375.870628967274,2397.988037109375,793,0.0,0
2017-03-07,2404.8346363370065,2404.8346363370065,2378.50433009974,2382.497802734375,1679,0.0,0
2017-03-08,2381.1373085085947,2387.2810464959007,2369.727509389313,2374.730224609375,209,0.0,0
2017-03-09,2369.7270954055325,2413.6109305056348,2369.7270954055325,2369.902587890625,1026,0.0,0
2017-03-10,2392.5906767600927,2396.101383656745,2334.620086273812,2349.760009765625,1915,0.0,0
2017-03-14,2369.727129483513,2412.0311042730586,2329.44185399291,2345.41552734375,1612,0.0,0
2017-03-15,2326.896580534789,2352.1297873552726,2295.124724715265,2312.76611328125,3643,0.0,0
2017-03-16,2343.397026863572,2343.397026863572,2312.064008348461,2313.950927734375,2723,0.0,0
2017-03-17,2337.0778399972824,2576.0692769346733,2313.950970467109,2484.35205078125,54225,0.0,0
2017-03-20,2509.2779036737024,2518.9323482138952,2435.2897085694603,2484.088623046875,6155,0.0,0
2017-03-21,2510.067675292359,2720.7100972793924,2509.277851920529,2538.109619140625,31747,0.0,0
2017-03-22,2545.2626992031874,2579.4481674285526,2450.4736055776893,2478.33984375,4277,0.0,0
2017-03-23,2492.601890487545,2571.592795467784,2461.9710586002693,2519.151611328125,4018,0.0,0
2017-03-24,2545.262767584946,2545.262767584946,2488.169847822253,2492.9970703125,1328,0.0,0
2017-03-27,2487.3360071882958,2489.969037541706,2445.426940729848,2465.569580078125,1673,0.0,0
2017-03-28,2536.485809499728,2589.146414541245,2467.149346195064,2549.914306640625,6092,0.0,0
2017-03-29,2549.914242672163,2553.9953537498795,2496.9902930778057,2514.982666015625,4604,0.0,0
2017-03-30,2494.7523923580684,2553.9955767155425,2439.502680320003,2484.35205078125,3311,0.0,0
2017-03-31,2486.4581984609226,2541.751832948405,2486.4581984609226,2517.61572265625,1066,0.0,0
2017-04-03,2615.4766810171504,2615.4766810171504,2484.7028469662932,2514.19287109375,1445,0.0,0
2017-04-05,2466.5351482957158,2545.2627142216734,2466.4912216005027,2519.020263671875,994,0.0,0
2017-04-06,2507.5664518243248,2567.204545329751,2499.623434221925,2536.52978515625,995,0.0,0
2017-04-07,2562.7719360453707,2591.7352660009255,2511.0329394800715,2565.185546875,2319,0.0,0
2017-04-10,2569.0037551667315,2588.224790140631,2511.033163397611,2553.293212890625,1384,0.0,0
2017-04-11,2538.59218650967,2624.209597694081,2538.59218650967,2602.574951171875,1933,0.0,0
2017-04-12,2604.0667370429346,2641.806834681238,2583.0464231903957,2627.193603515625,1806,0.0,0
2017-04-13,2623.7707458118475,2719.920277669646,2600.556238378561,2710.968017578125,3919,0.0,0
2017-04-17,2655.849858706846,2834.7204241016325,2655.849858706846,2796.49755859375,4065,0.0,0
2017-04-18,2842.79499219546,2842.79499219546,2701.489035497878,2724.396484375,3672,0.0,0
2017-04-19,2724.30859607397,2730.540186627413,2611.08829681703,2649.75,4946,0.0,0
2017-04-20,2662.081434954476,2696.6178864857225,2646.151473383114,2652.470703125,10016,0.0,0
2017-04-21,2650.5840063631913,2709.081080925447,2650.5840063631913,2689.640625,5204,0.0,0
2017-04-24,2716.7168742458894,2725.142442667353,2673.930131731765,2700.041015625,2729,0.0,0
2017-04-25,2720.754239957348,2720.79816665406,2663.9246653473965,2676.958251953125,1889,0.0,0
2017-04-26,2710.5290857825644,2713.9519393160017,2676.914024197173,2685.251953125,1726,0.0,0
2017-04-27,2676.9140756184097,2703.244378001542,2676.9140756184097,2698.94384765625,1119,0.0,0
2017-04-28,2685.6469490270388,2685.6908757201877,2655.147681729236,2675.378173828125,883,0.0,0
2017-05-02,2698.8561596834593,2698.8561596834593,2681.302623685518,2691.044921875,770,0.0,0
2017-05-03,2689.991355447852,2719.920218000621,2681.3024414301053,2694.68701171875,789,0.0,0
2017-05-04,2719.042839388651,2737.4740529545525,2668.313075385285,2677.08984375,835,0.0,0
2017-05-05,2729.575040915267,2729.575040915267,2650.58412333251,2664.626953125,1769,0.0,0
2017-05-08,2655.0162159233982,2655.8499660184225,2633.030369482904,2640.183349609375,703,0.0,0
2017-05-09,2659.360876150706,2659.360876150706,2606.9196839559854,2611.22021484375,380,0.0,0
2017-05-10,2611.2200370157216,2641.8071591033404,2611.2200370157216,2632.591552734375,530,0.0,0
2017-05-11,2611.088399792457,2659.3166956156656,2606.8755084265563,2631.494384765625,631,0.0,0
2017-05-12,2646.195341006344,2675.9047840280946,2633.0301900560635,2638.691162109375,338,0.0,0
2017-05-15,2685.6910029555183,2703.2445389225477,2633.03039505443,2649.53076171875,820,0.0,0
2017-05-16,2655.8939516570154,2668.0935735957487,2609.77199247265,2627.676513671875,507,0.0,0
2017-05-17,2703.113076890586,2703.113076890586,2591.077500713844,2596.475341796875,810,0.0,0
2017-05-18,2611.088424907872,2640.0517586967662,2596.606758013425,2612.053955078125,215,0.0,0
2017-05-19,2632.9864289998727,2694.4677306606495,2589.3220089346064,2600.29296875,4107,0.0,0
2017-05-22,2673.403451013162,2673.403451013162,2591.8673644982023,2633.995849609375,6019,0.0,0
2017-05-23,2640.929362437542,2669.015018668184,2609.0257266024264,2666.952392578125,4358,0.0,0
2017-05-24,2654.270105455423,2681.302593442661,2650.583905792745,2671.47265625,3311,0.0,0
2017-05-25,2659.3607557404666,2763.2776051716455,2654.972371655086,2720.885986328125,1177,0.0,0
2017-05-26,2719.9202208485485,2799.7888042939235,2719.9202208485485,2747.259765625,476,0.0,0
2017-05-29,2775.521081158576,2790.5731513041833,2720.7978515625,2720.7978515625,822,0.0,0
2017-05-30,2729.6187366361496,2746.2067422142377,2719.0426884882995,2743.52978515625,429,0.0,0
2017-05-31,2743.5298394841575,2765.4280471937127,2720.7980959415936,2723.299560546875,1076,0.0,0
2017-06-01,2764.6379171833732,2764.6379171833732,2712.0212373274294,2719.656982421875,721,0.0,0
2017-06-02,2720.754055953959,2748.8836392427725,2697.9783866642024,2707.6767578125,5066,0.0,0
2017-06-05,2762.75112764734,2782.191583434948,2720.7542062396237,2720.885986328125,1826,0.0,0
2017-06-06,2774.9067297701695,2774.9067297701695,2695.1259954889524,2723.957763671875,196,0.0,0
2017-06-07,2755.9051942265264,2755.9051942265264,2720.798121688609,2720.9296875,915,0.0,0
2017-06-08,2703.2445239805097,2759.1964195661453,2703.2445239805097,2721.500244140625,1248,0.0,0
2017-06-09,2703.2440831587382,2764.637521997249,2698.8556999068574,2725.88818359375,1415,0.0,0
2017-06-12,2763.8040379330764,2782.2352493641956,2730.057410334741,2762.35595703125,1035,0.0,0
2017-06-13,2729.706490001751,2782.235533658582,2729.706490001751,2780.3046875,460,0.0,0
2017-06-14,2731.32993235645,2852.361465435022,2731.32993235645,2809.61865234375,9792,0.0,0
2017-06-15,2851.484215104964,2937.935384310029,2813.2176332410518,2890.76025390625,4468,0.0,0
2017-06-16,2896.3334234070194,2908.9718835439894,2836.6514013489355,2844.375,1129,0.0,0
2017-06-19,2877.9022754778384,2877.9022754778384,2808.5658071146945,2818.30810546875,828,0.0,0
2017-06-20,2817.3426122074266,3062.6532851395064,2810.803962707306,2982.916259765625,4778,0.0,0
2017-06-21,2975.3243911858694,3022.6750123141783,2895.4558013339774,2923.365966796875,1680,0.0,0
2017-06-22,2898.088634148357,3035.0062074152083,2884.923482872698,2888.8291015625,1642,0.0,0
2017-06-23,2921.785801378678,2949.9593098061036,2854.2486206184594,2904.583251953125,802,0.0,0
2017-06-27,2874.435081942647,2968.916891762712,2817.868862215954,2932.97607421875,1042,0.0,0
2017-06-28,2874.3478494820947,2925.560381037057,2836.65167041772,2887.732421875,3644,0.0,0
2017-06-29,2873.82099852337,3014.556339094678,2817.342413037373,2839.854736328125,1527,0.0,0
2017-06-30,2819.0976905363464,3203.520102882212,2812.997880045072,3130.936279296875,16758,0.0,0
2017-07-03,3206.1532481433946,3400.9974915290595,3206.1532481433946,3268.55615234375,31961,0.0,0
2017-07-04,3236.871939742294,3263.1143895518167,3160.7774063569173,3188.99462890625,4967,0.0,0
2017-07-05,3162.971679199339,3289.357137780154,3161.4796715019615,3186.756591796875,2553,0.0,0
2017-07-06,3186.8003782286405,3291.1999856268276,3137.694406525875,3175.215087890625,5580,0.0,0
2017-07-07,3159.6363793900186,3238.583362180855,3159.6363793900186,3205.05615234375,1238,0.0,0
2017-07-10,3205.275597569667,3247.4040829703636,3046.460027232144,3181.40283203125,628,0.0,0
2017-07-11,3221.02994551172,3243.8495424265398,3167.5795138334024,3178.3310546875,933,0.0,0
2017-07-12,3235.994384469311,3235.994384469311,3146.602916046942,3182.631591796875,1401,0.0,0
2017-07-13,3164.200250630281,3209.4884577055586,3164.156323936438,3192.329833984375,2401,0.0,0
2017-07-14,3175.478635408429,3196.4989522196897,3142.082989826054,3169.115478515625,1492,0.0,0
2017-07-17,3169.334872922357,3169.5542921238402,3122.8180022078686,3135.983154296875,717,0.0,0
2017-07-18,2896.333485099504,3070.991171019141,2865.658723317172,2879.306640625,23024,0.0,0
2017-07-19,2943.727867504768,2950.2225898500606,2860.3485748950625,2933.85400390625,5697,0.0,0
2017-07-20,2956.6296022613387,2973.5688062621207,2940.304943402098,2961.544677734375,2076,0.0,0
2017-07-21,2984.1010124258482,3006.042931634862,2959.6139162992113,2975.455810546875,2345,0.0,0
2017-07-24,3013.0178110383044,3069.562381218648,2938.9264296200076,2994.7529296875,4495,75.0,0
2017-07-25,2964.82011491447,2979.8088687123663,2893.6457207014064,2900.19775390625,1819,0.0,0
2017-07-26,2882.0229366011486,2943.9077835307053,2832.2547832928317,2863.713134765625,1651,0.0,0
2017-07-27,2878.9708969152375,2890.0555142546878,2788.9932368829295,2803.398681640625,1173,0.0,0
2017-07-28,2827.2285469235403,2849.442485506511,2775.1716403452656,2799.360107421875,1196,0.0,0
2017-07-31,2845.179068742693,2845.179068742693,2765.9717965608183,2782.800537109375,1554,0.0,0
2017-08-01,2822.740913507537,2822.740913507537,2693.4961785170485,2707.54248046875,3330,0.0,0
2017-08-02,2759.9135068704536,2773.3764995868946,2582.202003013429,2678.41748046875,2510,0.0,0
2017-08-03,2683.623300605704,2727.2881873956303,2635.1565252770392,2637.93896484375,2213,0.0,0
2017-08-04,2625.2834241014116,2643.14423906356,2598.357440264474,2604.1015625,1876,0.0,0
2017-08-07,2604.1015667310658,2629.771092347007,2592.0747149140466,2604.236328125,3370,0.0,0
2017-08-08,2629.726279423293,2674.6029210596375,2598.357550744334,2624.11669921875,1292,0.0,0
2017-08-09,2602.979487386509,2607.198066562454,2469.1125669101802,2499.404296875,2185,0.0,0
2017-08-10,2499.6287048238146,2522.0670235385705,2423.428262118186,2429.037841796875,2406,0.0,0
2017-08-11,2429.666286338881,2461.0350148587895,2333.6751941902953,2353.196533203125,4607,0.0,0
2017-08-14,2325.5076202182804,2460.81069769721,2325.5076202182804,2419.2548828125,1667,0.0,0
2017-08-16,2383.8472348821697,2630.354542963046,2383.8472348821697,2523.189208984375,8467,0.0,0
2017-08-17,2543.6079197629974,2671.057575587396,2513.181645916577,2583.009521484375,8732,0.0,0
2017-08-18,2601.5887427125854,2629.726265393926,2508.649174554696,2520.720947265625,4745,0.0,0
2017-08-21,2513.0917570490665,2569.142634734122,2468.215118530333,2476.921142578125,1520,0.0,0
2017-08-22,2454.9766329683785,2513.0469622915293,2434.1089950133414,2454.0341796875,1191,0.0,0
2017-08-23,2436.891676034819,2472.6133103253937,2405.388183445223,2442.052490234375,1196,0.0,0
2017-08-24,2450.354310193536,2464.624993628591,2405.4327510988064,2416.023681640625,1178,0.0,0
2017-08-28,2409.336928168095,2482.5756913097835,2409.336928168095,2427.646728515625,1187,0.0,0
2017-08-29,2409.8758161247088,2468.215454131452,2409.8758161247088,2433.256591796875,1558,0.0,0
2017-08-30,2459.1505295911074,2473.6008982501844,2414.3637214415803,2433.2119140625,718,0.0,0
2017-08-31,2423.3834264087573,2456.547218804161,2423.3385059449156,2443.039306640625,604,0.0,0
2017-09-01,2467.3175775210852,2509.4117766614117,2450.2644549409106,2464.759521484375,1005,0.0,0
2017-09-04,2459.240152446868,2464.5804293910187,2425.6275890786014,2451.252197265625,1830,0.0,0
2017-09-05,2427.9160063204167,2479.8830665362575,2427.9160063204167,2446.2705078125,582,0.0,0
2017-09-06,2445.7767470346503,2467.90084170218,2437.6989522738018,2441.154541015625,633,0.0,0
2017-09-07,2459.2398724273994,2481.678192431299,2382.9495844141406,2436.442626953125,76800,0.0,0
2017-09-08,2450.26484567892,2459.1952543135967,2408.0807988851802,2420.466796875,676,0.0,0
2017-09-11,2423.3387966180608,2494.2438947413298,2414.3634677416976,2451.566162109375,1859,0.0,0
2017-09-12,2424.2358892701877,2510.802876737502,2423.6076601877753,2487.78125,722,0.0,0
2017-09-13,2496.038826740456,2566.001467757185,2468.2153087149422,2544.81982421875,1196,0.0,0
2017-09-14,2526.5997850264202,2593.8698254285196,2513.091872387493,2548.858642578125,868,0.0,0
2017-09-15,2581.3042416515887,2581.3042416515887,2501.4238252722457,2525.926513671875,999,0.0,0
2017-09-18,2526.5550049521416,2545.403195042371,2508.604347723352,2531.6708984375,1085,0.0,0
2017-09-19,2523.099244148979,2549.038073554599,2522.067169078225,2540.107666015625,453,0.0,0
2017-09-20,2540.0180626076067,2571.3867930895203,2515.1564455369667,2555.231201171875,1887,0.0,0
2017-09-21,2574.438257107837,2598.3574182304624,2513.0918034698775,2525.20849609375,2890,0.0,0
2017-09-22,2520.765900294428,2566.450234176951,2513.0919506915775,2544.81982421875,1073,0.0,0
2017-09-25,2575.8296371972438,2575.8296371972438,2515.021781920621,2535.6650390625,999,0.0,0
2017-09-26,2513.1814363332905,2602.75502575613,2511.520913165214,2564.520263671875,6924,0.0,0
2017-09-27,2580.3621521424416,2584.894737086139,2516.0540078781723,2552.000244140625,1966,0.0,0
2017-09-28,2531.4912684451283,2557.968486108355,2526.5099175683895,2552.179443359375,509,0.0,0
2017-09-29,2527.0035366268726,2584.8944008117182,2527.0035366268726,2559.13525390625,519,0.0,0
2017-10-03,2590.279990768529,2590.279990768529,2513.496006122388,2536.024169921875,1314,0.0,0
2017-10-04,2515.3807845351,2572.2842807504676,2515.3807845351,2552.807861328125,579,0.0,0
2017-10-05,2583.9968842426624,2583.9968842426624,2513.989327114866,2552.8974609375,779,0.0,0
2017-10-06,2548.9934094915675,2583.54842578221,2548.9934094915675,2576.3232421875,1374,0.0,0
2017-10-09,2550.7880306909874,2710.548857384512,2550.7880306909874,2688.69384765625,2648,0.0,0
2017-10-10,2726.704751895076,2727.602284729801,2648.709236207149,2694.079345703125,875,0.0,0
2017-10-11,2697.0862014395034,2726.7047853488225,2665.67255183871,2687.572265625,1901,0.0,0
2017-10-12,2714.8572519347763,2728.4997066431483,2667.063630428609,2698.74658203125,621,0.0,0
2017-10-13,2737.2955671824047,2737.2955671824047,2688.1107260987264,2692.643310546875,845,0.0,0
2017-10-16,2732.987495206557,2733.077336140163,2692.329213768294,2697.086181640625,892,0.0,0
2017-10-17,2722.037526983623,2769.3374618459557,2692.5984072396263,2759.509521484375,972,0.0,0
2017-10-18,2772.478975094832,2800.930722629813,2755.4258509359447,2785.08935546875,1149,0.0,0
2017-10-19,2804.790171541909,2804.790171541909,2701.12512680172,2720.870849609375,830,0.0,0
2017-10-23,2715.9793112813063,2809.2778067575623,2715.0368579685705,2791.3720703125,1445,0.0,0
2017-10-24,2775.261188716143,2808.3800605533283,2692.598332265895,2702.51611328125,11415,0.0,0
2017-10-25,2743.0397293367328,2768.8887180824113,2712.3890715334182,2756.053955078125,627,0.0,0
2017-10-26,2720.960549466265,2809.277690158954,2706.465263136759,2774.588134765625,641,0.0,0
2017-10-27,2739.270191888344,2826.420717163315,2739.270191888344,2792.045166015625,876,0.0,0
2017-10-30,2760.1378952221994,2881.0804466834434,2760.1378952221994,2800.302490234375,4572,0.0,0
2017-10-31,2782.351927003869,2872.1052149717357,2782.351927003869,2826.600341796875,1118,0.0,0
2017-11-01,2928.6494541235497,2984.2066454227606,2928.6494541235497,2970.78857421875,6353,0.0,0
2017-11-02,2949.247971639143,3163.8032394012566,2940.1830214915653,3090.385009765625,5917,0.0,0
2017-11-03,3098.2380545070355,3190.7288458899516,3024.7302117830486,3067.49755859375,885,0.0,0
2017-11-06,3067.318641943178,3067.318641943178,3004.9401062840557,3024.326904296875,493,0.0,0
2017-11-07,3015.710438753223,3067.4980414510133,3012.120307278517,3049.412841796875,2341,0.0,0
2017-11-08,3019.0762414792584,3078.5377951018527,3019.0762414792584,3060.7216796875,2345,0.0,0
2017-11-09,3087.512932018187,3087.512932018187,3047.1239547098094,3075.351318359375,2156,0.0,0
2017-11-10,3087.5129350372736,3087.5129350372736,3044.6108219406897,3081.40966796875,2218,0.0,0
2017-11-13,3092.5390834758227,3092.5390834758227,3035.5008305771603,3052.509033203125,273,0.0,0
2017-11-14,3051.611473027817,3051.611473027817,2975.3211862021217,3040.52685546875,621,0.0,0
2017-11-15,3029.173254679284,3082.1276908351592,2980.7064826044157,3051.701416015625,6106,0.0,0
2017-11-16,3023.8781568341383,3084.820552606609,3023.7883158951604,3057.40087890625,795,0.0,0
2017-11-17,3083.025492265247,3129.2035158572976,3083.025492265247,3106.181884765625,940,0.0,0
2017-11-20,3131.4919655731187,3132.3894983806777,3101.873382923674,3122.06787109375,654,0.0,0
2017-11-21,3141.364981267418,3154.8279740442786,3104.655975278871,3144.46142578125,841,0.0,0
2017-11-22,3141.3649544873088,3141.3649544873088,3113.0028289628176,3120.542236328125,571,0.0,0
2017-11-23,3120.1384608160843,3120.3179235641182,3019.6594813468128,3034.424072265625,638,0.0,0
2017-11-24,3074.0052853118746,3115.8753268885334,3034.648598823343,3059.9140625,319,0.0,0
2017-11-27,3059.913719365898,3087.5128531550017,3051.6115409090135,3058.16357421875,624,0.0,0
2017-11-28,3087.5130514300927,3118.9267016626663,3011.5369821601475,3055.650634765625,19950,0.0,0
2017-11-29,3083.0254998039436,3083.0254998039436,3029.1735260082414,3045.059814453125,10408,0.0,0
2017-11-30,3029.2178952014715,3033.6606384062493,2906.2109902838565,2936.009033203125,1840,0.0,0
2017-12-01,2941.2150251547732,2974.5582814735008,2917.071480159768,2944.984619140625,436,0.0,0
2017-12-04,2976.2188728331785,2976.2188728331785,2860.43713743044,2874.16943359375,6105,0.0,0
2017-12-05,2856.0839614210367,2907.1087896359636,2809.2777127386744,2828.93359375,1426,0.0,0
2017-12-06,2871.162481051944,2871.3868642499365,2827.2282947097888,2848.41015625,878,0.0,0
2017-12-07,2820.048081535342,2872.0600639119534,2806.046482086815,2856.936767578125,1637,0.0,0
2017-12-08,2872.1051615585648,2872.1051615585648,2827.228518409212,2833.286865234375,1672,0.0,0
2017-12-11,2833.286840600978,2877.4903337187725,2833.286840600978,2852.00048828125,7439,0.0,0
2017-12-12,2833.7802729419614,2893.645665180246,2833.7802729419614,2870.264892578125,633,0.0,0
2017-12-13,2855.0517269987936,2924.161749940921,2855.0517269987936,2882.830322265625,1575,0.0,0
2017-12-14,2861.873298443525,2916.9817271153356,2861.873298443525,2880.00341796875,1331,0.0,0
2017-12-15,2880.1827443691313,3006.7348686932346,2880.1827443691313,2915.1865234375,1086,0.0,0
2017-12-18,2886.1065809201987,2916.936701356303,2886.0616604550187,2908.679443359375,570,0.0,0
2017-12-19,2925.9569527249264,2925.9569527249264,2892.2545519752907,2908.769287109375,578,0.0,0
2017-12-20,2908.0064252716925,2961.858396110057,2879.6892201143396,2913.257080078125,6866,0.0,0
2017-12-21,2956.4732726981642,2960.0634041768503,2899.0311690391836,2903.025146484375,552,0.0,0
2017-12-22,2916.981686635481,2916.981686635481,2900.063105203305,2916.891845703125,199,0.0,0
2017-12-26,2934.034724686233,2961.8582415003266,2916.9816014775947,2933.451416015625,438,0.0,0
2017-12-27,2961.858309847041,3023.2047658234105,2764.4010891905714,2807.437744140625,2903,0.0,0
2017-12-28,2814.438485544461,2887.901633081517,2814.438485544461,2863.174560546875,518,0.0,0
2017-12-29,2846.1214363075464,2879.330149989721,2846.1214363075464,2878.4326171875,487,0.0,0
2018-01-01,2876.5028121066853,2876.5477325719826,2840.69134067488,2853.70556640625,681,0.0,0
2018-01-02,2896.4730736540228,2896.4730736540228,2836.158909450234,2848.859130859375,687,0.0,0
2018-01-03,2871.207579892729,2871.207579892729,2836.338341108672,2846.07666015625,159,0.0,0
2018-01-04,2849.4872068178042,2943.907614532225,2814.7078104570955,2832.47900390625,1821,0.0,0
2018-01-05,2872.1050898507133,2903.5187392709554,2858.776639518433,2876.772216796875,643,0.0,0
2018-01-08,2848.858777547007,2903.473513682279,2848.858777547007,2865.418212890625,867,0.0,0
2018-01-09,2841.0056872876357,2875.6952442036336,2830.8186018159363,2852.045166015625,465,0.0,0
2018-01-10,2894.54333515144,2894.7677183557153,2845.1790302108725,2865.642822265625,739,0.0,0
2018-01-11,2902.6212269695648,2902.6212269695648,2810.17534373584,2824.71533203125,2761,0.0,0
2018-01-12,2827.9464098769777,2896.338365891277,2818.253011744224,2866.136474609375,1859,0.0,0
2018-01-15,2840.6911959774707,2866.1363374679004,2828.1257372906825,2834.22900390625,1470,0.0,0
2018-01-16,2833.5113077279543,2858.0589196938863,2810.489676960411,2844.73046875,624,0.0,0
2018-01-17,2860.8857367448745,2860.8857367448745,2782.3516184812897,2818.2529296875,23316,0.0,0
2018-01-18,2851.4615941040583,2851.4615941040583,2683.622967066772,2718.177978515625,3138,0.0,0
2018-01-19,2770.6386624816028,2908.3650183336995,2670.4292191835484,2798.28271484375,18752,0.0,0
2018-01-22,2798.283136312612,2817.3107895416742,2780.6467028722445,2784.012451171875,3899,0.0,0
2018-01-23,2854.154525038463,2889.9212975380888,2756.188899981255,2875.740234375,4133,0.0,0
2018-01-24,2911.596375351657,2943.9075558426125,2890.0555883576867,2936.682373046875,2080,0.0,0
2018-01-25,2985.1942658669277,2989.6819301271003,2940.3176232652,2970.833740234375,1462,0.0,0
2018-01-29,3050.7141135085076,3050.7141135085076,2961.858362629619,2968.275634765625,1742,0.0,0
2018-01-30,2968.275705279215,3024.057503908414,2939.509952464252,2961.36474609375,4415,0.0,0
2018-01-31,2952.883020749192,2957.8194513309913,2899.031050765924,2916.75732421875,5510,0.0,0
2018-02-01,2961.858480357419,3033.6611101842655,2830.639218173704,3006.4658203125,7005,0.0,0
2018-02-02,3051.611767640977,3051.611767640977,2962.7560132302547,3006.4658203125,2590,0.0,0
2018-02-05,2988.7842092672036,2988.7842092672036,2802.0973877874503,2863.26416015625,1934,0.0,0
2018-02-06,2850.564381220874,2850.564381220874,2796.75732975158,2808.8740234375,2425,0.0,0
2018-02-07,2867.617364391595,2868.4699767470856,2828.305382989175,2865.28369140625,2101,0.0,0
2018-02-08,2865.2836536972045,2894.543310939647,2863.129662603868,2869.053466796875,669,0.0,0
2018-02-09,2890.055532992923,2961.7683140035283,2827.2282387974246,2879.554443359375,1367,0.0,0
2018-02-12,2917.83409493851,2934.932137915428,2827.7668135568238,2916.57763671875,1801,0.0,0
2018-02-14,2881.0804939201043,2939.420130089826,2881.0804939201043,2933.900390625,1409,0.0,0
2018-02-15,2961.858203026057,2961.858203026057,2922.9053676420067,2949.11328125,781,0.0,0
2018-02-16,2951.985671806233,2988.7845202538024,2951.985671806233,2978.5078125,1389,0.0,0
2018-02-19,3014.8125751376065,3014.8125751376065,2926.0017513501043,2928.335205078125,1366,0.0,0
2018-02-20,2928.7840714083195,2987.88669399326,2928.6495291378815,2970.02587890625,1093,0.0,0
2018-02-21,2991.4767992319807,2991.4767992319807,2872.912629620534,2890.998046875,1148,0.0,0
2018-02-22,2907.8268751118962,2961.8583070705813,2907.8268751118962,2947.63232421875,416,0.0,0
2018-02-23,3002.2475208698197,3002.2475208698197,2899.0312383884957,2917.3857421875,853,0.0,0
2018-02-26,2987.796754838446,2987.796754838446,2854.3336755661735,2876.682373046875,1750,0.0,0
2018-02-27,2907.9167928057273,2961.8586084456015,2858.642323605831,2925.68798828125,456,0.0,0
2018-02-28,2939.4199217148307,2939.4199217148307,2838.1781779909234,2851.057861328125,772,0.0,0
2018-03-01,2872.1049403039387,2908.006252057738,2837.3255445424456,2845.223876953125,860,0.0,0
2018-03-05,2887.3633538404233,2930.0860077452667,2792.224865961317,2807.168701171875,534,0.0,0
2018-03-06,2849.262845499315,2867.617347765804,2648.709181543794,2688.739013671875,1521,0.0,0
2018-03-07,2688.739192625066,2706.0616209555324,2625.283662121039,2643.862548828125,1244,0.0,0
2018-03-08,2678.1480710182964,2688.110772884686,2625.2834760226065,2643.279052734375,479,0.0,0
2018-03-09,2680.930509519281,2680.930509519281,2602.845154873088,2664.505615234375,755,0.0,0
2018-03-12,2700.676255348254,2700.676255348254,2629.7711625690877,2639.823486328125,1086,0.0,0
2018-03-13,2670.1602072781893,2683.623199919928,2469.1577709618755,2526.42041015625,5395,0.0,0
2018-03-14,2531.04259226837,2665.6725173890277,2531.04259226837,2660.825927734375,3254,0.0,0
2018-03-15,2682.725770877122,2683.623303754632,2621.1549278302473,2665.313720703125,443,0.0,0
2018-03-16,2638.7463045830846,2682.7254096594693,2638.7463045830846,2654.54296875,608,0.0,0
2018-03-19,2682.725876096692,2682.725876096692,2601.050381039884,2636.5478515625,1071,0.0,0
2018-03-20,2643.2341679509573,2643.2341679509573,2611.8654395619187,2621.558837890625,244,0.0,0
2018-03-21,2660.870649082796,2682.5461986647283,2602.8452385692112,2608.76904296875,429,0.0,0
2018-03-22,2617.475169479629,2670.160305463421,2609.5768363478646,2622.546142578125,597,0.0,0
2018-03-23,2609.127980396091,2652.2095569557787,2609.127980396091,2617.699462890625,1020,0.0,0
2018-03-26,2617.2056337208164,2658.940908744142,2595.75468754131,2619.539306640625,595,0.0,0
2018-03-27,2612.314195491429,2656.697149656625,2611.9103495469003,2618.641845703125,534,0.0,0
2018-03-28,2645.7923657191923,2647.7219737452783,2604.909699553973,2634.97705078125,486,0.0,0
2018-04-02,2656.697119861008,2750.6687613231393,2625.3283919496557,2704.311279296875,1047,0.0,0
2018-04-03,2746.450457426056,2777.864106448903,2719.793776222942,2746.22607421875,378,0.0,0
2018-04-04,2769.7863736842537,2854.15446154113,2732.987526853063,2779.031005859375,705,0.0,0
2018-04-05,2751.8806993033973,2870.3999585865517,2751.8806993033973,2817.849365234375,1251,0.0,0
2018-04-06,2854.109329343005,2860.033133360215,2801.1998156124637,2845.717529296875,728,0.0,0
2018-04-09,2822.741016379345,2863.1299975358065,2760.362478815477,2788.634765625,2287,0.0,0
2018-04-10,2788.769228470355,2818.253271524374,2782.3519559635542,2786.705078125,1810,0.0,0
2018-04-11,2807.4381010093202,2853.212280707379,2738.372985466217,2763.548828125,5008,0.0,0
2018-04-12,2790.429475694398,2849.6666405048936,2737.4750404850156,2777.953857421875,14803,0.0,0
2018-04-13,2813.765521106349,2813.765521106349,2773.3765423344876,2790.564208984375,3088,0.0,0
2018-04-16,2782.351927694362,2804.7453292230543,2773.376598895348,2784.012451171875,1531,0.0,0
2018-04-17,2807.4381083168873,2809.2780946638018,2782.3521065360337,2793.705810546875,2157,0.0,0
2018-04-18,2810.2203542774946,2810.2203542774946,2768.8889215267773,2775.037109375,3393,0.0,0
2018-04-19,2826.3308667582987,2826.3308667582987,2608.4996938914196,2752.5986328125,3575,0.0,0
2018-04-20,2773.1967710519843,2777.7740566623374,2682.725424843656,2767.048583984375,1722,0.0,0
2018-04-23,2805.687530448556,2805.687530448556,2772.478816876388,2777.864013671875,525,0.0,0
2018-04-24,2789.5769280606087,2789.5769280606087,2745.3285161616263,2780.19775390625,1095,0.0,0
2018-04-25,2787.647309426859,2787.647309426859,2736.8021589670257,2738.013916015625,3420,0.0,0
2018-04-26,2782.3065874718823,2782.3065874718823,2712.837640697665,2731.281982421875,73336,0.0,0
2018-04-27,2704.2665690774147,2764.4012720738256,2704.2665690774147,2747.43798828125,885,0.0,0
2018-04-30,2755.874481429257,2773.1969084137113,2722.2170011968524,2737.833984375,582,0.0,0
2018-05-02,2741.0654076093815,2766.1963281768544,2719.5246185515475,2735.1865234375,386,0.0,0
2018-05-03,2746.3159951369316,2773.37652307648,2701.7982778611567,2726.88427734375,893,0.0,0
2018-05-04,2745.2390178823734,2762.5614473141973,2715.037122336496,2745.373779296875,395,0.0,0
2018-05-07,2756.3232783027543,2773.3764018090233,2755.4257454866347,2771.177490234375,1504,0.0,0
2018-05-08,2782.30683192114,2782.351752387153,2742.4564622140592,2746.450439453125,568,0.0,0
2018-05-09,2777.864170067707,2777.864170067707,2718.627001982257,2742.45654296875,855,0.0,0
2018-05-10,2777.864060950657,2777.864060950657,2720.421960821144,2734.46826171875,441,0.0,0
2018-05-11,2720.422067681816,2746.2710575803135,2715.6650997531383,2742.45654296875,481,0.0,0
2018-05-14,2773.3315747971574,2827.228466046153,2737.475181409767,2739.53955078125,1473,0.0,0
2018-05-15,2740.4819136907686,2800.3023882778484,2737.7443947748193,2783.159423828125,1785,0.0,0
2018-05-16,2796.7571477912384,2798.5072929404914,2721.678396991988,2753.226806640625,1323,0.0,0
2018-05-17,2739.315096279215,2792.224612370553,2733.032366518176,2782.97998046875,4860,0.0,0
2018-05-18,2791.327164954654,2791.327164954654,2781.4543035995093,2785.08935546875,858,0.0,0
2018-05-21,2804.8349167649576,2809.277660294253,2743.398840510842,2787.153564453125,378,0.0,0
2018-05-22,2737.654656087184,2777.8641716043976,2724.90973343811,2754.4384765625,942,0.0,0
2018-05-23,2767.4528097961393,2773.331694017391,2692.5986548412484,2698.4775390625,683,0.0,0
2018-05-24,2746.3160962903694,2746.3160962903694,2697.131250179949,2722.7109375,313,0.0,0
2018-05-25,2719.524566547269,2782.3518667645326,2692.59858073987,2778.492431640625,807,0.0,0
2018-05-28,2801.1999648085575,2838.8963437005664,2742.4564848600226,2779.5693359375,565,0.0,0
2018-05-29,2747.348041958359,2813.765472570877,2742.0973871588935,2803.35400390625,494,0.0,0
2018-05-30,2744.6553364339966,2827.22835505791,2744.6553364339966,2813.98974609375,570,0.0,0
2018-05-31,2822.5611757304864,2858.641950241501,2774.3187880301784,2851.2373046875,1399,0.0,0
2018-06-01,2851.237338848944,2876.59264059522,2832.613533141502,2835.440673828125,493,0.0,0
2018-06-04,2861.962964536261,2862.1873477495114,2689.905960441007,2702.78564453125,982,0.0,0
2018-06-05,2717.7743452854434,2755.4258038949274,2695.2911039402175,2709.42724609375,557,0.0,0
2018-06-06,2674.6929379386443,2728.275607752357,2670.1603530103666,2682.9951171875,974,0.0,0
2018-06-07,2701.574042282627,2764.401345591525,2697.0863777605628,2752.553955078125,667,0.0,0
2018-06-08,2764.4010611667363,2764.4010611667363,2714.8123733000275,2746.944091796875,977,0.0,0
2018-06-11,2748.2451447348753,2781.27439212805,2701.573444040488,2720.421630859375,350,0.0,0
2018-06-12,2770.6837834142834,2770.6837834142834,2706.0614211189063,2740.7509765625,276,0.0,0
2018-06-13,2772.433912869185,2772.433912869185,2716.5175753192766,2725.76220703125,431,0.0,0
2018-06-14,2764.356066314742,2777.8639785977093,2710.952865433784,2732.49365234375,355,0.0,0
2018-06-15,2743.443867875611,2773.3766779229563,2692.5987164300545,2694.6630859375,570,0.0,0
2018-06-18,2736.5776962670484,2764.4012149893438,2693.4961188905913,2742.052734375,704,0.0,0
2018-06-19,2753.8550290223525,2753.8550290223525,2652.209438853109,2673.974609375,1397,0.0,0
2018-06-20,2683.623141080712,2719.2551503330924,2628.873638871373,2657.99853515625,878,0.0,0
2018-06-21,2632.463765072099,2683.1743694793863,2594.7673865746465,2609.352294921875,900,0.0,0
2018-06-22,2614.333704425116,2632.4638239977317,2584.894583400432,2593.510986328125,1315,0.0,0
2018-06-25,2632.463979100772,2663.5634062399745,2594.049527398149,2637.220947265625,494,0.0,0
2018-06-26,2671.9552884528853,2686.9889636566427,2585.0291444757954,2641.843017578125,985,0.0,0
2018-06-27,2617.6544142770927,2665.537876863068,2617.6544142770927,2634.483154296875,527,0.0,0
2018-06-28,2628.8735637170394,2647.721752463389,2608.230309375799,2631.566162109375,284,0.0,0
2018-06-29,2651.0429981210746,2656.697499461671,2595.8896428439252,2605.08935546875,1138,0.0,0
2018-07-02,2663.8776189024593,2663.8776189024593,2603.1596065121453,2649.60693359375,469,0.0,0
2018-07-03,2623.4883166509285,2670.160021223576,2593.8697349029026,2617.071044921875,476,0.0,0
2018-07-04,2594.767596368733,2627.393004713,2592.074997686925,2609.89111328125,400,0.0,0
2018-07-05,2612.404081352154,2653.870277165143,2585.523014476093,2593.7802734375,658,0.0,0
2018-07-06,2611.8205627160664,2625.1490130311645,2574.1241834603707,2581.394287109375,6394,0.0,0
2018-07-09,2619.7188059916816,2619.853348263305,2506.809134826633,2521.39404296875,9223,0.0,0
2018-07-10,2526.5550083767553,2567.7965995909535,2512.4188657899226,2516.457763671875,1808,0.0,0
2018-07-11,2523.9074974960986,2632.4640606026824,2523.9074974960986,2602.53125,1420,0.0,0
2018-07-12,2602.8451645977716,2627.3478542824505,2550.070191228669,2557.744140625,12345,0.0,0
2018-07-13,2544.550566056872,2561.5587698454,2475.4405361766703,2480.017822265625,2132,0.0,0
2018-07-16,2486.1660542952986,2486.3455170447687,2361.4089851447407,2391.251953125,4052,0.0,0
2018-07-17,2414.363242675852,2414.363242675852,2321.917363867074,2326.360107421875,6055,0.0,0
2018-07-18,2330.892658081482,2369.4865680920725,2239.344313405197,2244.505126953125,15345,0.0,0
2018-07-19,2277.040765085482,2324.610004561055,2224.490174632432,2258.95556640625,11881,0.0,0
2018-07-20,2287.8113699464625,2298.177918801865,2216.9062706032805,2238.088134765625,1983,0.0,0
2018-07-23,2351.5360009472206,2671.955219396899,2351.5360009472206,2539.120361328125,85637,0.0,0
2018-07-24,2557.9687049686736,2602.576045226964,2470.234866052643,2561.513916015625,8639,0.0,0
2018-07-25,2576.8165809071284,2598.31244690908,2509.5016232031803,2522.650390625,4412,0.0,0
2018-07-26,2535.4400976042157,2580.765500045124,2528.618980394559,2551.864990234375,13858,0.0,0
2018-07-27,2593.869842403452,2623.62296765192,2523.009670291358,2539.2548828125,14877,0.0,0
2018-07-30,2526.555054628013,2571.4316985823293,2486.1660750691285,2491.64111328125,2829,0.0,0
2018-07-31,2497.8788634287594,2512.0599264051634,2418.7612105485373,2434.24365234375,4768,0.0,0
2018-08-01,2468.215493119858,2477.1908221857484,2414.3635187245154,2423.518310546875,43558,0.0,0
2018-08-02,2447.571831535241,2447.571831535241,2371.550850742908,2379.89794921875,5892,0.0,0
2018-08-03,2381.154417676614,2426.883668077412,2334.482714050838,2336.995849609375,31510,0.0,0
2018-08-06,2386.495152242685,2432.3142523714328,2357.8190188117173,2407.36279296875,2918,0.0,0
2018-08-07,2409.8757627726513,2525.926807017053,2409.8757627726513,2503.802490234375,5199,0.0,0
2018-08-08,2501.4241494888875,2522.0674058355844,2478.985827372913,2512.643310546875,1762,0.0,0
2018-08-09,2535.4406296789616,2600.915830759492,2499.494611934706,2591.04296875,3995,0.0,0
2018-08-10,2568.2904733301534,2647.5875951642743,2568.2904733301534,2638.97119140625,1642,0.0,0
2018-08-13,2562.501029697702,2688.8287695837303,2562.501029697702,2665.403076171875,2831,0.0,0
2018-08-14,2670.1600669529125,2692.598386843273,2656.697075018696,2686.5849609375,2745,0.0,0
2018-08-16,2692.5986328723598,2697.983830138104,2619.898469784806,2634.662841796875,2210,0.0,0
2018-08-17,2706.0613185841216,2706.0613185841216,2640.9452718858865,2690.4443359375,1896,0.0,0
2018-08-20,2708.753918611973,2794.0195323522435,2696.1884597449857,2784.72998046875,3110,0.0,0
2018-08-21,2794.01970073628,2849.576895282406,2786.8843585602085,2831.40185546875,1138,0.0,0
2018-08-23,2827.2284008408838,2961.7684837581933,2824.5358023638923,2935.470947265625,5087,0.0,0
2018-08-24,2916.9817092828484,2917.879242116474,2821.8432289185466,2834.31884765625,1977,0.0,0
2018-08-27,2834.3187185272423,2916.9815763877955,2826.3307643215903,2869.7265625,2997,0.0,0
2018-08-28,2872.105074889565,2927.976493924526,2816.4580390635797,2840.511962890625,4012,0.0,0
2018-08-29,2839.794002568493,2986.9893933463795,2827.408005129409,2866.49560546875,4314,0.0,0
2018-08-30,2866.7199107215974,2890.9532975686493,2866.7199107215974,2876.5478515625,1325,0.0,0
2018-08-31,2890.9080465646352,2979.8087086397063,2875.6949103860297,2960.06298828125,3156,0.0,0
2018-09-03,2975.3213581465498,2985.5084435081453,2961.8583655757507,2974.333984375,2945,0.0,0
2018-09-04,2961.8582803853474,2970.833608507727,2943.8627036751313,2966.256103515625,2885,0.0,0
2018-09-05,2909.8015767544484,3006.7351271213456,2909.8015767544484,2969.936279296875,2500,0.0,0
2018-09-06,2972.808001227936,3062.561278356515,2970.8334729559497,3047.25830078125,4254,0.0,0
2018-09-07,3046.136585452887,3091.4172920460674,3033.660966759985,3050.8486328125,1916,0.0,0
2018-09-10,3020.1979384687916,3051.611587160146,3005.1193432720966,3045.328857421875,1165,0.0,0
2018-09-11,3038.1485264099574,3051.5216774732708,2978.05874930625,3006.420654296875,2497,0.0,0
2018-09-12,3006.286194496583,3043.0850402868086,2964.8651423116657,3039.046142578125,1522,0.0,0
2018-09-14,3016.6076508796787,3066.286177528528,3005.8372576007273,3016.921875,2648,0.0,0
2018-09-17,2966.3457225418124,3006.68977560903,2841.4988300492964,2935.650146484375,4974,0.0,0
2018-09-18,2960.1961974477613,2960.1961974477613,2810.209948835357,2840.54736328125,2216,77.5,0
2018-09-19,2913.7686596679687,2962.2842762589253,2794.813438998262,2828.901611328125,2634,77.5,0
2018-09-21,2874.164005450451,2874.164005450451,2734.604860828841,2793.964599609375,1532,0.0,0
2018-09-24,2787.4580712470124,2791.4656816078373,2635.6403611075375,2681.374267578125,2779,0.0,0
2018-09-25,2655.8671412390095,2731.964548878624,2596.7431433428,2627.578125,1807,0.0,0
2018-09-26,2687.4564802577784,2706.41021278413,2607.6813642308553,2633.66015625,1340,0.0,0
2018-09-27,2696.838922144276,2696.838922144276,2626.257967328957,2644.5986328125,3520,0.0,0
2018-09-28,2643.1840804217577,2662.8920015059584,2607.3041348018724,2639.789306640625,6354,0.0,0
2018-10-01,2551.6692009971966,2639.3651491467676,2517.9109297522145,2617.441162109375,2716,0.0,0
2018-10-03,2608.577254942913,2702.9681280739765,2583.7299785732826,2611.311767578125,3525,0.0,0
2018-10-04,2614.235245143221,2614.235245143221,2504.0966286174544,2543.79541015625,9988,0.0,0
2018-10-05,2546.0585814787228,2551.480642766015,2476.231815726883,2506.8310546875,7677,0.0,0
2018-10-08,2531.8669700412192,2562.984888108765,2470.574101120296,2504.568115234375,7873,0.0,0
2018-10-09,2489.386063037797,2527.1519431570246,2348.9311531358762,2404.236083984375,4874,0.0,0
2018-10-10,2394.9478734400313,2404.566091763771,2352.7029015492585,2364.489990234375,16540,0.0,0
2018-10-11,2348.082559347608,2640.3079829447515,2345.5363639050706,2485.52001953125,5162,0.0,0
2018-10-12,2505.4166466799234,2675.1979364518875,2504.332326490596,2635.26318359375,2764,0.0,0
2018-10-15,2659.167461078433,2687.5036710243794,2616.7339377633516,2663.4580078125,927,0.0,0
2018-10-16,2727.0609462976568,2727.0609462976568,2668.314047918813,2706.17431640625,976,0.0,0
2018-10-17,2687.456346440402,2729.8898676999875,2644.9284363802717,2689.200927734375,917,0.0,0
2018-10-19,2650.869246658104,2729.6070048896668,2613.95217425653,2700.657958984375,1191,0.0,0
2018-10-22,2696.838958025647,2734.6048398748244,2630.8784493968137,2665.8154296875,604,0.0,0
2018-10-23,2666.711098034638,2666.711098034638,2594.2911749301247,2614.9892578125,299,0.0,0
2018-10-24,2621.448752339068,2657.89434164736,2546.0113781710374,2573.498779296875,407,0.0,0
2018-10-25,2615.7910495102424,2734.5105295697213,2519.184104557772,2729.04150390625,2781,0.0,0
2018-10-26,2766.6656505415203,2808.533300405819,2713.859489522323,2739.6025390625,2531,0.0,0
2018-10-29,2810.04217229922,2829.8444829093824,2734.6047985462205,2827.62841796875,1167,0.0,0
2018-10-30,2842.857516112241,2894.532163906846,2796.18064044274,2881.141845703125,1587,0.0,0
2018-10-31,2894.909151962353,3019.380815825229,2871.3349732004444,2991.233154296875,2449,0.0,0
2018-11-01,2989.2057662333627,3138.1945709856877,2857.4733057963,2904.7158203125,5895,0.0,0
2018-11-02,2899.6712143050377,3015.891916891421,2850.165438355463,2986.94287109375,2591,0.0,0
2018-11-05,3017.4949912305324,3030.272242627344,2956.202124221162,3002.973388671875,1712,0.0,0
2018-11-06,2984.6795934321663,3017.4948964746463,2960.021094411674,2986.80126953125,437,0.0,0
2018-11-07,3031.1207925484764,3031.1679869505906,2957.6165472299044,2996.938232421875,192,0.0,0
2018-11-09,2970.9594902440977,2979.1162945817164,2890.194442367039,2909.006591796875,375,0.0,0
2018-11-12,2951.2987535955126,2956.202136934029,2772.7950187095735,2801.791259765625,1009,0.0,0
2018-11-13,2857.190475864711,2857.190475864711,2781.8002979656585,2826.77978515625,450,0.0,0
2018-11-14,2894.909104156503,2894.909104156503,2806.222999075427,2824.75244140625,803,0.0,0
2018-11-15,2824.752485078515,2875.106838774282,2808.203365561767,2832.390380859375,4115,0.0,0
2018-11-16,2874.871046295923,2874.871046295923,2832.3903309174257,2862.65966796875,1416,0.0,0
2018-11-19,2862.6597729031514,2896.747943918821,2861.858158724205,2880.293212890625,1940,0.0,0
2018-11-20,2882.650573126147,2882.697767526892,2783.356086340211,2815.134033203125,1568,0.0,0
2018-11-21,2856.907544349352,2856.907544349352,2781.7531081157795,2798.16064453125,1161,0.0,0
2018-11-22,2799.1982728082294,2810.0423961490733,2715.8400602574325,2743.138916015625,680,0.0,0
2018-11-26,2771.3804844528745,2884.5365437023966,2687.7865377689272,2764.96826171875,3002,0.0,0
2018-11-27,2818.9060287895804,2827.01563871911,2720.554734938042,2778.782958984375,2591,0.0,0
2018-11-28,2827.95852483311,2873.2209487050636,2782.9790371536747,2831.777587890625,2424,0.0,0
2018-11-29,2909.053583982371,2960.256744972282,2831.8246684423734,2904.998779296875,12181,0.0,0
2018-11-30,2913.721376134023,3099.4859095953857,2913.721376134023,3008.4423828125,3904,0.0,0
2018-12-03,3008.065278185555,3052.3375408603592,2890.1471873030187,2933.38232421875,2800,0.0,0
2018-12-04,2879.821805233173,2975.0142972508515,2850.165533079183,2926.262939453125,3553,0.0,0
2018-12-05,2951.440117984165,2962.095693302237,2900.567083994487,2924.046875,3272,0.0,0
2018-12-06,2955.2589974178095,2955.2589974178095,2904.2915777910744,2921.359375,1784,0.0,0
2018-12-07,2919.4262251901696,3022.256836432772,2899.623915523182,2924.47119140625,6135,0.0,0
2018-12-10,2924.471362537202,2953.373214584347,2885.4795774674653,2907.403564453125,1515,0.0,0
2018-12-11,2829.8444597673015,3031.6394329063223,2829.8444597673015,2945.7822265625,4812,0.0,0
2018-12-12,2942.0576589283764,2989.2060188471005,2912.7784813755284,2924.1884765625,3217,0.0,0
2018-12-13,2927.724422101818,2957.7108231949487,2866.6201053909567,2888.308349609375,2064,0.0,0
2018-12-14,2929.798882777577,2929.798882777577,2869.4489862543182,2920.1806640625,68317,0.0,0
2018-12-17,2923.198232414898,3064.643308176909,2908.393693861793,3047.386962890625,2341,0.0,0
2018-12-18,3069.35822178752,3074.073057765688,3031.498180969469,3064.59619140625,6949,0.0,0
2018-12-19,3066.9064213770234,3092.932408117334,2953.986099464813,2979.493408203125,2266,0.0,0
2018-12-20,2977.560039490821,3063.700178137269,2910.939504435134,2981.8505859375,2046,0.0,0
2018-12-21,3007.1222980604452,3064.643295295217,2952.1000717336615,3026.453125,30978,0.0,0
2018-12-24,3058.9856501559693,3058.9856501559693,2958.606836008445,2986.09423828125,573,0.0,0
2018-12-26,2965.6316332048173,3063.700215034166,2876.0497555722395,3046.726806640625,1342,0.0,0
2018-12-27,3092.9321709453866,3097.6942009714085,2998.635458416564,3045.26513671875,1763,0.0,0
2018-12-28,3065.2560790242346,3096.704125614292,3018.532240839349,3082.088134765625,1298,0.0,0
2018-12-31,3111.7916520521208,3111.7916520521208,3047.1040122894906,3086.190185546875,695,0.0,0
2019-01-01,3059.9283666159213,3092.9322164869714,3059.9283666159213,3089.490478515625,880,0.0,0
2019-01-02,3083.5027092707824,3083.5027092707824,2993.920826279735,3006.792236328125,1290,0.0,0
2019-01-03,3031.63947224617,3031.63947224617,2876.0498881340027,2896.795166015625,4190,0.0,0
2019-01-04,2896.7951180849655,2929.233096331051,2867.8932666920114,2923.81103515625,1231,0.0,0
2019-01-07,2959.973993079234,3074.0730224397266,2894.5791267268905,3043.37939453125,7846,0.0,0
2019-01-08,3036.354379716044,3050.2631458964206,2965.631839815826,2967.9892578125,494,0.0,0
2019-01-09,2973.3168670892883,3031.639479171814,2956.2021048844904,2991.186279296875,1181,0.0,0
2019-01-10,3012.6386409955508,3026.9245009930423,2970.252084137037,3007.640869140625,886,0.0,0
2019-01-11,2990.7617682453138,3031.0266510568945,2965.6317849523093,2993.68505859375,835,0.0,0
2019-01-14,2970.3465731283018,3120.278352533826,2970.3465731283018,3065.5390625,1388,0.0,0
2019-01-15,3088.2176293495745,3111.7918097262886,3035.4114653057345,3059.69287109375,2172,0.0,0
2019-01-16,3049.6502931647283,3088.21755929957,3049.6502931647283,3079.353759765625,369,0.0,0
2019-01-17,3072.1871306527755,3102.3620809845397,3012.7330027839002,3055.449462890625,768,0.0,0
2019-01-18,3083.502643167584,3083.502643167584,2998.5884035410113,3026.594482421875,2338,0.0,0
2019-01-21,3055.213694402218,3064.643366298521,2989.158796725295,2996.325439453125,1440,0.0,0
2019-01-22,3039.1831575666138,3039.1831575666138,2946.442245266922,2967.470458984375,1149,0.0,0
2019-01-23,2981.4263800345743,3017.494873443706,2937.3426658678577,2986.518310546875,22326,0.0,0
2019-01-24,3002.5017186569485,3054.270521799331,2970.2992531668724,3021.078125,19597,0.0,0
2019-01-25,3021.266818968564,3039.4661314307637,3017.4949502807135,3018.62646484375,1686,0.0,0
2019-01-28,3036.3544268784426,3036.3544268784426,2974.165785203554,2996.2783203125,8697,0.0,0
2019-01-29,3011.507089263513,3056.1566780191465,2989.2060071955243,3035.6943359375,6566,0.0,0
2019-01-30,3063.700455086054,3083.5027664301006,3017.4478675462815,3057.052490234375,5709,0.0,0
2019-01-31,3057.0524429673897,3057.5239265635296,3015.6090809100233,3030.9794921875,47486,0.0,0
2019-02-01,3053.422109513801,3081.993830818441,3005.4721364518464,3029.23486328125,3451,0.0,0
2019-02-04,3081.616749762538,3081.616749762538,3017.494981407626,3021.408203125,2648,0.0,0
2019-02-05,2994.3922501702896,3031.6394534081187,2994.3922501702896,3018.485107421875,4007,0.0,0
2019-02-06,3041.022054374748,3044.228281015051,3017.495068555426,3020.1826171875,3337,0.0,0
2019-02-07,3017.4949393275238,3064.643297754516,3015.6090049904437,3043.70947265625,1234,0.0,0
2019-02-08,3030.507949101545,3059.9284788798127,3017.4949560602163,3040.456298828125,2706,0.0,0
2019-02-11,3063.700219041207,3074.0728575174935,3017.494829465024,3018.107666015625,936,0.0,0
2019-02-12,3013.1572358658477,3063.653174414598,3013.1572358658477,3021.266845703125,2645,0.0,0
2019-02-14,3059.928454427474,3059.928454427474,3021.3139950135337,3036.778564453125,1661,0.0,0
2019-02-15,3036.7787388969778,3064.6434663031478,3017.4951052830993,3026.50048828125,3565,0.0,0
2019-02-18,3097.6472741582907,3097.6472741582907,3017.4950615849407,3043.19091796875,15356,0.0,0
2019-02-19,3017.636474609375,3042.5309474926403,3017.4951216121926,3017.636474609375,1154,0.0,0
2019-02-20,3050.3103435885528,3064.643398980464,3017.353686002837,3042.907958984375,1302,0.0,0
2019-02-21,3042.8606809479593,3064.643314748657,3017.4949560602163,3040.456298828125,909,0.0,0
2019-02-22,3059.9284283635607,3059.9284283635607,3017.3535532574037,3021.455322265625,1186,0.0,0
2019-02-25,3015.6088951966085,3028.7160462754628,3015.6088951966085,3018.107666015625,1124,0.0,0
2019-02-26,3008.06543307909,3051.4419252175344,2952.713303284874,3026.50048828125,4324,0.0,0
2019-02-27,3029.8478661075187,3045.265241004,3017.494904256582,3020.276611328125,1642,0.0,0
2019-02-28,3026.8776241860187,3054.6951575655935,3017.495146258942,3032.959716796875,390,0.0,0
2019-03-01,3053.2333212063277,3060.8242530018347,3017.8720521743976,3052.101806640625,623,0.0,0
2019-03-05,3064.64340278112,3116.978082428613,3019.0038823463437,3061.343017578125,4229,0.0,0
2019-03-06,3107.0768286266875,3107.26537601758,3059.4097920865315,3091.04638671875,1419,0.0,0
2019-03-07,3091.046425282995,3215.5180934151963,3066.529278529683,3199.86474609375,14580,0.0,0
2019-03-08,3196.611406333539,3323.864775679315,3196.564211933279,3284.0244140625,7329,0.0,0
2019-03-11,3295.3873395704322,3295.3873395704322,3206.088394164522,3217.734130859375,1792,0.0,0
2019-03-12,3265.495253741855,3265.495253741855,3217.4039288961044,3257.14990234375,968,0.0,0
2019-03-13,3253.2365949413925,3290.8608913006024,3207.031205621935,3263.986328125,1076,0.0,0
2019-03-14,3234.4245451463926,3295.3872798019356,3164.173491901344,3167.473876953125,1176,0.0,0
2019-03-15,3175.0648953019468,3215.5180953830295,3170.067123186624,3201.04345703125,514,0.0,0
2019-03-18,3201.090737577375,3212.8778276870335,3170.821628305733,3180.345458984375,589,0.0,0
2019-03-19,3196.6115059547606,3207.0313392072057,3159.0344024300834,3188.690673828125,2112,0.0,0
2019-03-20,3207.0315197224127,3229.3797968244667,3158.9401914348964,3176.337890625,2726,0.0,0
2019-03-22,3144.795615716585,3191.3781033649966,3144.795615716585,3183.31591796875,609,0.0,0
2019-03-25,3158.940029621192,3223.061797386637,3158.940029621192,3214.197998046875,936,0.0,0
2019-03-26,3204.2968333693816,3224.947722311581,3159.034409196587,3206.08837890625,6074,0.0,0
2019-03-27,3220.2328452996244,3228.813938526005,3183.032836951414,3223.95751953125,50599,0.0,0
2019-03-28,3192.1325836413816,3253.2369054744845,3192.1325836413816,3245.363037109375,1364,0.0,0
2019-04-01,3227.022296875247,3315.001182435341,3227.022296875247,3289.2109375,5393,0.0,0
2019-04-02,3298.5935724403494,3300.3851179891913,3253.236759160774,3279.969970703125,1043,0.0,0
2019-04-03,3279.9699424352602,3318.2542713440303,3262.760791611202,3292.228515625,665,0.0,0
2019-04-04,3298.593598361816,3300.385143924736,3234.3774410462415,3276.99951171875,13232,0.0,0
2019-04-05,3296.707698068961,3296.707698068961,3253.2368183515937,3254.41552734375,498,0.0,0
2019-04-08,3276.8109486017397,3464.4614173130335,3262.0536043299276,3403.262939453125,7022,0.0,0
2019-04-09,3442.7730513815936,3460.6894271625442,3301.469332412041,3328.108154296875,2292,0.0,0
2019-04-10,3328.1082168185108,3465.4043279952452,3309.8147459219895,3423.347900390625,1123,0.0,0
2019-04-11,3411.749776104439,3422.970993887566,3358.849223203171,3375.303955078125,685,0.0,0
2019-04-12,3391.8529021690074,3418.208788462531,3333.3889377724327,3346.354736328125,437,0.0,0
2019-04-15,3347.5335224319283,3394.6818819028003,3309.8148348552304,3331.40869140625,686,0.0,0
2019-04-16,3369.9761004517395,3394.6817941323843,3254.3210395300234,3285.15625,21856,0.0,0
2019-04-18,3285.156462193815,3298.6407093515368,3193.1699632595955,3235.17919921875,1558,0.0,0
2019-04-22,3283.506265392398,3283.506265392398,3177.799547411158,3197.271728515625,1239,0.0,0
2019-04-23,3243.8070983451044,3243.8070983451044,3122.1643321571632,3137.487548828125,1666,0.0,0
2019-04-24,3140.0805219712533,3224.0045959818963,3122.352694002093,3199.251708984375,650,0.0,0
2019-04-25,3169.35977030102,3290.012370519666,3169.35977030102,3245.080078125,908,0.0,0
2019-04-26,3241.8268265433303,3245.5986953220963,3208.9173635352363,3226.833740234375,449,0.0,0
2019-04-30,3234.377536182406,3253.236880416706,3177.7995034795067,3230.039794921875,810,0.0,0
2019-05-02,3206.0883575675084,3235.2259508481757,3184.7302433897617,3190.906494140625,445,0.0,0
2019-05-03,3207.785753380165,3287.513673359438,3187.2290231049856,3254.321044921875,1985,0.0,0
2019-05-06,3225.089106477299,3276.4808177536274,3130.651035548813,3251.4921875,5479,0.0,0
2019-05-07,3256.348465624506,3328.6739991085615,3201.9862719567045,3298.92333984375,2220,0.0,0
2019-05-08,3328.6741847016942,3347.533528524367,3217.9227341463697,3310.616455078125,1156,0.0,0
2019-05-09,3323.1105858233414,3323.1105858233414,3206.088271815443,3255.263916015625,6562,0.0,0
2019-05-10,3262.0064128560252,3394.6818490809533,3206.0884130209,3239.988037109375,3709,0.0,0
2019-05-13,3262.666341829849,3283.458813548701,3239.092163059402,3253.472412109375,1494,0.0,0
2019-05-14,3220.8928379928084,3318.30139032208,3220.8928379928084,3290.0595703125,1586,0.0,0
2019-05-15,3300.3851148757335,3347.5334736596724,3264.7409095917565,3334.09619140625,761,0.0,0
2019-05-16,3335.5578962433347,3343.714470372235,3300.3851739179745,3308.541748046875,783,0.0,0
2019-05-17,3323.110712752711,3335.2277028187636,3275.4908704259788,3302.978271484375,465,0.0,0
2019-05-20,3323.9593182984845,3323.9593182984845,3255.3584557718987,3287.324951171875,1760,0.0,0
2019-05-21,3323.9593242743617,3323.9593242743617,3256.065687012587,3266.53271484375,398,0.0,0
2019-05-22,3272.6148660944514,3304.204267333942,3262.6665160786947,3267.522705078125,458,0.0,0
2019-05-23,3289.8709646050293,3292.841218978814,3249.2289892028207,3253.660888671875,1514,0.0,0
2019-05-24,3253.7082014656216,3277.3767693838154,3253.2367178833197,3255.217041015625,247,0.0,0
2019-05-27,3245.834436282632,3309.8148525125707,3245.834436282632,3269.455810546875,955,0.0,0
2019-05-28,3300.385156911732,3300.385156911732,3250.9265739607604,3255.311279296875,681,0.0,0
2019-05-29,3248.5219984197806,3276.811014371187,3248.5219984197806,3261.629150390625,17032,0.0,0
2019-05-30,3243.854205590924,3290.0595961572913,3243.854205590924,3258.32861328125,1013,0.0,0
2019-05-31,3262.6665701640386,3417.171840725068,3253.1425091876113,3409.816650390625,14256,0.0,0
2019-06-03,3348.994913392956,3357.01013389456,3253.2365565334167,3285.250244140625,3309,0.0,0
2019-06-04,3285.297557039278,3286.193329790216,3253.2366738764376,3258.0458984375,1310,0.0,0
2019-06-06,3229.7097666032378,3309.814782022252,3229.7097666032378,3299.58349609375,2073,0.0,0
2019-06-07,3253.61383769233,3295.575876840013,3253.61383769233,3281.007080078125,436,0.0,0
2019-06-10,3309.814756775143,3323.3464277107046,3253.236726744799,3255.499755859375,767,0.0,0
2019-06-11,3303.827030658703,3303.874225063344,3253.236931049461,3280.15869140625,815,0.0,0
2019-06-12,3263.7507910138884,3289.7295830894286,3253.472540750212,3258.7060546875,281,0.0,0
2019-06-13,3297.5563802778306,3297.5563802778306,3243.85444294774,3254.792724609375,383,0.0,0
2019-06-14,3254.7925488366773,3276.763729999001,3251.398005145672,3255.641357421875,402,0.0,0
2019-06-17,3259.2247405630396,3298.7821681562395,3253.236806817475,3279.49853515625,504,0.0,0
2019-06-18,3271.105937187655,3295.7174725531895,3255.405625803273,3277.612548828125,409,0.0,0
2019-06-19,3262.6664376816857,3288.739388081145,3253.2367658964786,3254.74560546875,2186,0.0,0
2019-06-20,3271.9548072771404,3272.0961602694742,3253.23681640625,3253.23681640625,946,0.0,0
2019-06-21,3229.8983267764206,3265.966821338627,3229.8983267764206,3251.350830078125,2036,0.0,0
2019-06-24,3251.3509170823604,3272.096195555624,3222.2602867729847,3242.29833984375,477,0.0,0
2019-06-25,3225.0423248556403,3299.395153028951,3224.9479360457203,3247.107666015625,806,0.0,0
2019-06-26,3232.962991329737,3262.666457634794,3224.9477702632935,3248.239013671875,568,0.0,0
2019-06-27,3229.756948776357,3253.0953862535316,3224.947724118665,3233.8115234375,404,0.0,0
2019-06-28,3234.424626238596,3253.236775462079,3229.6625959297453,3244.5615234375,177,0.0,0
2019-07-01,3276.8109699438655,3276.8109699438655,3206.1356254268135,3224.052001953125,698,0.0,0
2019-07-02,3226.833614591052,3234.5658992431304,3172.4244556192025,3181.33544921875,640,0.0,0
2019-07-03,3191.236669511279,3191.236669511279,3168.369715463662,3177.61083984375,357,0.0,0
2019-07-04,3226.833664039713,3226.833664039713,3102.36199727956,3152.103515625,804,0.0,0
2019-07-05,3201.373478070688,3201.373478070688,3050.498733890626,3125.74755859375,4527,0.0,0
2019-07-08,3117.543840289552,3156.0639108992254,3040.692016243535,3108.1611328125,1384,0.0,0
2019-07-09,3081.805277270898,3121.2213512545313,3022.304186620142,3086.614501953125,8907,0.0,0
2019-07-10,3083.502672869059,3111.791688216482,3061.1543967879147,3105.19091796875,372,0.0,0
2019-07-11,3117.4968206520102,3121.8815261340465,3067.8024942503052,3084.021484375,866,0.0,0
2019-07-12,3084.0685029523465,3100.947523124774,3073.365733539431,3093.120849609375,443,0.0,0
2019-07-15,3093.215316852499,3093.215316852499,2972.798452832004,3065.491943359375,2355,0.0,0
2019-07-16,3036.401460764525,3064.6432812670364,3008.0652514590292,3044.74658203125,1855,0.0,0
2019-07-17,3022.209877833313,3062.4745312544173,3012.7802058275925,3033.619873046875,5680,0.0,0
2019-07-18,3036.3543923388597,3036.3543923388597,3010.9414722723873,3018.8623046875,937,0.0,0
2019-07-19,3023.5299482334963,3036.354394283571,2975.2028790698214,3020.041015625,1078,0.0,0
2019-07-22,3017.8251399973738,3120.0898857568004,2998.6828599882106,3011.36572265625,12147,0.0,0
2019-07-23,3107.9255367401124,3110.8488271790593,3017.4950733473747,3064.124755859375,2057,0.0,0
2019-07-24,3046.6324948743395,3096.656948586815,3000.5214929926105,3021.31396484375,579,0.0,0
2019-07-25,3078.221993852144,3078.221993852144,2970.4410285269537,3007.688232421875,21088,0.0,0
2019-07-26,3008.1123442061244,3050.4986707282587,3008.1123442061244,3046.58544921875,3274,0.0,0
2019-07-29,3135.3658642609157,3649.282975846539,3135.2245112709707,3177.61083984375,66038,0.0,0
2019-07-30,3169.3126421453235,3206.1355559886347,3122.400025677983,3140.175048828125,51419,0.0,0
2019-07-31,3119.3352698322688,3166.4364319897145,3113.6774670453906,3157.053955078125,7072,0.0,0
2019-08-01,3157.054244043784,3158.9401784786965,3132.5370963899195,3152.00927734375,1139,0.0,0
2019-08-02,3117.4495227782345,3203.9667622564266,3117.4495227782345,3140.1279296875,3607,0.0,0
2019-08-05,3137.7233575869386,3140.3165173865973,3111.7917595903523,3134.941650390625,1454,0.0,0
2019-08-06,3111.7915998906556,3141.023581586598,3080.720878292641,3139.609130859375,1773,0.0,0
2019-08-07,3122.164208499256,3229.568073932423,3122.164208499256,3220.892822265625,4826,0.0,0
2019-08-08,3222.118741201398,3270.2572600976073,3217.403905466541,3232.53857421875,10104,0.0,0
2019-08-09,3272.0960129477785,3272.0960129477785,3209.247344439899,3226.927978515625,847,0.0,0
2019-08-13,3234.3775228065892,3272.0962111192025,3220.327403496782,3251.72802734375,27747,0.0,0
2019-08-14,3234.3774200822213,3262.666435418217,3231.5957129508342,3237.4892578125,9631,0.0,0
2019-08-16,3253.2367540901937,3269.314390468944,3215.518067086249,3247.67333984375,6069,0.0,0
2019-08-19,3297.031760302046,3339.650697030692,3287.3346080658634,3311.189697265625,9827,95.0,0
2019-08-20,3311.18970350622,3335.8203755337927,3297.031766515958,3328.935302734375,1621,0.0,0
2019-08-21,3301.686384783456,3351.3357560421123,3297.031704439578,3298.437744140625,3682,0.0,0
2019-08-22,3250.5338909154175,3355.214599644548,3248.545927401513,3317.83203125,4059,0.0,0
2019-08-23,3345.517512888745,3345.517512888745,3283.9405963471695,3310.46240234375,1349,0.0,0
2019-08-26,3345.42041308585,3346.0508700213823,3272.788838451268,3324.81396484375,4666,0.0,0
2019-08-27,3369.7605302490883,3408.9369320746673,3306.7290383163718,3360.208740234375,2457,0.0,0
2019-08-28,3369.760398978981,3374.60897509262,3312.5472008380425,3365.590576171875,39799,0.0,0
2019-08-29,3388.185122607808,3388.185122607808,3279.867975281945,3301.250244140625,2477,0.0,0
2019-08-30,3345.469129389914,3345.469129389914,3297.0318992778425,3310.850341796875,2140,0.0,0
2019-09-03,3310.8986644493903,3428.1371377755327,3303.81969611919,3325.977783203125,70628,0.0,0
2019-09-04,3325.977934300436,3427.9433978138827,3325.977934300436,3385.08203125,2922,0.0,0
2019-09-05,3400.646090603157,3450.731789619119,3350.075297205117,3438.367919921875,49128,0.0,0
2019-09-06,3474.4411677711887,3490.974859943353,3345.469041001059,3474.926025390625,2014,0.0,0
2019-09-09,3442.9740317958954,3474.392711531779,3412.6704299106336,3422.997802734375,4669,0.0,0
2019-09-11,3474.489805230183,3474.489805230183,3400.791444862476,3433.325439453125,6464,0.0,0
2019-09-12,3440.404341104037,3440.5497036926427,3394.0033717373867,3402.343017578125,1229,0.0,0
2019-09-13,3398.851826691582,3417.712740263505,3391.0941049758812,3404.864013671875,793,0.0,0
2019-09-16,3475.4593626800033,3475.4593626800033,3362.0026814764433,3419.99169921875,3378,0.0,0
2019-09-17,3420.185626956942,3442.489077317024,3374.6090110037308,3414.755126953125,10058,0.0,0
2019-09-18,3423.0948807597547,3515.21783080853,3363.0210675246944,3448.64697265625,8198,0.0,0
2019-09-19,3539.460602160673,3539.460602160673,3338.971977641024,3448.06494140625,4038,0.0,0
2019-09-20,3507.4601159989047,3539.4607197666583,3411.021980175463,3474.538330078125,4332,0.0,0
2019-09-23,3544.309243145076,3636.4321920093116,3496.7446627242166,3612.286376953125,6342,0.0,0
2019-09-24,3634.444104020198,3648.068650182723,3498.877869191943,3577.182373046875,7871,0.0,0
2019-09-25,3625.7652497968274,3637.4018325723187,3577.1341256463397,3626.83203125,3916,0.0,0
2019-09-26,3589.0614087849963,3665.0872244408215,3566.7096622557488,3637.595703125,1907,0.0,0
2019-09-27,3673.281244732906,3673.281244732906,3612.1891860163873,3656.2626953125,1884,0.0,0
2019-09-30,3665.523619384604,3709.160805329659,3626.7350096556665,3660.190185546875,3803,0.0,0
2019-10-01,3684.8207498540946,3684.8207498540946,3587.9462945986816,3634.444091796875,5441,0.0,0
2019-10-03,3633.7168055252355,3673.2812336381903,3563.703414366513,3588.43115234375,1914,0.0,0
2019-10-04,3589.2556939014075,3615.1470441498545,3518.7572046776063,3567.049072265625,1691,0.0,0
2019-10-07,3544.3091493717116,3599.5829172278504,3508.5267522478057,3562.345947265625,1926,0.0,0
2019-10-09,3556.5759878230533,3628.5773440394983,3548.527540768082,3607.1953125,1175,0.0,0
2019-10-10,3617.0379546760187,3644.5294772608518,3606.6620486433503,3631.05029296875,1369,0.0,0
2019-10-11,3643.0747189852177,3676.1418659393576,3598.952676474861,3631.825927734375,1368,0.0,0
2019-10-14,3682.978468214884,3685.3542231949245,3576.5036878981578,3662.323486328125,2091,0.0,0
2019-10-15,3683.9481159100155,3828.4356834990103,3643.8502969172705,3798.37451171875,3641,0.0,0
2019-10-16,3845.8906056382198,3845.8906056382198,3694.8574584299113,3727.48828125,2416,0.0,0
2019-10-17,3744.070576349605,3747.076788320228,3655.7294224678794,3687.293701171875,3369,0.0,0
2019-10-18,3675.608588806163,3744.022047041271,3675.608588806163,3720.845947265625,1485,0.0,0
2019-10-22,3720.797269402443,3810.011068929424,3720.797269402443,3800.5078125,2607,0.0,0
2019-10-23,3809.138413907701,3878.763776639524,3757.646441519992,3770.543701171875,3446,0.0,0
2019-10-24,3859.466671004894,3859.466671004894,3783.8288819751497,3798.229248046875,633,0.0,0
2019-10-25,3714.0093969706477,3834.15702140627,3666.4933498553573,3699.02734375,2989,0.0,0
2019-10-29,3592.892028630283,3718.857943544686,3592.892028630283,3667.6083984375,2102,0.0,0
2019-10-30,3656.7962811137086,3726.5672474015964,3656.7962811137086,3706.30029296875,6424,0.0,0
2019-10-31,3685.9361277097023,3781.889402508589,3685.9361277097023,3739.94921875,7766,0.0,0
2019-11-01,3723.7550819423286,3825.526649775183,3665.4751008933868,3782.665283203125,76073,0.0,0
2019-11-04,3801.2836902529625,3878.763842199927,3801.2836902529625,3868.1455078125,4744,0.0,0
2019-11-05,3867.224383628616,3867.224383628616,3741.743326060183,3822.666015625,4417,0.0,0
2019-11-06,3791.586487397902,3930.6920875209635,3791.586487397902,3876.000244140625,26035,0.0,0
2019-11-07,3946.7410100169077,4079.397864887291,3855.393882146728,4051.276123046875,6449,0.0,0
2019-11-08,4058.2583612139597,4171.230188951457,3987.9540048966333,4059.76123046875,7689,0.0,0
2019-11-11,4034.015436372577,4121.289808794099,3993.239099544253,4042.4521484375,2975,0.0,0
2019-11-13,4042.452097111275,4169.775518307674,4026.742520877353,4142.5751953125,60928,0.0,0
2019-11-14,4266.746896775756,4482.120738241301,4237.752506880508,4422.337890625,23236,0.0,0
2019-11-15,4460.69029350442,4479.114883847155,4363.718765384759,4410.70166015625,4940,0.0,0
2019-11-18,4365.85212135968,4412.05895761868,4288.129066462589,4296.9052734375,2705,0.0,0
2019-11-19,4290.989953200307,4300.687105636918,4222.43089607596,4270.57763671875,1612,0.0,0
2019-11-20,4249.292085193839,4534.485425500877,4220.200628654401,4269.5107421875,8092,0.0,0
2019-11-21,4266.747106121815,4357.852043387539,4251.279958464613,4290.74755859375,2032,0.0,0
2019-11-22,4315.280878124043,4392.761500353375,4296.274839255546,4337.43896484375,1381,0.0,0
2019-11-25,4219.230917169434,4322.942149221792,4219.230917169434,4266.1650390625,2837,0.0,0
2019-11-26,4276.492411605676,4315.232723997268,4170.890518968855,4215.8369140625,3901,0.0,0
2019-11-27,4179.472514065206,4339.475522144268,4179.472514065206,4275.18359375,1869,0.0,0
2019-11-28,4311.063378950503,4311.063378950503,4199.0124950492855,4215.10986328125,1495,0.0,0
2019-11-29,4215.691392160114,4252.201074072272,4194.018163138558,4202.2607421875,799,0.0,0
2019-12-02,4194.0184825666365,4221.897796179074,4082.501228116888,4095.447021484375,2205,0.0,0
2019-12-03,4063.106783681036,4082.5493845013852,4000.0752941967244,4029.4091796875,3028,0.0,0
2019-12-04,3990.3782727720527,4022.8637338019103,3986.499411753562,3998.86328125,1737,0.0,0
2019-12-05,4009.7725136776407,4168.805812890007,3975.832480309148,4073.337158203125,3993,0.0,0
2019-12-06,4122.550312419028,4147.423887735492,4037.264139047048,4073.6767578125,25096,0.0,0
2019-12-09,4073.7737799248225,4087.2044308844584,3927.346776647353,3977.529541015625,2088,0.0,0
2019-12-10,4022.378810573882,4022.378810573882,3878.9580214529938,3909.6494140625,2576,0.0,0
2019-12-11,3878.8609578788705,3923.807353927046,3849.9148632819456,3901.261474609375,1766,0.0,0
2019-12-12,3909.9404687476726,3952.0260164116567,3857.575844609701,3875.70947265625,2108,0.0,0
2019-12-13,3845.890649557816,3975.832491978579,3845.890649557816,3952.559326171875,1948,0.0,0
2019-12-16,3972.923355465433,4071.155320304841,3955.226052258881,4033.33642578125,7000,0.0,0
2019-12-17,4053.264172157502,4167.835928303101,4036.730243906397,4137.62939453125,1852,0.0,0
2019-12-18,4150.381334917535,4196.927667645583,4097.192357924334,4111.0595703125,1623,0.0,0
2019-12-19,4117.022986199974,4166.866253245892,4063.1067258785865,4078.476806640625,1301,0.0,0
2019-12-20,4077.652537868907,4106.743994738364,4057.288518060287,4069.70068359375,1147,0.0,0
2019-12-23,4073.7253038887716,4113.483627528458,4034.984991822843,4063.155029296875,1384,0.0,0
2019-12-24,4092.1499574105187,4092.1499574105187,4024.318187953413,4034.20947265625,6473,0.0,0
2019-12-26,4043.760926514197,4130.93870709588,4033.0457622994436,4066.9375,1677,0.0,0
2019-12-27,4066.9857974415627,4092.10132795829,4035.324688924661,4071.979736328125,875,0.0,0
2019-12-30,4099.955936284211,4140.489842945525,4073.7736254328215,4107.03466796875,1372,0.0,0
2019-12-31,4148.4418655171,4165.848443761276,4072.804075542735,4086.816650390625,749,0.0,0
2020-01-01,4074.7919031495717,4163.9574125479685,4074.7919031495717,4146.11474609375,1067,0.0,0
2020-01-02,4169.775528210123,4280.953285676322,4087.3980292494884,4156.97509765625,4924,0.0,0
2020-01-03,4159.108433690676,4169.775300739078,4111.592389565974,4124.150390625,1899,0.0,0
2020-01-06,4140.635784911885,4140.635784911885,4053.409709539947,4069.2646484375,2029,0.0,0
2020-01-07,4092.1501079951336,4166.236259290017,4048.561217584348,4093.79833984375,29654,0.0,0
2020-01-08,4034.0637282242446,4088.2224195262074,4034.015431859352,4047.009521484375,976,0.0,0
2020-01-09,4072.707010053247,4156.151291950392,4048.85192005058,4146.017578125,1437,0.0,0
2020-01-10,4146.066005525703,4214.625065707346,4146.017709158875,4169.63037109375,1466,0.0,0
2020-01-13,4193.048629107786,4193.048629107786,4124.198848195055,4158.81787109375,26337,0.0,0
2020-01-14,4159.10855692375,4185.678659114649,4130.986815690178,4164.05419921875,501,0.0,0
2020-01-15,4178.502803957662,4215.254915401867,4132.053540496846,4192.27294921875,886,0.0,0
2020-01-16,4192.273089343282,4363.718553329937,4179.42436249181,4322.3115234375,2835,0.0,0
2020-01-17,4288.080675276428,4463.5508326050185,4253.219223944012,4426.216796875,5890,0.0,0
2020-01-20,4463.599342080453,4496.5696609226725,4313.923696990622,4419.7197265625,4415,0.0,0
2020-01-21,4422.822893429073,4634.220814800472,4422.822893429073,4535.6005859375,8095,0.0,0
2020-01-22,4596.45034536287,4701.179593738228,4326.093919509925,4504.56982421875,32204,0.0,0
2020-01-23,4363.718570800807,4449.8290945337685,4344.324266041693,4360.6640625,12487,0.0,0
2020-01-24,4387.961555689882,4449.0536171282165,4363.718674166733,4416.3740234375,7181,0.0,0
2020-01-27,4363.863748680111,4447.1138930336665,4363.863748680111,4398.822265625,2201,0.0,0
2020-01-28,4459.720338089041,4459.720338089041,4353.973081766041,4407.59814453125,7394,0.0,0
2020-01-29,4441.101870128705,4441.1506399892005,4363.7187798305595,4369.9736328125,885,0.0,0
2020-01-30,4387.961474269621,4387.961474269621,4267.71678414599,4317.0751953125,1571,0.0,0
2020-01-31,4271.643959948526,4353.5848983305505,4269.704529454276,4313.72998046875,2764,0.0,0
2020-02-03,4106.841040636896,4121.289702778473,3990.4264438774494,4059.373291015625,5438,0.0,0
2020-02-04,4017.5303394587727,4213.315756596059,4016.560624194602,4157.55712890625,8981,0.0,0
2020-02-05,4157.169374186298,4250.601535412429,4098.113808775901,4118.7685546875,2291,0.0,0
2020-02-06,4127.010803153179,4306.5051804225695,4121.289578202189,4269.41357421875,3340,0.0,0
2020-02-07,4315.13565812853,4321.099312026351,4210.551777065496,4224.46728515625,1714,0.0,0
2020-02-10,4281.29261039881,4373.4155544504265,4155.229634328177,4316.88134765625,8047,0.0,0
2020-02-11,4412.20445698769,4413.853162336165,4170.84242216024,4220.8310546875,3845,0.0,0
2020-02-12,4229.218835655172,4245.703994535757,4160.2724617202075,4186.16357421875,2018,0.0,0
2020-02-13,4188.200123528154,4224.903940078157,4155.0844427653465,4185.7275390625,2316,0.0,0
2020-02-14,4152.611407469384,4233.340201677909,4152.611407469384,4204.927734375,4908,0.0,0
2020-02-17,4219.231022891919,4228.395021337077,4145.629730636525,4203.9580078125,3848,0.0,0
2020-02-18,4212.44309372889,4242.5042668194965,4159.254116964979,4206.91552734375,21311,0.0,0
2020-02-19,4213.412748255835,4213.558110844132,4179.424418245665,4188.15185546875,4468,0.0,0
2020-02-20,4245.7041395254255,4252.298487399113,4195.036517118047,4210.74609375,5524,0.0,0
2020-02-24,4210.746127524993,4210.746127524993,4089.337586428216,4112.51416015625,1945,0.0,0
2020-02-25,4121.5321796425405,4121.5321796425405,4063.0585403399837,4075.713134765625,4191,0.0,0
2020-02-26,4059.2278966621857,4121.2896705241965,4034.015301030743,4068.925048828125,2179,0.0,0
2020-02-27,4111.592718270681,4111.592718270681,4024.318344533803,4068.634521484375,1902,0.0,0
2020-02-28,4036.972811090331,4077.749620731687,3927.346693404053,3953.722900390625,11871,0.0,0
2020-03-02,3932.2437882157374,4092.149971587368,3927.6861739870637,3939.565185546875,2548,0.0,0
2020-03-03,3985.432484676161,4067.9553445285187,3956.7290562360777,4031.78515625,1171,0.0,0
2020-03-04,4067.9553752217157,4067.9553752217157,3943.298435504103,3997.553955078125,2692,0.0,0
2020-03-05,4053.409609303348,4061.070264823136,3937.0437831989457,3964.923095703125,2498,0.0,0
2020-03-06,3921.8193766392783,4014.475714796372,3788.9198561847456,3992.317626953125,1988,0.0,0
2020-03-09,3898.5461705385974,3960.2684499763504,3781.9379146090637,3809.42919921875,4711,0.0,0
2020-03-11,3878.8610721891487,3946.6440747268975,3781.8895453844198,3802.641357421875,6718,0.0,0
2020-03-12,3699.6088782126667,3772.192156173522,3490.9747460731824,3615.486083984375,12155,0.0,0
2020-03-13,3456.065101137529,3673.135951416988,3190.363126470951,3541.060546875,7951,0.0,0
2020-03-16,3442.489044552726,3530.345338529359,3395.7488181140907,3436.525390625,6981,0.0,0
2020-03-17,3371.748352413505,3539.3151897472303,3371.748352413505,3435.313232421875,83956,0.0,0
2020-03-18,3510.3690463611883,3542.7574395487536,3025.5114432726264,3143.622802734375,136143,0.0,0
2020-03-19,2909.145812068224,3316.3776926448627,2865.5086248872008,3241.1279296875,3265,0.0,0
2020-03-20,3143.9138049467906,3394.0032651269657,3119.8648201759434,3134.79833984375,7634,0.0,0
2020-03-23,2958.1162239133423,3200.0601668297095,2719.2267891847437,2767.373291015625,9998,0.0,0
2020-03-24,2773.3856770651846,2957.631578688396,2623.613200700326,2646.304443359375,7940,0.0,0
2020-03-25,2666.7169641565397,2666.7169641565397,2459.246431694539,2513.501953125,14407,0.0,0
2020-03-26,2522.2293466725973,2736.7303110433195,2522.2293466725973,2702.305419921875,9684,0.0,0
2020-03-27,2850.962864714491,2861.4358368730245,2657.9895279532043,2693.481201171875,5020,0.0,0
2020-03-30,2654.6925409939527,2664.2926271902606,2571.1999639654146,2622.740234375,5189,0.0,0
2020-03-31,2686.014233611313,2729.8455532444364,2657.01984171616,2688.002197265625,2352,0.0,0
2020-04-01,2715.154192865979,2732.706133757666,2599.855143236584,2639.080078125,7204,0.0,0
2020-04-03,2686.0141414612926,2713.2632343318564,2589.1396839406925,2633.989013671875,7279,0.0,0
2020-04-07,2694.838676786316,2791.81020167967,2644.3649507299474,2699.44482421875,11836,0.0,0
2020-04-08,2724.899749734554,2820.222802563968,2629.867658818545,2653.5771484375,12287,0.0,0
2020-04-09,2729.748376816493,2751.033578799664,2668.026097027015,2686.693115234375,17253,0.0,0
2020-04-13,2715.1540470567265,2758.79123138083,2664.8259225016773,2714.669189453125,33418,0.0,0
2020-04-15,2753.991240424009,2951.813146426297,2715.2511645146037,2869.53271484375,36047,0.0,0
2020-04-16,2909.1456845178127,3053.6332535155307,2895.569671323396,3007.814208984375,27265,0.0,0
2020-04-17,3054.6029050436623,3141.9258068689687,3028.178165627015,3060.712158203125,18487,0.0,0
2020-04-20,3127.331679399564,3129.2711098984164,2957.680043861824,2988.22607421875,11082,0.0,0
2020-04-21,2976.0561061323097,2994.8684873080956,2775.325049120453,2858.817626953125,18900,0.0,0
2020-04-22,2889.7514100601484,2889.7514100601484,2787.9313100412505,2813.725830078125,14566,0.0,0
2020-04-23,2859.6902809710946,2861.484348887821,2758.839894663535,2767.518798828125,27554,0.0,0
2020-04-24,2755.009509305846,2787.9312941077596,2687.0809099035137,2704.1962890625,13855,0.0,0
2020-04-27,2744.294148681708,2754.03983426227,2672.5352204122923,2694.644775390625,14742,0.0,0
2020-04-28,2744.2941712024463,2852.9022797447337,2666.716950815098,2822.162353515625,42559,0.0,0
2020-04-29,2849.993080386122,2869.1934894203046,2787.931305243314,2801.0224609375,13824,0.0,0
2020-04-30,2817.0228435090303,2935.4734683746897,2813.143982450842,2824.586669921875,18876,0.0,0
2020-05-04,2880.0541653786995,2960.2980987743517,2839.3261266763743,2860.611328125,33686,0.0,0
2020-05-05,2913.994173333759,2913.994173333759,2792.7797734446676,2804.028564453125,10523,0.0,0
2020-05-06,2812.1740778689136,2825.7500906586256,2726.839140333581,2775.2763671875,21646,0.0,0
2020-05-07,2800.4891906235844,2811.8348120303417,2730.6696905858225,2739.78515625,9783,0.0,0
2020-05-08,2778.234181397827,2778.234181397827,2705.505537905737,2711.178466796875,8768,0.0,0
2020-05-11,2706.766178637252,2756.4640843544817,2706.2813210204986,2720.972412109375,8263,0.0,0
2020-05-12,2721.990793166961,2759.4218977040678,2707.4450639551674,2728.051513671875,6093,0.0,0
2020-05-13,2811.2043830315133,2811.2043830315133,2729.748305703246,2781.28857421875,9245,0.0,0
2020-05-14,2783.082773068145,2806.3559391147073,2729.748434211438,2754.330810546875,4911,0.0,0
2020-05-15,2783.082661274051,2831.568421923425,2739.4454766896147,2816.052978515625,8461,0.0,0
2020-05-18,2816.0531705119256,2880.005845819317,2774.3554135105437,2794.913330078125,16939,0.0,0
2020-05-19,2840.2958442831355,2849.3627761768494,2789.7252908837754,2831.37451171875,7666,0.0,0
2020-05-20,2821.8712273146884,2921.169968931067,2821.8712273146884,2887.181640625,5973,0.0,0
2020-05-21,2909.1456296167357,3042.9663285791053,2894.5999014686518,3002.965576171875,20255,0.0,0
2020-05-22,3094.3612947945994,3127.767937074077,3017.75379172698,3041.1240234375,69269,0.0,0
2020-05-26,3052.663628994692,3117.6345512128123,3030.3601780839936,3040.736083984375,10941,0.0,0
2020-05-27,3040.0573051049673,3045.5846346739627,2951.813217460772,2980.080322265625,15537,0.0,0
2020-05-28,2980.9046063357036,3025.5115067558218,2977.1711080148325,2990.795654296875,13750,0.0,0
2020-05-29,2990.844234842844,3050.336359632417,2979.2076519399943,3020.0810546875,12004,0.0,0
2020-06-01,3072.0579533772175,3277.2012646271482,3017.7053655332707,3251.8916015625,41134,0.0,0
2020-06-02,3297.03182619805,3343.8691197842995,3212.6666000571004,3216.593994140625,21280,0.0,0
2020-06-03,3219.4545181536987,3348.9600326414557,3219.4545181536987,3271.625244140625,21194,0.0,0
2020-06-04,3297.03189984334,3297.03189984334,3193.2723665247404,3201.805908203125,20512,0.0,0
2020-06-05,3241.758129757731,3249.176356833622,3175.817491760864,3201.805908203125,13632,0.0,0
2020-06-08,3248.4489084365687,3272.7888550648395,3185.5144855964436,3246.461181640625,25536,0.0,0
2020-06-09,3274.728401596436,3296.062137111722,3132.180259744296,3168.932373046875,17325,0.0,0
2020-06-10,3183.5750891581047,3219.4545525449003,3094.4098214151604,3120.446533203125,17054,0.0,0
2020-06-11,3117.6344525555733,3117.6829856662644,2986.7228970050282,3003.01416015625,24284,0.0,0
2020-06-12,2921.994410268625,2972.177173308997,2909.1456834998344,2924.17626953125,25516,0.0,0
2020-06-15,2960.540509550345,2992.153319811277,2897.50902146624,2908.7578125,15886,0.0,0
2020-06-16,2956.6618211046934,2966.746765087305,2918.8429260495664,2936.249267578125,8261,0.0,0
2020-06-17,2909.145676787,2990.55322262638,2889.751372275087,2956.7587890625,19932,0.0,0
2020-06-18,2975.086295176374,2978.965156056656,2928.5399646129886,2959.619384765625,14161,0.0,0
2020-06-19,2991.571477102017,3005.1474902882173,2958.649692474857,2970.189208984375,10349,0.0,0
2020-06-22,2986.722812321995,3012.4687981996653,2954.431248852386,2979.20751953125,14742,0.0,0
2020-06-23,2986.7229775608416,3145.756278963432,2977.0258250362936,3106.628173828125,21570,0.0,0
2020-06-24,3132.180198677182,3170.9688079487264,2987.304837746718,3004.46875,17178,0.0,0
2020-06-25,3049.754372162447,3054.215156880896,2990.9895350302945,3026.966064453125,13737,0.0,0
2020-06-26,3064.300077353948,3065.2697925683,3016.2991742434983,3045.87548828125,9226,0.0,0
2020-06-29,3038.2149748531924,3044.663486631417,2990.9896523084717,3032.8330078125,12169,0.0,0
2020-06-30,3069.148667365528,3092.4218326156933,3014.844615115143,3038.457275390625,4899,0.0,0
2020-07-01,3054.6030566758645,3065.269924492828,3006.117293871486,3044.808837890625,6218,0.0,0
2020-07-02,3017.802445199408,3074.9671128620826,3017.802445199408,3064.494140625,6819,0.0,0
2020-07-03,3055.5726688181053,3092.3247810848266,3044.905801361108,3077.779052734375,6655,0.0,0
2020-07-06,3079.8157077456644,3151.57463796392,3031.1845814924554,3120.349853515625,13721,0.0,0
2020-07-07,3122.531562988595,3155.50188069538,3093.391573077781,3120.446533203125,13032,0.0,0
2020-07-08,3136.0589598946617,3141.683355409587,3108.1796478671504,3125.634521484375,10859,0.0,0
2020-07-09,3137.0288832076403,3150.6048969216763,3108.0344914742764,3131.113525390625,9765,0.0,0
2020-07-10,3151.5744543566525,3187.453917375482,3132.18015002215,3176.01123046875,9363,0.0,0
2020-07-13,3190.3145722877516,3363.3602076612874,3190.3145722877516,3296.35302734375,28711,0.0,0
2020-07-14,3326.0260821019556,3345.517452392908,3219.8908004181703,3242.82470703125,24646,0.0,0
2020-07-15,3297.031696056876,3360.0631843638457,3242.72764459241,3260.327880859375,29939,0.0,0
2020-07-16,3297.0317444620255,3298.9226417896202,3229.394107939606,3255.81884765625,25895,0.0,0
2020-07-17,3256.3037605932395,3316.426105190256,3235.1639211113634,3298.050048828125,12686,0.0,0
2020-07-20,3399.0,3399.0,3330.050048828125,3346.5,8924,103.0,0
2020-07-21,3346.0,3350.050048828125,3229.10009765625,3246.35009765625,25986,0.0,0
2020-07-22,3270.0,3277.449951171875,3120.0,3172.5,22969,0.0,0
2020-07-23,3176.0,3224.0,3176.0,3186.300048828125,10112,0.0,0
2020-07-24,3190.0,3235.14990234375,3171.10009765625,3198.14990234375,10378,0.0,0
2020-07-27,3220.0,3237.0,3170.050048828125,3190.300048828125,5794,0.0,0
2020-07-28,3200.0,3225.0,3180.0,3201.949951171875,7060,0.0,0
2020-07-29,3218.0,3240.0,3200.5,3221.60009765625,15713,0.0,0
2020-07-30,3230.0,3266.89990234375,3200.199951171875,3222.699951171875,11307,0.0,0
2020-07-31,3237.949951171875,3263.5,3220.050048828125,3247.64990234375,8339,0.0,0
2020-08-03,3265.0,3300.0,3200.0,3236.35009765625,17683,0.0,0
2020-08-04,3395.0,3649.949951171875,3361.0,3481.699951171875,129011,0.0,0
2020-08-05,3481.699951171875,3508.85009765625,3423.800048828125,3448.85009765625,15575,0.0,0
2020-08-06,3449.0,3540.75,3435.0,3500.89990234375,28476,0.0,0
2020-08-07,3500.0,3511.949951171875,3470.0,3491.60009765625,6489,0.0,0
2020-08-10,3496.10009765625,3521.550048828125,3450.449951171875,3464.0,17432,0.0,0
2020-08-11,3480.0,3480.0,3414.10009765625,3427.39990234375,6492,0.0,0
2020-08-12,3449.89990234375,3449.89990234375,3406.85009765625,3423.35009765625,64091,0.0,0
2020-08-13,3445.0,3454.949951171875,3400.0,3422.449951171875,27151,0.0,0
2020-08-14,3416.0,3437.0,3400.60009765625,3406.64990234375,3784,0.0,0
2020-08-17,3468.89990234375,3468.89990234375,3400.050048828125,3403.75,6281,0.0,0
2020-08-18,3403.0,3418.800048828125,3388.0,3392.699951171875,4559,0.0,0
2020-08-19,3436.0,3475.0,3400.050048828125,3452.89990234375,7935,0.0,0
2020-08-20,3459.0,3468.0,3411.0,3452.199951171875,24310,0.0,0
2020-08-21,3441.0,3500.0,3418.85009765625,3463.14990234375,9988,0.0,0
2020-08-24,3463.449951171875,3570.0,3435.0,3461.550048828125,41313,0.0,0
2020-08-25,3461.550048828125,3493.949951171875,3412.0,3452.800048828125,8092,0.0,0
2020-08-26,3480.0,3515.0,3438.35009765625,3454.0,10556,0.0,0
2020-08-27,3705.0,3807.0,3462.0,3492.35009765625,70461,0.0,0
2020-08-28,3518.0,3518.0,3460.0,3472.5,9080,0.0,0
2020-08-31,3499.0,3499.85009765625,3326.5,3395.39990234375,15636,0.0,0
2020-09-01,3366.0,3414.0,3360.0,3392.60009765625,8733,0.0,0
2020-09-02,3399.949951171875,3408.89990234375,3359.85009765625,3373.85009765625,4726,0.0,0
2020-09-03,3374.0,3399.85009765625,3350.0,3362.64990234375,4048,0.0,0
2020-09-04,3379.949951171875,3379.949951171875,3310.050048828125,3322.85009765625,6586,0.0,0
2020-09-07,3340.0,3340.0,3271.0,3304.25,5614,0.0,0
2020-09-08,3318.89990234375,3352.550048828125,3300.0,3309.449951171875,8693,0.0,0
2020-09-09,3310.0,3350.0,3291.0,3330.699951171875,6336,0.0,0
2020-09-10,3311.0,3425.0,3305.0,3374.449951171875,6067,0.0,0
2020-09-11,3371.0,3448.0,3348.85009765625,3432.949951171875,4830,0.0,0
2020-09-14,3484.0,3585.0,3447.050048828125,3541.199951171875,17707,0.0,0
2020-09-15,3590.0,3590.0,3506.0,3553.64990234375,5094,0.0,0
2020-09-16,3569.949951171875,3577.14990234375,3555.550048828125,3561.699951171875,7318,0.0,0
2020-09-17,3560.0,3680.0,3515.0,3624.35009765625,14657,0.0,0
2020-09-18,3649.0,3720.0,3585.0,3684.75,8950,0.0,0
2020-09-21,3685.25,3700.0,3541.25,3560.35009765625,17669,0.0,0
2020-09-22,3560.0,3560.050048828125,3391.75,3470.60009765625,15020,0.0,0
2020-09-23,3471.39990234375,3582.0,3425.0,3537.64990234375,6818,0.0,0
2020-09-24,3510.0,3510.050048828125,3383.5,3447.699951171875,6929,0.0,0
2020-09-25,3432.39990234375,3540.0,3397.550048828125,3411.949951171875,6464,0.0,0
2020-09-28,3401.0,3414.199951171875,3365.050048828125,3387.050048828125,5258,0.0,0
2020-09-29,3387.10009765625,3398.10009765625,3302.0,3320.0,7253,0.0,0
2020-09-30,3355.0,3376.75,3250.0,3267.64990234375,9356,0.0,0
2020-10-01,3290.0,3409.89990234375,3284.75,3380.0,26957,0.0,0
2020-10-05,3400.0,3440.0,3352.300048828125,3373.800048828125,20241,0.0,0
2020-10-06,3361.10009765625,3411.14990234375,3350.0,3393.699951171875,2522,0.0,0
2020-10-07,3400.0,3400.0,3312.60009765625,3329.199951171875,3076,0.0,0
2020-10-08,3325.0,3379.60009765625,3320.0,3339.85009765625,13564,0.0,0
2020-10-09,3361.89990234375,3380.0,3330.0,3331.75,30869,0.0,0
2020-10-12,3360.0,3360.0,3290.0,3319.75,34377,0.0,0
2020-10-13,3330.0,3359.89990234375,3272.0,3296.949951171875,5941,0.0,0
2020-10-14,3291.0,3315.0,3266.300048828125,3275.800048828125,2714,0.0,0
2020-10-15,3294.949951171875,3324.949951171875,3270.0,3306.300048828125,9198,0.0,0
2020-10-16,3329.949951171875,3375.0,3311.0,3369.25,5016,0.0,0
2020-10-19,3371.10009765625,3450.0,3371.10009765625,3422.0,5668,0.0,0
2020-10-20,3449.0,3582.0,3413.300048828125,3465.64990234375,7545,0.0,0
2020-10-21,3475.0,3493.0,3401.64990234375,3409.85009765625,4257,0.0,0
2020-10-22,3400.85009765625,3400.85009765625,3285.050048828125,3380.39990234375,7264,0.0,0
2020-10-23,3394.0,3450.0,3365.0,3405.35009765625,2732,0.0,0
2020-10-26,3474.0,3474.0,3350.0,3366.10009765625,6282,0.0,0
2020-10-27,3399.0,3525.0,3330.0,3429.10009765625,24121,0.0,0
2020-10-28,3460.0,3497.949951171875,3419.89990234375,3437.25,6670,0.0,0
2020-10-29,3438.0,3439.800048828125,3300.0,3367.949951171875,4245,0.0,0
2020-10-30,3399.0,3425.0,3365.14990234375,3398.699951171875,2855,0.0,0
2020-11-02,3412.0,3449.39990234375,3333.050048828125,3426.550048828125,4473,0.0,0
2020-11-03,3426.550048828125,3426.550048828125,3388.0,3412.89990234375,28800,0.0,0
2020-11-04,3383.0,3423.949951171875,3383.0,3411.449951171875,3833,0.0,0
2020-11-05,3420.050048828125,3471.949951171875,3404.75,3460.699951171875,4696,0.0,0
2020-11-06,3460.0,3478.0,3419.949951171875,3439.39990234375,3300,0.0,0
2020-11-09,3456.39990234375,3480.0,3429.0,3473.050048828125,5507,0.0,0
2020-11-10,3440.0,3473.050048828125,3350.75,3374.39990234375,5950,0.0,0
2020-11-11,3391.10009765625,3450.0,3380.0,3428.25,3342,0.0,0
2020-11-12,3430.0,3471.35009765625,3418.0,3452.14990234375,2683,0.0,0
2020-11-13,3420.0,3485.0,3420.0,3471.0,4441,0.0,0
2020-11-17,3540.0,3580.0,3525.0,3568.35009765625,6976,0.0,0
2020-11-18,3580.0,3617.949951171875,3561.39990234375,3610.050048828125,6388,0.0,0
2020-11-19,3590.0,3630.75,3500.0,3516.199951171875,9198,0.0,0
2020-11-20,3533.60009765625,3556.949951171875,3501.0,3517.25,3842,0.0,0
2020-11-23,3492.0,3590.0,3492.0,3557.39990234375,4740,0.0,0
2020-11-24,3588.0,3588.0,3484.39990234375,3507.14990234375,5198,0.0,0
2020-11-25,3549.89990234375,3590.449951171875,3510.0,3563.25,4350,0.0,0
2020-11-26,3560.25,3560.25,3520.0,3540.25,1379,0.0,0
2020-11-27,3540.60009765625,3610.0,3540.5,3593.449951171875,5104,0.0,0
2020-12-01,3600.0,3624.0,3540.10009765625,3592.39990234375,7213,0.0,0
2020-12-02,3600.0,3650.0,3590.10009765625,3621.75,3813,0.0,0
2020-12-03,3639.89990234375,3717.60009765625,3615.0,3694.0,10372,0.0,0
2020-12-04,3700.0,3785.0,3690.14990234375,3751.699951171875,7602,0.0,0
2020-12-07,3751.699951171875,3844.0,3726.60009765625,3835.5,10578,0.0,0
2020-12-08,3845.0,3872.0,3810.0,3827.14990234375,3972,0.0,0
2020-12-09,3807.39990234375,4021.89990234375,3807.39990234375,3875.25,18698,0.0,0
2020-12-10,3971.0,3971.0,3800.0,3873.35009765625,5878,0.0,0
2020-12-11,3889.89990234375,4040.0,3811.300048828125,3958.75,8835,0.0,0
2020-12-14,3975.0,4015.0,3888.0,3903.39990234375,6517,0.0,0
2020-12-15,3907.699951171875,3950.0,3811.0,3845.89990234375,4637,0.0,0
2020-12-16,3863.199951171875,4538.2001953125,3791.300048828125,3814.949951171875,8703,0.0,0
2020-12-17,3815.0,3885.89990234375,3803.10009765625,3848.300048828125,4984,0.0,0
2020-12-18,3865.0,3865.0,3790.0,3802.800048828125,3673,0.0,0
2020-12-21,3802.800048828125,3837.949951171875,3650.0,3674.89990234375,8704,0.0,0
2020-12-22,3650.0,3850.0,3502.10009765625,3726.800048828125,11084,0.0,0
2020-12-23,3724.0,3782.75,3701.0,3730.5,5066,0.0,0
2020-12-24,3740.0,3851.10009765625,3727.0,3767.449951171875,4447,0.0,0
2020-12-28,3780.0,3856.0,3750.10009765625,3819.75,5186,0.0,0
2020-12-29,3860.0,3860.0,3750.10009765625,3776.199951171875,4203,0.0,0
2020-12-30,3780.0,3780.050048828125,3711.0,3723.35009765625,5143,0.0,0
2020-12-31,3723.35009765625,3772.0,3674.050048828125,3704.39990234375,9099,0.0,0
2021-01-01,3745.0,3800.0,3713.89990234375,3774.5,4988,0.0,0
2021-01-04,3774.5,3800.0,3719.0,3731.0,5017,0.0,0
2021-01-05,3735.0,3743.5,3680.050048828125,3720.39990234375,5563,0.0,0
2021-01-06,3730.0,3730.39990234375,3663.050048828125,3672.60009765625,9465,0.0,0
2021-01-07,3680.0,3800.0,3623.0,3641.25,9862,0.0,0
2021-01-08,3675.0,3699.0,3618.25,3661.449951171875,55476,0.0,0
2021-01-11,3699.89990234375,3749.949951171875,3633.35009765625,3666.800048828125,8966,0.0,0
2021-01-12,3690.0,3699.0,3655.0,3684.050048828125,7054,0.0,0
2021-01-13,3729.89990234375,3729.89990234375,3631.0,3669.64990234375,5354,0.0,0
2021-01-14,3685.0,3698.949951171875,3640.0,3644.35009765625,4772,0.0,0
2021-01-15,3662.60009765625,3697.0,3650.0,3656.050048828125,3770,0.0,0
2021-01-18,3625.050048828125,3714.449951171875,3600.0,3678.75,5627,0.0,0
2021-01-19,3678.75,3751.699951171875,3665.0,3722.449951171875,5160,0.0,0
2021-01-20,3760.0,3779.5,3675.050048828125,3762.64990234375,6135,0.0,0
2021-01-21,3700.10009765625,3709.89990234375,3625.0,3640.800048828125,13537,0.0,0
2021-01-22,3641.0,3690.0,3625.949951171875,3640.25,46075,0.0,0
2021-01-25,3675.0,3675.0,3635.0,3640.0,3632,0.0,0
2021-01-27,3635.0,3663.0,3475.800048828125,3525.050048828125,14048,0.0,0
2021-01-28,3500.0,3570.0,3475.949951171875,3512.300048828125,3106,0.0,0
2021-01-29,3529.64990234375,3579.89990234375,3501.050048828125,3527.199951171875,3648,0.0,0
2021-02-01,3521.050048828125,3659.0,3501.14990234375,3612.89990234375,35699,0.0,0
2021-02-02,3670.0,3703.25,3615.0,3621.550048828125,5520,0.0,0
2021-02-03,3638.85009765625,3695.10009765625,3610.35009765625,3641.199951171875,4741,0.0,0
2021-02-04,3659.199951171875,3686.949951171875,3605.0,3619.800048828125,3376,0.0,0
2021-02-05,3668.0,3668.0,3595.0,3610.85009765625,21114,0.0,0
2021-02-08,3640.0,3750.0,3611.050048828125,3629.10009765625,13884,0.0,0
2021-02-09,3610.0,3663.14990234375,3610.0,3641.800048828125,4366,0.0,0
2021-02-10,3650.89990234375,3658.949951171875,3600.0,3620.0,3538,0.0,0
2021-02-11,3638.10009765625,3660.10009765625,3601.0,3636.800048828125,2437,0.0,0
2021-02-12,3620.89990234375,3679.89990234375,3597.89990234375,3609.5,5367,0.0,0
2021-02-15,3629.199951171875,3629.199951171875,3550.0,3557.60009765625,5408,0.0,0
2021-02-16,3551.0,3649.0,3541.14990234375,3620.5,6309,0.0,0
2021-02-17,3670.0,3680.050048828125,3551.050048828125,3561.85009765625,5791,0.0,0
2021-02-18,3599.0,3667.0,3516.050048828125,3644.550048828125,43619,0.0,0
2021-02-19,3684.0,3684.0,3611.0,3627.050048828125,4652,0.0,0
2021-02-22,3627.10009765625,3627.10009765625,3491.35009765625,3502.5,13579,0.0,0
2021-02-23,3502.5,3539.89990234375,3451.0,3461.60009765625,6027,0.0,0
2021-02-24,3478.949951171875,3499.949951171875,3200.0,3476.800048828125,2975,0.0,0
2021-02-25,3481.300048828125,3493.25,3451.0,3477.64990234375,3626,0.0,0
2021-02-26,3455.0,3494.949951171875,3421.0,3430.949951171875,5673,0.0,0
2021-03-01,3412.050048828125,3491.199951171875,3412.050048828125,3430.550048828125,24903,0.0,0
2021-03-02,3475.0,3475.050048828125,3428.85009765625,3433.699951171875,27702,0.0,0
2021-03-03,3459.949951171875,3469.949951171875,3428.0,3449.0,4778,0.0,0
2021-03-04,3477.0,3545.0,3440.0,3483.25,5176,0.0,0
2021-03-05,3470.0,3516.949951171875,3455.0,3464.10009765625,4358,0.0,0
2021-03-08,3498.300048828125,3500.0,3444.300048828125,3451.699951171875,3313,0.0,0
2021-03-09,3450.0,3479.949951171875,3420.050048828125,3435.0,6107,0.0,0
2021-03-10,3440.0,3477.0,3425.0,3435.5,3021,0.0,0
2021-03-12,3446.949951171875,3446.949951171875,3410.0,3424.89990234375,4801,0.0,0
2021-03-15,3479.0,3520.949951171875,3390.10009765625,3477.35009765625,8553,0.0,0
2021-03-16,3477.0,3496.949951171875,3452.050048828125,3460.300048828125,2503,0.0,0
2021-03-17,3485.0,3529.5,3356.0,3389.300048828125,4838,0.0,0
2021-03-18,3410.0,3433.449951171875,3343.0,3351.699951171875,3620,0.0,0
2021-03-19,3349.0,3439.800048828125,3284.64990234375,3380.0,8576,0.0,0
2021-03-22,3413.0,3475.89990234375,3376.050048828125,3450.85009765625,5087,0.0,0
2021-03-23,3474.0,3485.949951171875,3400.0,3408.199951171875,5333,0.0,0
2021-03-24,3407.0,3410.14990234375,3330.0,3368.949951171875,5797,0.0,0
2021-03-25,3370.0,3409.699951171875,3325.050048828125,3363.199951171875,2867,0.0,0
2021-03-26,3363.0,3389.550048828125,3320.0,3330.199951171875,3549,0.0,0
2021-03-30,3331.0,3403.0,3315.0,3376.5,6464,0.0,0
2021-03-31,3377.0,3422.35009765625,3320.14990234375,3389.10009765625,7378,0.0,0
2021-04-01,3420.0,3420.0,3336.89990234375,3363.85009765625,3980,0.0,0
2021-04-05,3389.949951171875,3393.60009765625,3280.199951171875,3297.14990234375,6468,0.0,0
2021-04-06,3329.699951171875,3410.0,3310.10009765625,3375.800048828125,5140,0.0,0
2021-04-07,3371.35009765625,3382.39990234375,3350.050048828125,3374.10009765625,3996,0.0,0
2021-04-08,3385.0,3387.14990234375,3360.050048828125,3371.5,2584,0.0,0
2021-04-09,3370.0,3390.0,3350.300048828125,3370.699951171875,4427,0.0,0
2021-04-12,3370.699951171875,3393.550048828125,3300.0,3321.89990234375,5641,0.0,0
2021-04-13,3318.050048828125,3350.89990234375,3295.0,3309.5,3479,0.0,0
2021-04-15,3305.0,3305.0,3252.0,3262.14990234375,3852,0.0,0
2021-04-16,3278.5,3325.0,3222.0,3234.699951171875,11307,0.0,0
2021-04-19,3240.0,3249.0,3180.0,3195.85009765625,4974,0.0,0
2021-04-20,3240.0,3330.449951171875,3197.35009765625,3266.550048828125,7879,0.0,0
2021-04-22,3283.85009765625,3300.0,3240.0,3288.949951171875,3267,0.0,0
2021-04-23,3280.0,3280.699951171875,3243.0,3261.64990234375,3327,0.0,0
2021-04-26,3257.300048828125,3360.25,3240.050048828125,3318.64990234375,8181,0.0,0
2021-04-27,3336.10009765625,3356.0,3294.0,3309.199951171875,9120,0.0,0
2021-04-28,3335.0,3335.0,3277.0,3289.5,7459,0.0,0
2021-04-29,3329.0,3329.0,3199.0,3201.300048828125,20489,0.0,0
2021-04-30,3218.0,3238.0,3196.050048828125,3229.10009765625,3581,0.0,0
2021-05-03,3200.0,3247.0,3194.0,3232.449951171875,5843,0.0,0
2021-05-04,3250.0,3252.35009765625,3186.050048828125,3191.300048828125,7811,0.0,0
2021-05-05,3234.0,3234.0,3149.949951171875,3165.85009765625,8613,0.0,0
2021-05-06,3165.85009765625,3196.35009765625,3150.0,3157.800048828125,6553,0.0,0
2021-05-07,3189.0,3189.0,3140.0,3150.199951171875,6014,0.0,0
2021-05-10,3150.0,3208.89990234375,3141.64990234375,3173.60009765625,7576,0.0,0
2021-05-11,3189.5,3222.0,3170.0,3188.75,6523,0.0,0
2021-05-12,3199.800048828125,3206.699951171875,3177.0,3190.35009765625,2304,0.0,0
